,Dates,Country,Market Name,Currency,Exchange_Rate
0,2026-01-01,Afghanistan,Badakhshan,AFN,66.0
2,2026-03-01,Afghanistan,Badakhshan,AFN,64.27
4,2026-01-01,Afghanistan,Badghis,AFN,66.0
5,2026-02-01,Afghanistan,Badghis,AFN,64.07
6,2026-03-01,Afghanistan,Badghis,AFN,64.95
8,2026-01-01,Afghanistan,Baghlan,AFN,66.48
9,2026-02-01,Afghanistan,Baghlan,AFN,64.14
10,2026-03-01,Afghanistan,Baghlan,AFN,64.27
12,2026-01-01,Afghanistan,Balkh,AFN,66.26
13,2026-02-01,Afghanistan,Balkh,AFN,64.32
16,2026-01-01,Afghanistan,Bamyan,AFN,66.0
17,2026-02-01,Afghanistan,Bamyan,AFN,65.07
18,2026-03-01,Afghanistan,Bamyan,AFN,64.95
20,2026-01-01,Afghanistan,Daykundi,AFN,66.48
21,2026-02-01,Afghanistan,Daykundi,AFN,64.39
22,2026-03-01,Afghanistan,Daykundi,AFN,64.91
24,2026-01-01,Afghanistan,Farah,AFN,66.26
25,2026-02-01,Afghanistan,Farah,AFN,63.86
26,2026-03-01,Afghanistan,Farah,AFN,64.59
29,2026-02-01,Afghanistan,Faryab,AFN,63.86
30,2026-03-01,Afghanistan,Faryab,AFN,64.27
40,2026-01-01,Afghanistan,Ghazni,AFN,66.0
41,2026-02-01,Afghanistan,Ghazni,AFN,63.82
42,2026-03-01,Afghanistan,Ghazni,AFN,64.95
44,2026-01-01,Afghanistan,Ghor,AFN,66.52
45,2026-02-01,Afghanistan,Ghor,AFN,63.86
46,2026-03-01,Afghanistan,Ghor,AFN,64.91
49,2026-02-01,Afghanistan,Hilmand,AFN,64.11
53,2026-02-01,Afghanistan,Hirat,AFN,64.11
54,2026-03-01,Afghanistan,Hirat,AFN,64.91
60,2026-01-01,Afghanistan,Jawzjan,AFN,66.0
61,2026-02-01,Afghanistan,Jawzjan,AFN,63.86
62,2026-03-01,Afghanistan,Jawzjan,AFN,64.27
64,2026-01-01,Afghanistan,Kabul,AFN,66.0
65,2026-02-01,Afghanistan,Kabul,AFN,64.07
66,2026-03-01,Afghanistan,Kabul,AFN,64.32
68,2026-01-01,Afghanistan,Kandahar,AFN,66.26
69,2026-02-01,Afghanistan,Kandahar,AFN,64.57
70,2026-03-01,Afghanistan,Kandahar,AFN,64.32
73,2026-02-01,Afghanistan,Kapisa,AFN,64.11
74,2026-03-01,Afghanistan,Kapisa,AFN,63.64
76,2026-01-01,Afghanistan,Khost,AFN,66.0
77,2026-02-01,Afghanistan,Khost,AFN,63.86
78,2026-03-01,Afghanistan,Khost,AFN,64.91
80,2026-01-01,Afghanistan,Kunar,AFN,66.26
81,2026-02-01,Afghanistan,Kunar,AFN,64.61
82,2026-03-01,Afghanistan,Kunar,AFN,64.27
84,2026-01-01,Afghanistan,Kunduz,AFN,66.22
85,2026-02-01,Afghanistan,Kunduz,AFN,64.11
86,2026-03-01,Afghanistan,Kunduz,AFN,64.64
88,2026-01-01,Afghanistan,Laghman,AFN,66.26
89,2026-02-01,Afghanistan,Laghman,AFN,64.36
90,2026-03-01,Afghanistan,Laghman,AFN,64.91
93,2026-02-01,Afghanistan,Logar,AFN,64.61
94,2026-03-01,Afghanistan,Logar,AFN,64.59
96,2026-01-01,Afghanistan,Maidan Wardak,AFN,66.0
97,2026-02-01,Afghanistan,Maidan Wardak,AFN,64.07
98,2026-03-01,Afghanistan,Maidan Wardak,AFN,64.95
108,2026-01-01,Afghanistan,Nangarhar,AFN,66.26
109,2026-02-01,Afghanistan,Nangarhar,AFN,64.11
110,2026-03-01,Afghanistan,Nangarhar,AFN,64.91
116,2026-01-01,Afghanistan,Nimroz,AFN,66.48
117,2026-02-01,Afghanistan,Nimroz,AFN,64.36
118,2026-03-01,Afghanistan,Nimroz,AFN,64.64
124,2026-01-01,Afghanistan,Paktika,AFN,66.0
126,2026-03-01,Afghanistan,Paktika,AFN,64.91
128,2026-01-01,Afghanistan,Paktya,AFN,66.26
129,2026-02-01,Afghanistan,Paktya,AFN,64.61
130,2026-03-01,Afghanistan,Paktya,AFN,64.91
132,2026-01-01,Afghanistan,Panjsher,AFN,66.0
133,2026-02-01,Afghanistan,Panjsher,AFN,63.86
134,2026-03-01,Afghanistan,Panjsher,AFN,63.95
136,2026-01-01,Afghanistan,Parwan,AFN,66.0
138,2026-03-01,Afghanistan,Parwan,AFN,63.95
140,2026-01-01,Afghanistan,Samangan,AFN,66.0
141,2026-02-01,Afghanistan,Samangan,AFN,64.11
144,2026-01-01,Afghanistan,Sar-e-Pul,AFN,66.0
145,2026-02-01,Afghanistan,Sar-e-Pul,AFN,63.86
146,2026-03-01,Afghanistan,Sar-e-Pul,AFN,65.23
148,2026-01-01,Afghanistan,Takhar,AFN,66.26
149,2026-02-01,Afghanistan,Takhar,AFN,63.57
150,2026-03-01,Afghanistan,Takhar,AFN,64.95
152,2026-01-01,Afghanistan,Uruzgan,AFN,66.26
153,2026-02-01,Afghanistan,Uruzgan,AFN,64.61
156,2026-01-01,Afghanistan,Zabul,AFN,66.48
157,2026-02-01,Afghanistan,Zabul,AFN,63.89
158,2026-03-01,Afghanistan,Zabul,AFN,64.27
160,2026-01-01,Afghanistan,Market Average,AFN,66.0
162,2026-03-01,Afghanistan,Market Average,AFN,64.27
164,2026-01-01,Armenia,Armavir,AMD,379.98
165,2026-02-01,Armenia,Armavir,AMD,377.55
166,2026-03-01,Armenia,Armavir,AMD,377.2
167,2026-04-01,Armenia,Armavir,AMD,377.24
168,2026-01-01,Armenia,Artashat,AMD,379.98
169,2026-02-01,Armenia,Artashat,AMD,377.55
170,2026-03-01,Armenia,Artashat,AMD,377.2
171,2026-04-01,Armenia,Artashat,AMD,377.24
172,2026-01-01,Armenia,Ashtarak,AMD,379.98
173,2026-02-01,Armenia,Ashtarak,AMD,377.55
174,2026-03-01,Armenia,Ashtarak,AMD,377.2
175,2026-04-01,Armenia,Ashtarak,AMD,377.24
176,2026-01-01,Armenia,Berd,AMD,379.98
177,2026-02-01,Armenia,Berd,AMD,377.55
178,2026-03-01,Armenia,Berd,AMD,377.2
179,2026-04-01,Armenia,Berd,AMD,377.24
180,2026-01-01,Armenia,Gavar,AMD,379.98
181,2026-02-01,Armenia,Gavar,AMD,377.55
182,2026-03-01,Armenia,Gavar,AMD,377.2
183,2026-04-01,Armenia,Gavar,AMD,377.24
184,2026-01-01,Armenia,Gyumri,AMD,379.98
185,2026-02-01,Armenia,Gyumri,AMD,377.55
186,2026-03-01,Armenia,Gyumri,AMD,377.2
187,2026-04-01,Armenia,Gyumri,AMD,377.24
188,2026-01-01,Armenia,Hrazdan,AMD,379.98
189,2026-02-01,Armenia,Hrazdan,AMD,377.55
190,2026-03-01,Armenia,Hrazdan,AMD,377.2
191,2026-04-01,Armenia,Hrazdan,AMD,377.24
192,2026-01-01,Armenia,Ijevan,AMD,379.98
193,2026-02-01,Armenia,Ijevan,AMD,377.55
194,2026-03-01,Armenia,Ijevan,AMD,377.2
195,2026-04-01,Armenia,Ijevan,AMD,377.24
196,2026-01-01,Armenia,Kapan,AMD,379.98
197,2026-02-01,Armenia,Kapan,AMD,377.55
198,2026-03-01,Armenia,Kapan,AMD,377.2
199,2026-04-01,Armenia,Kapan,AMD,377.24
200,2026-01-01,Armenia,Vagharshapat,AMD,379.98
201,2026-02-01,Armenia,Vagharshapat,AMD,377.55
202,2026-03-01,Armenia,Vagharshapat,AMD,377.2
203,2026-04-01,Armenia,Vagharshapat,AMD,377.24
204,2026-01-01,Armenia,Vanadzor,AMD,379.98
205,2026-02-01,Armenia,Vanadzor,AMD,377.55
206,2026-03-01,Armenia,Vanadzor,AMD,377.2
207,2026-04-01,Armenia,Vanadzor,AMD,377.24
208,2026-01-01,Armenia,Yeghegnadzor,AMD,379.98
209,2026-02-01,Armenia,Yeghegnadzor,AMD,377.55
210,2026-03-01,Armenia,Yeghegnadzor,AMD,377.2
211,2026-04-01,Armenia,Yeghegnadzor,AMD,377.24
212,2026-01-01,Armenia,Yerevan,AMD,379.98
213,2026-02-01,Armenia,Yerevan,AMD,377.55
214,2026-03-01,Armenia,Yerevan,AMD,377.2
215,2026-04-01,Armenia,Yerevan,AMD,377.24
216,2026-01-01,Armenia,Market Average,AMD,379.98
217,2026-02-01,Armenia,Market Average,AMD,377.55
218,2026-03-01,Armenia,Market Average,AMD,377.2
219,2026-04-01,Armenia,Market Average,AMD,377.24
220,2026-01-01,Burundi,Bandaga,BIF,2940.68
221,2026-02-01,Burundi,Bandaga,BIF,2963.53
222,2026-03-01,Burundi,Bandaga,BIF,2968.76
223,2026-04-01,Burundi,Bandaga,BIF,2981.52
224,2026-01-01,Burundi,Biyogwa,BIF,2940.68
225,2026-02-01,Burundi,Biyogwa,BIF,2963.53
226,2026-03-01,Burundi,Biyogwa,BIF,2968.76
227,2026-04-01,Burundi,Biyogwa,BIF,2981.52
228,2026-01-01,Burundi,Biyorwa,BIF,2940.68
229,2026-02-01,Burundi,Biyorwa,BIF,2963.53
230,2026-03-01,Burundi,Biyorwa,BIF,2968.76
231,2026-04-01,Burundi,Biyorwa,BIF,2981.52
232,2026-01-01,Burundi,Bubanza,BIF,2940.68
233,2026-02-01,Burundi,Bubanza,BIF,2963.53
234,2026-03-01,Burundi,Bubanza,BIF,2968.76
235,2026-04-01,Burundi,Bubanza,BIF,2981.52
236,2026-01-01,Burundi,Buhiga,BIF,2940.68
237,2026-02-01,Burundi,Buhiga,BIF,2963.53
238,2026-03-01,Burundi,Buhiga,BIF,2968.76
239,2026-04-01,Burundi,Buhiga,BIF,2981.52
240,2026-01-01,Burundi,Bujumbura,BIF,2940.68
241,2026-02-01,Burundi,Bujumbura,BIF,2963.53
242,2026-03-01,Burundi,Bujumbura,BIF,2968.76
243,2026-04-01,Burundi,Bujumbura,BIF,2981.52
244,2026-01-01,Burundi,Bujumbura (FAO location),BIF,2940.68
245,2026-02-01,Burundi,Bujumbura (FAO location),BIF,2963.53
246,2026-03-01,Burundi,Bujumbura (FAO location),BIF,2968.76
247,2026-04-01,Burundi,Bujumbura (FAO location),BIF,2981.52
248,2026-01-01,Burundi,Bukeye,BIF,2940.68
249,2026-02-01,Burundi,Bukeye,BIF,2963.53
250,2026-03-01,Burundi,Bukeye,BIF,2968.76
251,2026-04-01,Burundi,Bukeye,BIF,2981.52
252,2026-01-01,Burundi,Bukirasazi,BIF,2940.68
253,2026-02-01,Burundi,Bukirasazi,BIF,2963.53
254,2026-03-01,Burundi,Bukirasazi,BIF,2968.76
255,2026-04-01,Burundi,Bukirasazi,BIF,2981.52
256,2026-01-01,Burundi,Burambi,BIF,2940.68
257,2026-02-01,Burundi,Burambi,BIF,2963.53
258,2026-03-01,Burundi,Burambi,BIF,2968.76
259,2026-04-01,Burundi,Burambi,BIF,2981.52
260,2026-01-01,Burundi,Bururi,BIF,2940.68
261,2026-02-01,Burundi,Bururi,BIF,2963.53
262,2026-03-01,Burundi,Bururi,BIF,2968.76
263,2026-04-01,Burundi,Bururi,BIF,2981.52
264,2026-01-01,Burundi,Busoni,BIF,2940.68
265,2026-02-01,Burundi,Busoni,BIF,2963.53
266,2026-03-01,Burundi,Busoni,BIF,2968.76
267,2026-04-01,Burundi,Busoni,BIF,2981.52
268,2026-01-01,Burundi,Buyengero,BIF,2940.68
269,2026-02-01,Burundi,Buyengero,BIF,2963.53
270,2026-03-01,Burundi,Buyengero,BIF,2968.76
271,2026-04-01,Burundi,Buyengero,BIF,2981.52
272,2026-01-01,Burundi,Cankuzo,BIF,2940.68
273,2026-02-01,Burundi,Cankuzo,BIF,2963.53
274,2026-03-01,Burundi,Cankuzo,BIF,2968.76
275,2026-04-01,Burundi,Cankuzo,BIF,2981.52
276,2026-01-01,Burundi,Chez Siyoni,BIF,2940.68
277,2026-02-01,Burundi,Chez Siyoni,BIF,2963.53
278,2026-03-01,Burundi,Chez Siyoni,BIF,2968.76
279,2026-04-01,Burundi,Chez Siyoni,BIF,2981.52
280,2026-01-01,Burundi,Cibitoke,BIF,2940.68
281,2026-02-01,Burundi,Cibitoke,BIF,2963.53
282,2026-03-01,Burundi,Cibitoke,BIF,2968.76
283,2026-04-01,Burundi,Cibitoke,BIF,2981.52
284,2026-01-01,Burundi,Gasenyi,BIF,2940.68
285,2026-02-01,Burundi,Gasenyi,BIF,2963.53
286,2026-03-01,Burundi,Gasenyi,BIF,2968.76
287,2026-04-01,Burundi,Gasenyi,BIF,2981.52
288,2026-01-01,Burundi,Gasorwe,BIF,2940.68
289,2026-02-01,Burundi,Gasorwe,BIF,2963.53
290,2026-03-01,Burundi,Gasorwe,BIF,2968.76
291,2026-04-01,Burundi,Gasorwe,BIF,2981.52
292,2026-01-01,Burundi,Gatabo,BIF,2940.68
293,2026-02-01,Burundi,Gatabo,BIF,2963.53
294,2026-03-01,Burundi,Gatabo,BIF,2968.76
295,2026-04-01,Burundi,Gatabo,BIF,2981.52
296,2026-01-01,Burundi,Gihamagara,BIF,2940.68
297,2026-02-01,Burundi,Gihamagara,BIF,2963.53
298,2026-03-01,Burundi,Gihamagara,BIF,2968.76
299,2026-04-01,Burundi,Gihamagara,BIF,2981.52
300,2026-01-01,Burundi,Giharo,BIF,2940.68
301,2026-02-01,Burundi,Giharo,BIF,2963.53
302,2026-03-01,Burundi,Giharo,BIF,2968.76
303,2026-04-01,Burundi,Giharo,BIF,2981.52
304,2026-01-01,Burundi,Gihogazi,BIF,2940.68
305,2026-02-01,Burundi,Gihogazi,BIF,2963.53
306,2026-03-01,Burundi,Gihogazi,BIF,2968.76
307,2026-04-01,Burundi,Gihogazi,BIF,2981.52
308,2026-01-01,Burundi,Gisuru,BIF,2940.68
309,2026-02-01,Burundi,Gisuru,BIF,2963.53
310,2026-03-01,Burundi,Gisuru,BIF,2968.76
311,2026-04-01,Burundi,Gisuru,BIF,2981.52
312,2026-01-01,Burundi,Gitaza,BIF,2940.68
313,2026-02-01,Burundi,Gitaza,BIF,2963.53
314,2026-03-01,Burundi,Gitaza,BIF,2968.76
315,2026-04-01,Burundi,Gitaza,BIF,2981.52
316,2026-01-01,Burundi,Gitega,BIF,2940.68
317,2026-02-01,Burundi,Gitega,BIF,2963.53
318,2026-03-01,Burundi,Gitega,BIF,2968.76
319,2026-04-01,Burundi,Gitega,BIF,2981.52
320,2026-01-01,Burundi,Gitega Centre,BIF,2940.68
321,2026-02-01,Burundi,Gitega Centre,BIF,2963.53
322,2026-03-01,Burundi,Gitega Centre,BIF,2968.76
323,2026-04-01,Burundi,Gitega Centre,BIF,2981.52
324,2026-01-01,Burundi,Giteranyi,BIF,2940.68
325,2026-02-01,Burundi,Giteranyi,BIF,2963.53
326,2026-03-01,Burundi,Giteranyi,BIF,2968.76
327,2026-04-01,Burundi,Giteranyi,BIF,2981.52
328,2026-01-01,Burundi,Gitobe,BIF,2940.68
329,2026-02-01,Burundi,Gitobe,BIF,2963.53
330,2026-03-01,Burundi,Gitobe,BIF,2968.76
331,2026-04-01,Burundi,Gitobe,BIF,2981.52
332,2026-01-01,Burundi,Jene,BIF,2940.68
333,2026-02-01,Burundi,Jene,BIF,2963.53
334,2026-03-01,Burundi,Jene,BIF,2968.76
335,2026-04-01,Burundi,Jene,BIF,2981.52
336,2026-01-01,Burundi,Kamenge,BIF,2940.68
337,2026-02-01,Burundi,Kamenge,BIF,2963.53
338,2026-03-01,Burundi,Kamenge,BIF,2968.76
339,2026-04-01,Burundi,Kamenge,BIF,2981.52
340,2026-01-01,Burundi,Kanyosha,BIF,2940.68
341,2026-02-01,Burundi,Kanyosha,BIF,2963.53
342,2026-03-01,Burundi,Kanyosha,BIF,2968.76
343,2026-04-01,Burundi,Kanyosha,BIF,2981.52
344,2026-01-01,Burundi,Kayanza,BIF,2940.68
345,2026-02-01,Burundi,Kayanza,BIF,2963.53
346,2026-03-01,Burundi,Kayanza,BIF,2968.76
347,2026-04-01,Burundi,Kayanza,BIF,2981.52
348,2026-01-01,Burundi,Kayero,BIF,2940.68
349,2026-02-01,Burundi,Kayero,BIF,2963.53
350,2026-03-01,Burundi,Kayero,BIF,2968.76
351,2026-04-01,Burundi,Kayero,BIF,2981.52
352,2026-01-01,Burundi,Kayogoro,BIF,2940.68
353,2026-02-01,Burundi,Kayogoro,BIF,2963.53
354,2026-03-01,Burundi,Kayogoro,BIF,2968.76
355,2026-04-01,Burundi,Kayogoro,BIF,2981.52
356,2026-01-01,Burundi,Kayongozi,BIF,2940.68
357,2026-02-01,Burundi,Kayongozi,BIF,2963.53
358,2026-03-01,Burundi,Kayongozi,BIF,2968.76
359,2026-04-01,Burundi,Kayongozi,BIF,2981.52
360,2026-01-01,Burundi,Kigamba,BIF,2940.68
361,2026-02-01,Burundi,Kigamba,BIF,2963.53
362,2026-03-01,Burundi,Kigamba,BIF,2968.76
363,2026-04-01,Burundi,Kigamba,BIF,2981.52
364,2026-01-01,Burundi,Kinama,BIF,2940.68
365,2026-02-01,Burundi,Kinama,BIF,2963.53
366,2026-03-01,Burundi,Kinama,BIF,2968.76
367,2026-04-01,Burundi,Kinama,BIF,2981.52
368,2026-01-01,Burundi,Kinyinya,BIF,2940.68
369,2026-02-01,Burundi,Kinyinya,BIF,2963.53
370,2026-03-01,Burundi,Kinyinya,BIF,2968.76
371,2026-04-01,Burundi,Kinyinya,BIF,2981.52
372,2026-01-01,Burundi,Kirehe,BIF,2940.68
373,2026-02-01,Burundi,Kirehe,BIF,2963.53
374,2026-03-01,Burundi,Kirehe,BIF,2968.76
375,2026-04-01,Burundi,Kirehe,BIF,2981.52
376,2026-01-01,Burundi,Kirundo,BIF,2940.68
377,2026-02-01,Burundi,Kirundo,BIF,2963.53
378,2026-03-01,Burundi,Kirundo,BIF,2968.76
379,2026-04-01,Burundi,Kirundo,BIF,2981.52
380,2026-01-01,Burundi,Kivyuka,BIF,2940.68
381,2026-02-01,Burundi,Kivyuka,BIF,2963.53
382,2026-03-01,Burundi,Kivyuka,BIF,2968.76
383,2026-04-01,Burundi,Kivyuka,BIF,2981.52
384,2026-01-01,Burundi,Kobero,BIF,2940.68
385,2026-02-01,Burundi,Kobero,BIF,2963.53
386,2026-03-01,Burundi,Kobero,BIF,2968.76
387,2026-04-01,Burundi,Kobero,BIF,2981.52
388,2026-01-01,Burundi,Mabanda,BIF,2940.68
389,2026-02-01,Burundi,Mabanda,BIF,2963.53
390,2026-03-01,Burundi,Mabanda,BIF,2968.76
391,2026-04-01,Burundi,Mabanda,BIF,2981.52
392,2026-01-01,Burundi,Mabayi,BIF,2940.68
393,2026-02-01,Burundi,Mabayi,BIF,2963.53
394,2026-03-01,Burundi,Mabayi,BIF,2968.76
395,2026-04-01,Burundi,Mabayi,BIF,2981.52
396,2026-01-01,Burundi,Makamba,BIF,2940.68
397,2026-02-01,Burundi,Makamba,BIF,2963.53
398,2026-03-01,Burundi,Makamba,BIF,2968.76
399,2026-04-01,Burundi,Makamba,BIF,2981.52
400,2026-01-01,Burundi,Marangara,BIF,2940.68
401,2026-02-01,Burundi,Marangara,BIF,2963.53
402,2026-03-01,Burundi,Marangara,BIF,2968.76
403,2026-04-01,Burundi,Marangara,BIF,2981.52
404,2026-01-01,Burundi,Masanganzira,BIF,2940.68
405,2026-02-01,Burundi,Masanganzira,BIF,2963.53
406,2026-03-01,Burundi,Masanganzira,BIF,2968.76
407,2026-04-01,Burundi,Masanganzira,BIF,2981.52
408,2026-01-01,Burundi,Matana,BIF,2940.68
409,2026-02-01,Burundi,Matana,BIF,2963.53
410,2026-03-01,Burundi,Matana,BIF,2968.76
411,2026-04-01,Burundi,Matana,BIF,2981.52
412,2026-01-01,Burundi,Mihigo,BIF,2940.68
413,2026-02-01,Burundi,Mihigo,BIF,2963.53
414,2026-03-01,Burundi,Mihigo,BIF,2968.76
415,2026-04-01,Burundi,Mihigo,BIF,2981.52
416,2026-01-01,Burundi,Mishiha,BIF,2940.68
417,2026-02-01,Burundi,Mishiha,BIF,2963.53
418,2026-03-01,Burundi,Mishiha,BIF,2968.76
419,2026-04-01,Burundi,Mishiha,BIF,2981.52
420,2026-01-01,Burundi,Muhanga,BIF,2940.68
421,2026-02-01,Burundi,Muhanga,BIF,2963.53
422,2026-03-01,Burundi,Muhanga,BIF,2968.76
423,2026-04-01,Burundi,Muhanga,BIF,2981.52
424,2026-01-01,Burundi,Mukenke,BIF,2940.68
425,2026-02-01,Burundi,Mukenke,BIF,2963.53
426,2026-03-01,Burundi,Mukenke,BIF,2968.76
427,2026-04-01,Burundi,Mukenke,BIF,2981.52
428,2026-01-01,Burundi,Muramvya,BIF,2940.68
429,2026-02-01,Burundi,Muramvya,BIF,2963.53
430,2026-03-01,Burundi,Muramvya,BIF,2968.76
431,2026-04-01,Burundi,Muramvya,BIF,2981.52
432,2026-01-01,Burundi,Musenyi,BIF,2940.68
433,2026-02-01,Burundi,Musenyi,BIF,2963.53
434,2026-03-01,Burundi,Musenyi,BIF,2968.76
435,2026-04-01,Burundi,Musenyi,BIF,2981.52
436,2026-01-01,Burundi,Mutaho,BIF,2940.68
437,2026-02-01,Burundi,Mutaho,BIF,2963.53
438,2026-03-01,Burundi,Mutaho,BIF,2968.76
439,2026-04-01,Burundi,Mutaho,BIF,2981.52
440,2026-01-01,Burundi,Muyange,BIF,2940.68
441,2026-02-01,Burundi,Muyange,BIF,2963.53
442,2026-03-01,Burundi,Muyange,BIF,2968.76
443,2026-04-01,Burundi,Muyange,BIF,2981.52
444,2026-01-01,Burundi,Muyinga,BIF,2940.68
445,2026-02-01,Burundi,Muyinga,BIF,2963.53
446,2026-03-01,Burundi,Muyinga,BIF,2968.76
447,2026-04-01,Burundi,Muyinga,BIF,2981.52
448,2026-01-01,Burundi,Muzinda,BIF,2940.68
449,2026-02-01,Burundi,Muzinda,BIF,2963.53
450,2026-03-01,Burundi,Muzinda,BIF,2968.76
451,2026-04-01,Burundi,Muzinda,BIF,2981.52
452,2026-01-01,Burundi,Mwakiro,BIF,2940.68
453,2026-02-01,Burundi,Mwakiro,BIF,2963.53
454,2026-03-01,Burundi,Mwakiro,BIF,2968.76
455,2026-04-01,Burundi,Mwakiro,BIF,2981.52
456,2026-01-01,Burundi,Mwaro,BIF,2940.68
457,2026-02-01,Burundi,Mwaro,BIF,2963.53
458,2026-03-01,Burundi,Mwaro,BIF,2968.76
459,2026-04-01,Burundi,Mwaro,BIF,2981.52
460,2026-01-01,Burundi,Ngozi,BIF,2940.68
461,2026-02-01,Burundi,Ngozi,BIF,2963.53
462,2026-03-01,Burundi,Ngozi,BIF,2968.76
463,2026-04-01,Burundi,Ngozi,BIF,2981.52
464,2026-01-01,Burundi,Nyabihanga,BIF,2940.68
465,2026-02-01,Burundi,Nyabihanga,BIF,2963.53
466,2026-03-01,Burundi,Nyabihanga,BIF,2968.76
467,2026-04-01,Burundi,Nyabihanga,BIF,2981.52
468,2026-01-01,Burundi,Nyabikere,BIF,2940.68
469,2026-02-01,Burundi,Nyabikere,BIF,2963.53
470,2026-03-01,Burundi,Nyabikere,BIF,2968.76
471,2026-04-01,Burundi,Nyabikere,BIF,2981.52
472,2026-01-01,Burundi,Nyagasasa,BIF,2940.68
473,2026-02-01,Burundi,Nyagasasa,BIF,2963.53
474,2026-03-01,Burundi,Nyagasasa,BIF,2968.76
475,2026-04-01,Burundi,Nyagasasa,BIF,2981.52
476,2026-01-01,Burundi,Rubaho,BIF,2940.68
477,2026-02-01,Burundi,Rubaho,BIF,2963.53
478,2026-03-01,Burundi,Rubaho,BIF,2968.76
479,2026-04-01,Burundi,Rubaho,BIF,2981.52
480,2026-01-01,Burundi,Rugombo,BIF,2940.68
481,2026-02-01,Burundi,Rugombo,BIF,2963.53
482,2026-03-01,Burundi,Rugombo,BIF,2968.76
483,2026-04-01,Burundi,Rugombo,BIF,2981.52
484,2026-01-01,Burundi,Ruhehe,BIF,2940.68
485,2026-02-01,Burundi,Ruhehe,BIF,2963.53
486,2026-03-01,Burundi,Ruhehe,BIF,2968.76
487,2026-04-01,Burundi,Ruhehe,BIF,2981.52
488,2026-01-01,Burundi,Rumonge,BIF,2940.68
489,2026-02-01,Burundi,Rumonge,BIF,2963.53
490,2026-03-01,Burundi,Rumonge,BIF,2968.76
491,2026-04-01,Burundi,Rumonge,BIF,2981.52
492,2026-01-01,Burundi,Rusaka,BIF,2940.68
493,2026-02-01,Burundi,Rusaka,BIF,2963.53
494,2026-03-01,Burundi,Rusaka,BIF,2968.76
495,2026-04-01,Burundi,Rusaka,BIF,2981.52
496,2026-01-01,Burundi,Rutana,BIF,2940.68
497,2026-02-01,Burundi,Rutana,BIF,2963.53
498,2026-03-01,Burundi,Rutana,BIF,2968.76
499,2026-04-01,Burundi,Rutana,BIF,2981.52
500,2026-01-01,Burundi,Ruyigi,BIF,2940.68
501,2026-02-01,Burundi,Ruyigi,BIF,2963.53
502,2026-03-01,Burundi,Ruyigi,BIF,2968.76
503,2026-04-01,Burundi,Ruyigi,BIF,2981.52
504,2026-01-01,Burundi,Rwibaga,BIF,2940.68
505,2026-02-01,Burundi,Rwibaga,BIF,2963.53
506,2026-03-01,Burundi,Rwibaga,BIF,2968.76
507,2026-04-01,Burundi,Rwibaga,BIF,2981.52
508,2026-01-01,Burundi,Twinkwavu,BIF,2940.68
509,2026-02-01,Burundi,Twinkwavu,BIF,2963.53
510,2026-03-01,Burundi,Twinkwavu,BIF,2968.76
511,2026-04-01,Burundi,Twinkwavu,BIF,2981.52
512,2026-01-01,Burundi,Wimpfizi,BIF,2940.68
513,2026-02-01,Burundi,Wimpfizi,BIF,2963.53
514,2026-03-01,Burundi,Wimpfizi,BIF,2968.76
515,2026-04-01,Burundi,Wimpfizi,BIF,2981.52
516,2026-01-01,Burundi,Market Average,BIF,2940.68
517,2026-02-01,Burundi,Market Average,BIF,2963.53
518,2026-03-01,Burundi,Market Average,BIF,2968.76
519,2026-04-01,Burundi,Market Average,BIF,2981.52
520,2026-01-01,Burkina Faso,Arbinda,XOF,558.82
521,2026-02-01,Burkina Faso,Arbinda,XOF,554.77
522,2026-03-01,Burkina Faso,Arbinda,XOF,567.41
523,2026-04-01,Burkina Faso,Arbinda,XOF,570.91
524,2026-01-01,Burkina Faso,Banfora,XOF,558.82
525,2026-02-01,Burkina Faso,Banfora,XOF,554.77
526,2026-03-01,Burkina Faso,Banfora,XOF,567.41
527,2026-04-01,Burkina Faso,Banfora,XOF,570.91
528,2026-01-01,Burkina Faso,Batié,XOF,558.82
529,2026-02-01,Burkina Faso,Batié,XOF,554.77
530,2026-03-01,Burkina Faso,Batié,XOF,567.41
531,2026-04-01,Burkina Faso,Batié,XOF,570.91
532,2026-01-01,Burkina Faso,Bogandé,XOF,558.82
533,2026-02-01,Burkina Faso,Bogandé,XOF,554.77
534,2026-03-01,Burkina Faso,Bogandé,XOF,567.41
535,2026-04-01,Burkina Faso,Bogandé,XOF,570.91
536,2026-01-01,Burkina Faso,Boromo,XOF,558.82
537,2026-02-01,Burkina Faso,Boromo,XOF,554.77
538,2026-03-01,Burkina Faso,Boromo,XOF,567.41
539,2026-04-01,Burkina Faso,Boromo,XOF,570.91
540,2026-01-01,Burkina Faso,Boulsa,XOF,558.82
541,2026-02-01,Burkina Faso,Boulsa,XOF,554.77
542,2026-03-01,Burkina Faso,Boulsa,XOF,567.41
543,2026-04-01,Burkina Faso,Boulsa,XOF,570.91
544,2026-01-01,Burkina Faso,Bousse,XOF,558.82
545,2026-02-01,Burkina Faso,Bousse,XOF,554.77
546,2026-03-01,Burkina Faso,Bousse,XOF,567.41
547,2026-04-01,Burkina Faso,Bousse,XOF,570.91
548,2026-01-01,Burkina Faso,Dano,XOF,558.82
549,2026-02-01,Burkina Faso,Dano,XOF,554.77
550,2026-03-01,Burkina Faso,Dano,XOF,567.41
551,2026-04-01,Burkina Faso,Dano,XOF,570.91
552,2026-01-01,Burkina Faso,Dedougou,XOF,558.82
553,2026-02-01,Burkina Faso,Dedougou,XOF,554.77
554,2026-03-01,Burkina Faso,Dedougou,XOF,567.41
555,2026-04-01,Burkina Faso,Dedougou,XOF,570.91
556,2026-01-01,Burkina Faso,Diapaga,XOF,558.82
557,2026-02-01,Burkina Faso,Diapaga,XOF,554.77
558,2026-03-01,Burkina Faso,Diapaga,XOF,567.41
559,2026-04-01,Burkina Faso,Diapaga,XOF,570.91
560,2026-01-01,Burkina Faso,Diebougou,XOF,558.82
561,2026-02-01,Burkina Faso,Diebougou,XOF,554.77
562,2026-03-01,Burkina Faso,Diebougou,XOF,567.41
563,2026-04-01,Burkina Faso,Diebougou,XOF,570.91
564,2026-01-01,Burkina Faso,Djibasso,XOF,558.82
565,2026-02-01,Burkina Faso,Djibasso,XOF,554.77
566,2026-03-01,Burkina Faso,Djibasso,XOF,567.41
567,2026-04-01,Burkina Faso,Djibasso,XOF,570.91
568,2026-01-01,Burkina Faso,Djibo,XOF,558.82
569,2026-02-01,Burkina Faso,Djibo,XOF,554.77
570,2026-03-01,Burkina Faso,Djibo,XOF,567.41
571,2026-04-01,Burkina Faso,Djibo,XOF,570.91
572,2026-01-01,Burkina Faso,Dori,XOF,558.82
573,2026-02-01,Burkina Faso,Dori,XOF,554.77
574,2026-03-01,Burkina Faso,Dori,XOF,567.41
575,2026-04-01,Burkina Faso,Dori,XOF,570.91
576,2026-01-01,Burkina Faso,Douna,XOF,558.82
577,2026-02-01,Burkina Faso,Douna,XOF,554.77
578,2026-03-01,Burkina Faso,Douna,XOF,567.41
579,2026-04-01,Burkina Faso,Douna,XOF,570.91
580,2026-01-01,Burkina Faso,Fada N'Gourma,XOF,558.82
581,2026-02-01,Burkina Faso,Fada N'Gourma,XOF,554.77
582,2026-03-01,Burkina Faso,Fada N'Gourma,XOF,567.41
583,2026-04-01,Burkina Faso,Fada N'Gourma,XOF,570.91
584,2026-01-01,Burkina Faso,Fara,XOF,558.82
585,2026-02-01,Burkina Faso,Fara,XOF,554.77
586,2026-03-01,Burkina Faso,Fara,XOF,567.41
587,2026-04-01,Burkina Faso,Fara,XOF,570.91
588,2026-01-01,Burkina Faso,Faramana,XOF,558.82
589,2026-02-01,Burkina Faso,Faramana,XOF,554.77
590,2026-03-01,Burkina Faso,Faramana,XOF,567.41
591,2026-04-01,Burkina Faso,Faramana,XOF,570.91
592,2026-01-01,Burkina Faso,Founza,XOF,558.82
593,2026-02-01,Burkina Faso,Founza,XOF,554.77
594,2026-03-01,Burkina Faso,Founza,XOF,567.41
595,2026-04-01,Burkina Faso,Founza,XOF,570.91
596,2026-01-01,Burkina Faso,Gaoua,XOF,558.82
597,2026-02-01,Burkina Faso,Gaoua,XOF,554.77
598,2026-03-01,Burkina Faso,Gaoua,XOF,567.41
599,2026-04-01,Burkina Faso,Gaoua,XOF,570.91
600,2026-01-01,Burkina Faso,Gassan,XOF,558.82
601,2026-02-01,Burkina Faso,Gassan,XOF,554.77
602,2026-03-01,Burkina Faso,Gassan,XOF,567.41
603,2026-04-01,Burkina Faso,Gassan,XOF,570.91
604,2026-01-01,Burkina Faso,Gayéri,XOF,558.82
605,2026-02-01,Burkina Faso,Gayéri,XOF,554.77
606,2026-03-01,Burkina Faso,Gayéri,XOF,567.41
607,2026-04-01,Burkina Faso,Gayéri,XOF,570.91
608,2026-01-01,Burkina Faso,Gorom Gorom,XOF,558.82
609,2026-02-01,Burkina Faso,Gorom Gorom,XOF,554.77
610,2026-03-01,Burkina Faso,Gorom Gorom,XOF,567.41
611,2026-04-01,Burkina Faso,Gorom Gorom,XOF,570.91
612,2026-01-01,Burkina Faso,Gounghin,XOF,558.82
613,2026-02-01,Burkina Faso,Gounghin,XOF,554.77
614,2026-03-01,Burkina Faso,Gounghin,XOF,567.41
615,2026-04-01,Burkina Faso,Gounghin,XOF,570.91
616,2026-01-01,Burkina Faso,Gourcy,XOF,558.82
617,2026-02-01,Burkina Faso,Gourcy,XOF,554.77
618,2026-03-01,Burkina Faso,Gourcy,XOF,567.41
619,2026-04-01,Burkina Faso,Gourcy,XOF,570.91
620,2026-01-01,Burkina Faso,Guelwongo,XOF,558.82
621,2026-02-01,Burkina Faso,Guelwongo,XOF,554.77
622,2026-03-01,Burkina Faso,Guelwongo,XOF,567.41
623,2026-04-01,Burkina Faso,Guelwongo,XOF,570.91
624,2026-01-01,Burkina Faso,Haaba,XOF,558.82
625,2026-02-01,Burkina Faso,Haaba,XOF,554.77
626,2026-03-01,Burkina Faso,Haaba,XOF,567.41
627,2026-04-01,Burkina Faso,Haaba,XOF,570.91
628,2026-01-01,Burkina Faso,Hamélé,XOF,558.82
629,2026-02-01,Burkina Faso,Hamélé,XOF,554.77
630,2026-03-01,Burkina Faso,Hamélé,XOF,567.41
631,2026-04-01,Burkina Faso,Hamélé,XOF,570.91
632,2026-01-01,Burkina Faso,Houndé,XOF,558.82
633,2026-02-01,Burkina Faso,Houndé,XOF,554.77
634,2026-03-01,Burkina Faso,Houndé,XOF,567.41
635,2026-04-01,Burkina Faso,Houndé,XOF,570.91
636,2026-01-01,Burkina Faso,Kaya,XOF,558.82
637,2026-02-01,Burkina Faso,Kaya,XOF,554.77
638,2026-03-01,Burkina Faso,Kaya,XOF,567.41
639,2026-04-01,Burkina Faso,Kaya,XOF,570.91
640,2026-01-01,Burkina Faso,Kombissiri,XOF,558.82
641,2026-02-01,Burkina Faso,Kombissiri,XOF,554.77
642,2026-03-01,Burkina Faso,Kombissiri,XOF,567.41
643,2026-04-01,Burkina Faso,Kombissiri,XOF,570.91
644,2026-01-01,Burkina Faso,Kompienga,XOF,558.82
645,2026-02-01,Burkina Faso,Kompienga,XOF,554.77
646,2026-03-01,Burkina Faso,Kompienga,XOF,567.41
647,2026-04-01,Burkina Faso,Kompienga,XOF,570.91
648,2026-01-01,Burkina Faso,Kongoussi,XOF,558.82
649,2026-02-01,Burkina Faso,Kongoussi,XOF,554.77
650,2026-03-01,Burkina Faso,Kongoussi,XOF,567.41
651,2026-04-01,Burkina Faso,Kongoussi,XOF,570.91
652,2026-01-01,Burkina Faso,Koudougou,XOF,558.82
653,2026-02-01,Burkina Faso,Koudougou,XOF,554.77
654,2026-03-01,Burkina Faso,Koudougou,XOF,567.41
655,2026-04-01,Burkina Faso,Koudougou,XOF,570.91
656,2026-01-01,Burkina Faso,Koupela,XOF,558.82
657,2026-02-01,Burkina Faso,Koupela,XOF,554.77
658,2026-03-01,Burkina Faso,Koupela,XOF,567.41
659,2026-04-01,Burkina Faso,Koupela,XOF,570.91
660,2026-01-01,Burkina Faso,Leo,XOF,558.82
661,2026-02-01,Burkina Faso,Leo,XOF,554.77
662,2026-03-01,Burkina Faso,Leo,XOF,567.41
663,2026-04-01,Burkina Faso,Leo,XOF,570.91
664,2026-01-01,Burkina Faso,Manga,XOF,558.82
665,2026-02-01,Burkina Faso,Manga,XOF,554.77
666,2026-03-01,Burkina Faso,Manga,XOF,567.41
667,2026-04-01,Burkina Faso,Manga,XOF,570.91
668,2026-01-01,Burkina Faso,Markoye,XOF,558.82
669,2026-02-01,Burkina Faso,Markoye,XOF,554.77
670,2026-03-01,Burkina Faso,Markoye,XOF,567.41
671,2026-04-01,Burkina Faso,Markoye,XOF,570.91
672,2026-01-01,Burkina Faso,Mogtédo,XOF,558.82
673,2026-02-01,Burkina Faso,Mogtédo,XOF,554.77
674,2026-03-01,Burkina Faso,Mogtédo,XOF,567.41
675,2026-04-01,Burkina Faso,Mogtédo,XOF,570.91
676,2026-01-01,Burkina Faso,N'Dorola,XOF,558.82
677,2026-02-01,Burkina Faso,N'Dorola,XOF,554.77
678,2026-03-01,Burkina Faso,N'Dorola,XOF,567.41
679,2026-04-01,Burkina Faso,N'Dorola,XOF,570.91
680,2026-01-01,Burkina Faso,Namouno (CBM),XOF,558.82
681,2026-02-01,Burkina Faso,Namouno (CBM),XOF,554.77
682,2026-03-01,Burkina Faso,Namouno (CBM),XOF,567.41
683,2026-04-01,Burkina Faso,Namouno (CBM),XOF,570.91
684,2026-01-01,Burkina Faso,Nieneta,XOF,558.82
685,2026-02-01,Burkina Faso,Nieneta,XOF,554.77
686,2026-03-01,Burkina Faso,Nieneta,XOF,567.41
687,2026-04-01,Burkina Faso,Nieneta,XOF,570.91
688,2026-01-01,Burkina Faso,Nouna,XOF,558.82
689,2026-02-01,Burkina Faso,Nouna,XOF,554.77
690,2026-03-01,Burkina Faso,Nouna,XOF,567.41
691,2026-04-01,Burkina Faso,Nouna,XOF,570.91
692,2026-01-01,Burkina Faso,Orodara,XOF,558.82
693,2026-02-01,Burkina Faso,Orodara,XOF,554.77
694,2026-03-01,Burkina Faso,Orodara,XOF,567.41
695,2026-04-01,Burkina Faso,Orodara,XOF,570.91
696,2026-01-01,Burkina Faso,Ouagadougo (Sankaryare),XOF,558.82
697,2026-02-01,Burkina Faso,Ouagadougo (Sankaryare),XOF,554.77
698,2026-03-01,Burkina Faso,Ouagadougo (Sankaryare),XOF,567.41
699,2026-04-01,Burkina Faso,Ouagadougo (Sankaryare),XOF,570.91
700,2026-01-01,Burkina Faso,Ouahigouya,XOF,558.82
701,2026-02-01,Burkina Faso,Ouahigouya,XOF,554.77
702,2026-03-01,Burkina Faso,Ouahigouya,XOF,567.41
703,2026-04-01,Burkina Faso,Ouahigouya,XOF,570.91
704,2026-01-01,Burkina Faso,Ouargaye,XOF,558.82
705,2026-02-01,Burkina Faso,Ouargaye,XOF,554.77
706,2026-03-01,Burkina Faso,Ouargaye,XOF,567.41
707,2026-04-01,Burkina Faso,Ouargaye,XOF,570.91
708,2026-01-01,Burkina Faso,Po,XOF,558.82
709,2026-02-01,Burkina Faso,Po,XOF,554.77
710,2026-03-01,Burkina Faso,Po,XOF,567.41
711,2026-04-01,Burkina Faso,Po,XOF,570.91
712,2026-01-01,Burkina Faso,Pouytenga,XOF,558.82
713,2026-02-01,Burkina Faso,Pouytenga,XOF,554.77
714,2026-03-01,Burkina Faso,Pouytenga,XOF,567.41
715,2026-04-01,Burkina Faso,Pouytenga,XOF,570.91
716,2026-01-01,Burkina Faso,Réo,XOF,558.82
717,2026-02-01,Burkina Faso,Réo,XOF,554.77
718,2026-03-01,Burkina Faso,Réo,XOF,567.41
719,2026-04-01,Burkina Faso,Réo,XOF,570.91
720,2026-01-01,Burkina Faso,Sapouy,XOF,558.82
721,2026-02-01,Burkina Faso,Sapouy,XOF,554.77
722,2026-03-01,Burkina Faso,Sapouy,XOF,567.41
723,2026-04-01,Burkina Faso,Sapouy,XOF,570.91
724,2026-01-01,Burkina Faso,Sebba,XOF,558.82
725,2026-02-01,Burkina Faso,Sebba,XOF,554.77
726,2026-03-01,Burkina Faso,Sebba,XOF,567.41
727,2026-04-01,Burkina Faso,Sebba,XOF,570.91
728,2026-01-01,Burkina Faso,Seytenga,XOF,558.82
729,2026-02-01,Burkina Faso,Seytenga,XOF,554.77
730,2026-03-01,Burkina Faso,Seytenga,XOF,567.41
731,2026-04-01,Burkina Faso,Seytenga,XOF,570.91
732,2026-01-01,Burkina Faso,Solenzo,XOF,558.82
733,2026-02-01,Burkina Faso,Solenzo,XOF,554.77
734,2026-03-01,Burkina Faso,Solenzo,XOF,567.41
735,2026-04-01,Burkina Faso,Solenzo,XOF,570.91
736,2026-01-01,Burkina Faso,Tenkodogo,XOF,558.82
737,2026-02-01,Burkina Faso,Tenkodogo,XOF,554.77
738,2026-03-01,Burkina Faso,Tenkodogo,XOF,567.41
739,2026-04-01,Burkina Faso,Tenkodogo,XOF,570.91
740,2026-01-01,Burkina Faso,Tita,XOF,558.82
741,2026-02-01,Burkina Faso,Tita,XOF,554.77
742,2026-03-01,Burkina Faso,Tita,XOF,567.41
743,2026-04-01,Burkina Faso,Tita,XOF,570.91
744,2026-01-01,Burkina Faso,Titao,XOF,558.82
745,2026-02-01,Burkina Faso,Titao,XOF,554.77
746,2026-03-01,Burkina Faso,Titao,XOF,567.41
747,2026-04-01,Burkina Faso,Titao,XOF,570.91
748,2026-01-01,Burkina Faso,Toma,XOF,558.82
749,2026-02-01,Burkina Faso,Toma,XOF,554.77
750,2026-03-01,Burkina Faso,Toma,XOF,567.41
751,2026-04-01,Burkina Faso,Toma,XOF,570.91
752,2026-01-01,Burkina Faso,Tougan,XOF,558.82
753,2026-02-01,Burkina Faso,Tougan,XOF,554.77
754,2026-03-01,Burkina Faso,Tougan,XOF,567.41
755,2026-04-01,Burkina Faso,Tougan,XOF,570.91
756,2026-01-01,Burkina Faso,Yako,XOF,558.82
757,2026-02-01,Burkina Faso,Yako,XOF,554.77
758,2026-03-01,Burkina Faso,Yako,XOF,567.41
759,2026-04-01,Burkina Faso,Yako,XOF,570.91
760,2026-01-01,Burkina Faso,Yalgo,XOF,558.82
761,2026-02-01,Burkina Faso,Yalgo,XOF,554.77
762,2026-03-01,Burkina Faso,Yalgo,XOF,567.41
763,2026-04-01,Burkina Faso,Yalgo,XOF,570.91
764,2026-01-01,Burkina Faso,Zabré,XOF,558.82
765,2026-02-01,Burkina Faso,Zabré,XOF,554.77
766,2026-03-01,Burkina Faso,Zabré,XOF,567.41
767,2026-04-01,Burkina Faso,Zabré,XOF,570.91
768,2026-01-01,Burkina Faso,Ziniaré,XOF,558.82
769,2026-02-01,Burkina Faso,Ziniaré,XOF,554.77
770,2026-03-01,Burkina Faso,Ziniaré,XOF,567.41
771,2026-04-01,Burkina Faso,Ziniaré,XOF,570.91
772,2026-01-01,Burkina Faso,Zorgho,XOF,558.82
773,2026-02-01,Burkina Faso,Zorgho,XOF,554.77
774,2026-03-01,Burkina Faso,Zorgho,XOF,567.41
775,2026-04-01,Burkina Faso,Zorgho,XOF,570.91
776,2026-01-01,Burkina Faso,Market Average,XOF,558.82
777,2026-02-01,Burkina Faso,Market Average,XOF,554.77
778,2026-03-01,Burkina Faso,Market Average,XOF,567.41
779,2026-04-01,Burkina Faso,Market Average,XOF,570.91
780,2026-01-01,Bangladesh,Bagerhat Sadar,BDT,122.32
781,2026-02-01,Bangladesh,Bagerhat Sadar,BDT,122.3
782,2026-03-01,Bangladesh,Bagerhat Sadar,BDT,122.6
783,2026-04-01,Bangladesh,Bagerhat Sadar,BDT,123.02
784,2026-01-01,Bangladesh,Bandarban Sadar,BDT,122.32
785,2026-02-01,Bangladesh,Bandarban Sadar,BDT,122.3
786,2026-03-01,Bangladesh,Bandarban Sadar,BDT,122.6
787,2026-04-01,Bangladesh,Bandarban Sadar,BDT,123.02
788,2026-01-01,Bangladesh,Barguna Sadar,BDT,122.32
789,2026-02-01,Bangladesh,Barguna Sadar,BDT,122.3
790,2026-03-01,Bangladesh,Barguna Sadar,BDT,122.6
791,2026-04-01,Bangladesh,Barguna Sadar,BDT,123.02
792,2026-01-01,Bangladesh,Barisal Division,BDT,122.32
793,2026-02-01,Bangladesh,Barisal Division,BDT,122.3
794,2026-03-01,Bangladesh,Barisal Division,BDT,122.6
795,2026-04-01,Bangladesh,Barisal Division,BDT,123.02
796,2026-01-01,Bangladesh,Barisal Sadar,BDT,122.32
797,2026-02-01,Bangladesh,Barisal Sadar,BDT,122.3
798,2026-03-01,Bangladesh,Barisal Sadar,BDT,122.6
799,2026-04-01,Bangladesh,Barisal Sadar,BDT,123.02
800,2026-01-01,Bangladesh,Bhashan Char,BDT,122.32
801,2026-02-01,Bangladesh,Bhashan Char,BDT,122.3
802,2026-03-01,Bangladesh,Bhashan Char,BDT,122.6
803,2026-04-01,Bangladesh,Bhashan Char,BDT,123.02
804,2026-01-01,Bangladesh,Bhola Sadar,BDT,122.32
805,2026-02-01,Bangladesh,Bhola Sadar,BDT,122.3
806,2026-03-01,Bangladesh,Bhola Sadar,BDT,122.6
807,2026-04-01,Bangladesh,Bhola Sadar,BDT,123.02
808,2026-01-01,Bangladesh,Bogra Sadar,BDT,122.32
809,2026-02-01,Bangladesh,Bogra Sadar,BDT,122.3
810,2026-03-01,Bangladesh,Bogra Sadar,BDT,122.6
811,2026-04-01,Bangladesh,Bogra Sadar,BDT,123.02
812,2026-01-01,Bangladesh,Brahmonbaria Sadar,BDT,122.32
813,2026-02-01,Bangladesh,Brahmonbaria Sadar,BDT,122.3
814,2026-03-01,Bangladesh,Brahmonbaria Sadar,BDT,122.6
815,2026-04-01,Bangladesh,Brahmonbaria Sadar,BDT,123.02
816,2026-01-01,Bangladesh,Chandpur Sadar,BDT,122.32
817,2026-02-01,Bangladesh,Chandpur Sadar,BDT,122.3
818,2026-03-01,Bangladesh,Chandpur Sadar,BDT,122.6
819,2026-04-01,Bangladesh,Chandpur Sadar,BDT,123.02
820,2026-01-01,Bangladesh,Chittagong Division,BDT,122.32
821,2026-02-01,Bangladesh,Chittagong Division,BDT,122.3
822,2026-03-01,Bangladesh,Chittagong Division,BDT,122.6
823,2026-04-01,Bangladesh,Chittagong Division,BDT,123.02
824,2026-01-01,Bangladesh,Chittagong Sadar,BDT,122.32
825,2026-02-01,Bangladesh,Chittagong Sadar,BDT,122.3
826,2026-03-01,Bangladesh,Chittagong Sadar,BDT,122.6
827,2026-04-01,Bangladesh,Chittagong Sadar,BDT,123.02
828,2026-01-01,Bangladesh,Chuadanga Sadar,BDT,122.32
829,2026-02-01,Bangladesh,Chuadanga Sadar,BDT,122.3
830,2026-03-01,Bangladesh,Chuadanga Sadar,BDT,122.6
831,2026-04-01,Bangladesh,Chuadanga Sadar,BDT,123.02
832,2026-01-01,Bangladesh,Comilla Sadar,BDT,122.32
833,2026-02-01,Bangladesh,Comilla Sadar,BDT,122.3
834,2026-03-01,Bangladesh,Comilla Sadar,BDT,122.6
835,2026-04-01,Bangladesh,Comilla Sadar,BDT,123.02
836,2026-01-01,Bangladesh,Cox`s Bazar Sadar,BDT,122.32
837,2026-02-01,Bangladesh,Cox`s Bazar Sadar,BDT,122.3
838,2026-03-01,Bangladesh,Cox`s Bazar Sadar,BDT,122.6
839,2026-04-01,Bangladesh,Cox`s Bazar Sadar,BDT,123.02
840,2026-01-01,Bangladesh,Dhaka,BDT,122.32
841,2026-02-01,Bangladesh,Dhaka,BDT,122.3
842,2026-03-01,Bangladesh,Dhaka,BDT,122.6
843,2026-04-01,Bangladesh,Dhaka,BDT,123.02
844,2026-01-01,Bangladesh,Dhaka Division,BDT,122.32
845,2026-02-01,Bangladesh,Dhaka Division,BDT,122.3
846,2026-03-01,Bangladesh,Dhaka Division,BDT,122.6
847,2026-04-01,Bangladesh,Dhaka Division,BDT,123.02
848,2026-01-01,Bangladesh,Dhaka Sadar,BDT,122.32
849,2026-02-01,Bangladesh,Dhaka Sadar,BDT,122.3
850,2026-03-01,Bangladesh,Dhaka Sadar,BDT,122.6
851,2026-04-01,Bangladesh,Dhaka Sadar,BDT,123.02
852,2026-01-01,Bangladesh,Dinajpur Sadar,BDT,122.32
853,2026-02-01,Bangladesh,Dinajpur Sadar,BDT,122.3
854,2026-03-01,Bangladesh,Dinajpur Sadar,BDT,122.6
855,2026-04-01,Bangladesh,Dinajpur Sadar,BDT,123.02
856,2026-01-01,Bangladesh,Faridpur Sadar,BDT,122.32
857,2026-02-01,Bangladesh,Faridpur Sadar,BDT,122.3
858,2026-03-01,Bangladesh,Faridpur Sadar,BDT,122.6
859,2026-04-01,Bangladesh,Faridpur Sadar,BDT,123.02
860,2026-01-01,Bangladesh,Feni Sadar,BDT,122.32
861,2026-02-01,Bangladesh,Feni Sadar,BDT,122.3
862,2026-03-01,Bangladesh,Feni Sadar,BDT,122.6
863,2026-04-01,Bangladesh,Feni Sadar,BDT,123.02
864,2026-01-01,Bangladesh,Gaibandha Sadar,BDT,122.32
865,2026-02-01,Bangladesh,Gaibandha Sadar,BDT,122.3
866,2026-03-01,Bangladesh,Gaibandha Sadar,BDT,122.6
867,2026-04-01,Bangladesh,Gaibandha Sadar,BDT,123.02
868,2026-01-01,Bangladesh,Gazipur Sadar,BDT,122.32
869,2026-02-01,Bangladesh,Gazipur Sadar,BDT,122.3
870,2026-03-01,Bangladesh,Gazipur Sadar,BDT,122.6
871,2026-04-01,Bangladesh,Gazipur Sadar,BDT,123.02
872,2026-01-01,Bangladesh,Gopalgonj Sadar,BDT,122.32
873,2026-02-01,Bangladesh,Gopalgonj Sadar,BDT,122.3
874,2026-03-01,Bangladesh,Gopalgonj Sadar,BDT,122.6
875,2026-04-01,Bangladesh,Gopalgonj Sadar,BDT,123.02
876,2026-01-01,Bangladesh,Habigonj Sadar,BDT,122.32
877,2026-02-01,Bangladesh,Habigonj Sadar,BDT,122.3
878,2026-03-01,Bangladesh,Habigonj Sadar,BDT,122.6
879,2026-04-01,Bangladesh,Habigonj Sadar,BDT,123.02
880,2026-01-01,Bangladesh,Jaipurhat Sadar,BDT,122.32
881,2026-02-01,Bangladesh,Jaipurhat Sadar,BDT,122.3
882,2026-03-01,Bangladesh,Jaipurhat Sadar,BDT,122.6
883,2026-04-01,Bangladesh,Jaipurhat Sadar,BDT,123.02
884,2026-01-01,Bangladesh,Jamalpur Sadar,BDT,122.32
885,2026-02-01,Bangladesh,Jamalpur Sadar,BDT,122.3
886,2026-03-01,Bangladesh,Jamalpur Sadar,BDT,122.6
887,2026-04-01,Bangladesh,Jamalpur Sadar,BDT,123.02
888,2026-01-01,Bangladesh,Jessore Sadar,BDT,122.32
889,2026-02-01,Bangladesh,Jessore Sadar,BDT,122.3
890,2026-03-01,Bangladesh,Jessore Sadar,BDT,122.6
891,2026-04-01,Bangladesh,Jessore Sadar,BDT,123.02
892,2026-01-01,Bangladesh,Jhalokati Sadar,BDT,122.32
893,2026-02-01,Bangladesh,Jhalokati Sadar,BDT,122.3
894,2026-03-01,Bangladesh,Jhalokati Sadar,BDT,122.6
895,2026-04-01,Bangladesh,Jhalokati Sadar,BDT,123.02
896,2026-01-01,Bangladesh,Jhenaidah Sadar,BDT,122.32
897,2026-02-01,Bangladesh,Jhenaidah Sadar,BDT,122.3
898,2026-03-01,Bangladesh,Jhenaidah Sadar,BDT,122.6
899,2026-04-01,Bangladesh,Jhenaidah Sadar,BDT,123.02
900,2026-01-01,Bangladesh,Khagrachari Sadar,BDT,122.32
901,2026-02-01,Bangladesh,Khagrachari Sadar,BDT,122.3
902,2026-03-01,Bangladesh,Khagrachari Sadar,BDT,122.6
903,2026-04-01,Bangladesh,Khagrachari Sadar,BDT,123.02
904,2026-01-01,Bangladesh,Khulna Division,BDT,122.32
905,2026-02-01,Bangladesh,Khulna Division,BDT,122.3
906,2026-03-01,Bangladesh,Khulna Division,BDT,122.6
907,2026-04-01,Bangladesh,Khulna Division,BDT,123.02
908,2026-01-01,Bangladesh,Khulna Sadar,BDT,122.32
909,2026-02-01,Bangladesh,Khulna Sadar,BDT,122.3
910,2026-03-01,Bangladesh,Khulna Sadar,BDT,122.6
911,2026-04-01,Bangladesh,Khulna Sadar,BDT,123.02
912,2026-01-01,Bangladesh,Kishoregonj Sadar,BDT,122.32
913,2026-02-01,Bangladesh,Kishoregonj Sadar,BDT,122.3
914,2026-03-01,Bangladesh,Kishoregonj Sadar,BDT,122.6
915,2026-04-01,Bangladesh,Kishoregonj Sadar,BDT,123.02
916,2026-01-01,Bangladesh,Kurigram Sadar,BDT,122.32
917,2026-02-01,Bangladesh,Kurigram Sadar,BDT,122.3
918,2026-03-01,Bangladesh,Kurigram Sadar,BDT,122.6
919,2026-04-01,Bangladesh,Kurigram Sadar,BDT,123.02
920,2026-01-01,Bangladesh,Kushtia Sadar,BDT,122.32
921,2026-02-01,Bangladesh,Kushtia Sadar,BDT,122.3
922,2026-03-01,Bangladesh,Kushtia Sadar,BDT,122.6
923,2026-04-01,Bangladesh,Kushtia Sadar,BDT,123.02
924,2026-01-01,Bangladesh,Lalmonirhat Sadar,BDT,122.32
925,2026-02-01,Bangladesh,Lalmonirhat Sadar,BDT,122.3
926,2026-03-01,Bangladesh,Lalmonirhat Sadar,BDT,122.6
927,2026-04-01,Bangladesh,Lalmonirhat Sadar,BDT,123.02
928,2026-01-01,Bangladesh,Laxmipur Sadar,BDT,122.32
929,2026-02-01,Bangladesh,Laxmipur Sadar,BDT,122.3
930,2026-03-01,Bangladesh,Laxmipur Sadar,BDT,122.6
931,2026-04-01,Bangladesh,Laxmipur Sadar,BDT,123.02
932,2026-01-01,Bangladesh,Madaripur Sadar,BDT,122.32
933,2026-02-01,Bangladesh,Madaripur Sadar,BDT,122.3
934,2026-03-01,Bangladesh,Madaripur Sadar,BDT,122.6
935,2026-04-01,Bangladesh,Madaripur Sadar,BDT,123.02
936,2026-01-01,Bangladesh,Magura Sadar,BDT,122.32
937,2026-02-01,Bangladesh,Magura Sadar,BDT,122.3
938,2026-03-01,Bangladesh,Magura Sadar,BDT,122.6
939,2026-04-01,Bangladesh,Magura Sadar,BDT,123.02
940,2026-01-01,Bangladesh,Manikganj Sadar,BDT,122.32
941,2026-02-01,Bangladesh,Manikganj Sadar,BDT,122.3
942,2026-03-01,Bangladesh,Manikganj Sadar,BDT,122.6
943,2026-04-01,Bangladesh,Manikganj Sadar,BDT,123.02
944,2026-01-01,Bangladesh,Maulavibazar Sadar,BDT,122.32
945,2026-02-01,Bangladesh,Maulavibazar Sadar,BDT,122.3
946,2026-03-01,Bangladesh,Maulavibazar Sadar,BDT,122.6
947,2026-04-01,Bangladesh,Maulavibazar Sadar,BDT,123.02
948,2026-01-01,Bangladesh,Meherpur Sadar,BDT,122.32
949,2026-02-01,Bangladesh,Meherpur Sadar,BDT,122.3
950,2026-03-01,Bangladesh,Meherpur Sadar,BDT,122.6
951,2026-04-01,Bangladesh,Meherpur Sadar,BDT,123.02
952,2026-01-01,Bangladesh,Munshiganj Sadar,BDT,122.32
953,2026-02-01,Bangladesh,Munshiganj Sadar,BDT,122.3
954,2026-03-01,Bangladesh,Munshiganj Sadar,BDT,122.6
955,2026-04-01,Bangladesh,Munshiganj Sadar,BDT,123.02
956,2026-01-01,Bangladesh,Mymensing Sadar,BDT,122.32
957,2026-02-01,Bangladesh,Mymensing Sadar,BDT,122.3
958,2026-03-01,Bangladesh,Mymensing Sadar,BDT,122.6
959,2026-04-01,Bangladesh,Mymensing Sadar,BDT,123.02
960,2026-01-01,Bangladesh,Naogaon Sadar,BDT,122.32
961,2026-02-01,Bangladesh,Naogaon Sadar,BDT,122.3
962,2026-03-01,Bangladesh,Naogaon Sadar,BDT,122.6
963,2026-04-01,Bangladesh,Naogaon Sadar,BDT,123.02
964,2026-01-01,Bangladesh,Narail Sadar,BDT,122.32
965,2026-02-01,Bangladesh,Narail Sadar,BDT,122.3
966,2026-03-01,Bangladesh,Narail Sadar,BDT,122.6
967,2026-04-01,Bangladesh,Narail Sadar,BDT,123.02
968,2026-01-01,Bangladesh,Narayanganj Sadar,BDT,122.32
969,2026-02-01,Bangladesh,Narayanganj Sadar,BDT,122.3
970,2026-03-01,Bangladesh,Narayanganj Sadar,BDT,122.6
971,2026-04-01,Bangladesh,Narayanganj Sadar,BDT,123.02
972,2026-01-01,Bangladesh,Narsingdi Sadar,BDT,122.32
973,2026-02-01,Bangladesh,Narsingdi Sadar,BDT,122.3
974,2026-03-01,Bangladesh,Narsingdi Sadar,BDT,122.6
975,2026-04-01,Bangladesh,Narsingdi Sadar,BDT,123.02
976,2026-01-01,Bangladesh,Natore Sadar,BDT,122.32
977,2026-02-01,Bangladesh,Natore Sadar,BDT,122.3
978,2026-03-01,Bangladesh,Natore Sadar,BDT,122.6
979,2026-04-01,Bangladesh,Natore Sadar,BDT,123.02
980,2026-01-01,Bangladesh,Nawabgonj Sadar,BDT,122.32
981,2026-02-01,Bangladesh,Nawabgonj Sadar,BDT,122.3
982,2026-03-01,Bangladesh,Nawabgonj Sadar,BDT,122.6
983,2026-04-01,Bangladesh,Nawabgonj Sadar,BDT,123.02
984,2026-01-01,Bangladesh,Netrakona Sadar,BDT,122.32
985,2026-02-01,Bangladesh,Netrakona Sadar,BDT,122.3
986,2026-03-01,Bangladesh,Netrakona Sadar,BDT,122.6
987,2026-04-01,Bangladesh,Netrakona Sadar,BDT,123.02
988,2026-01-01,Bangladesh,Nilphamari Sadar,BDT,122.32
989,2026-02-01,Bangladesh,Nilphamari Sadar,BDT,122.3
990,2026-03-01,Bangladesh,Nilphamari Sadar,BDT,122.6
991,2026-04-01,Bangladesh,Nilphamari Sadar,BDT,123.02
992,2026-01-01,Bangladesh,Noakhali Sadar,BDT,122.32
993,2026-02-01,Bangladesh,Noakhali Sadar,BDT,122.3
994,2026-03-01,Bangladesh,Noakhali Sadar,BDT,122.6
995,2026-04-01,Bangladesh,Noakhali Sadar,BDT,123.02
996,2026-01-01,Bangladesh,Pabna Sadar,BDT,122.32
997,2026-02-01,Bangladesh,Pabna Sadar,BDT,122.3
998,2026-03-01,Bangladesh,Pabna Sadar,BDT,122.6
999,2026-04-01,Bangladesh,Pabna Sadar,BDT,123.02
1000,2026-01-01,Bangladesh,Panchagarh Sadar,BDT,122.32
1001,2026-02-01,Bangladesh,Panchagarh Sadar,BDT,122.3
1002,2026-03-01,Bangladesh,Panchagarh Sadar,BDT,122.6
1003,2026-04-01,Bangladesh,Panchagarh Sadar,BDT,123.02
1004,2026-01-01,Bangladesh,Patiya Sadar,BDT,122.32
1005,2026-02-01,Bangladesh,Patiya Sadar,BDT,122.3
1006,2026-03-01,Bangladesh,Patiya Sadar,BDT,122.6
1007,2026-04-01,Bangladesh,Patiya Sadar,BDT,123.02
1008,2026-01-01,Bangladesh,Patuakhali Sadar,BDT,122.32
1009,2026-02-01,Bangladesh,Patuakhali Sadar,BDT,122.3
1010,2026-03-01,Bangladesh,Patuakhali Sadar,BDT,122.6
1011,2026-04-01,Bangladesh,Patuakhali Sadar,BDT,123.02
1012,2026-01-01,Bangladesh,Pirojpur Sadar,BDT,122.32
1013,2026-02-01,Bangladesh,Pirojpur Sadar,BDT,122.3
1014,2026-03-01,Bangladesh,Pirojpur Sadar,BDT,122.6
1015,2026-04-01,Bangladesh,Pirojpur Sadar,BDT,123.02
1016,2026-01-01,Bangladesh,Rajbari Sadar,BDT,122.32
1017,2026-02-01,Bangladesh,Rajbari Sadar,BDT,122.3
1018,2026-03-01,Bangladesh,Rajbari Sadar,BDT,122.6
1019,2026-04-01,Bangladesh,Rajbari Sadar,BDT,123.02
1020,2026-01-01,Bangladesh,Rajshahi Division,BDT,122.32
1021,2026-02-01,Bangladesh,Rajshahi Division,BDT,122.3
1022,2026-03-01,Bangladesh,Rajshahi Division,BDT,122.6
1023,2026-04-01,Bangladesh,Rajshahi Division,BDT,123.02
1024,2026-01-01,Bangladesh,Rajshahi Sadar,BDT,122.32
1025,2026-02-01,Bangladesh,Rajshahi Sadar,BDT,122.3
1026,2026-03-01,Bangladesh,Rajshahi Sadar,BDT,122.6
1027,2026-04-01,Bangladesh,Rajshahi Sadar,BDT,123.02
1028,2026-01-01,Bangladesh,Rangamati Sadar,BDT,122.32
1029,2026-02-01,Bangladesh,Rangamati Sadar,BDT,122.3
1030,2026-03-01,Bangladesh,Rangamati Sadar,BDT,122.6
1031,2026-04-01,Bangladesh,Rangamati Sadar,BDT,123.02
1032,2026-01-01,Bangladesh,Rangpur Municipality Market,BDT,122.32
1033,2026-02-01,Bangladesh,Rangpur Municipality Market,BDT,122.3
1034,2026-03-01,Bangladesh,Rangpur Municipality Market,BDT,122.6
1035,2026-04-01,Bangladesh,Rangpur Municipality Market,BDT,123.02
1036,2026-01-01,Bangladesh,Rangpur Sadar,BDT,122.32
1037,2026-02-01,Bangladesh,Rangpur Sadar,BDT,122.3
1038,2026-03-01,Bangladesh,Rangpur Sadar,BDT,122.6
1039,2026-04-01,Bangladesh,Rangpur Sadar,BDT,123.02
1040,2026-01-01,Bangladesh,Satkhira Sadar,BDT,122.32
1041,2026-02-01,Bangladesh,Satkhira Sadar,BDT,122.3
1042,2026-03-01,Bangladesh,Satkhira Sadar,BDT,122.6
1043,2026-04-01,Bangladesh,Satkhira Sadar,BDT,123.02
1044,2026-01-01,Bangladesh,Shariatpur Sadar,BDT,122.32
1045,2026-02-01,Bangladesh,Shariatpur Sadar,BDT,122.3
1046,2026-03-01,Bangladesh,Shariatpur Sadar,BDT,122.6
1047,2026-04-01,Bangladesh,Shariatpur Sadar,BDT,123.02
1048,2026-01-01,Bangladesh,Sherpur Sadar,BDT,122.32
1049,2026-02-01,Bangladesh,Sherpur Sadar,BDT,122.3
1050,2026-03-01,Bangladesh,Sherpur Sadar,BDT,122.6
1051,2026-04-01,Bangladesh,Sherpur Sadar,BDT,123.02
1052,2026-01-01,Bangladesh,Sirajgonj Sadar,BDT,122.32
1053,2026-02-01,Bangladesh,Sirajgonj Sadar,BDT,122.3
1054,2026-03-01,Bangladesh,Sirajgonj Sadar,BDT,122.6
1055,2026-04-01,Bangladesh,Sirajgonj Sadar,BDT,123.02
1056,2026-01-01,Bangladesh,Sunamgonj Sadar,BDT,122.32
1057,2026-02-01,Bangladesh,Sunamgonj Sadar,BDT,122.3
1058,2026-03-01,Bangladesh,Sunamgonj Sadar,BDT,122.6
1059,2026-04-01,Bangladesh,Sunamgonj Sadar,BDT,123.02
1060,2026-01-01,Bangladesh,Sylhet Division,BDT,122.32
1061,2026-02-01,Bangladesh,Sylhet Division,BDT,122.3
1062,2026-03-01,Bangladesh,Sylhet Division,BDT,122.6
1063,2026-04-01,Bangladesh,Sylhet Division,BDT,123.02
1064,2026-01-01,Bangladesh,Sylhet Sadar,BDT,122.32
1065,2026-02-01,Bangladesh,Sylhet Sadar,BDT,122.3
1066,2026-03-01,Bangladesh,Sylhet Sadar,BDT,122.6
1067,2026-04-01,Bangladesh,Sylhet Sadar,BDT,123.02
1068,2026-01-01,Bangladesh,Tangail sadar Market,BDT,122.32
1069,2026-02-01,Bangladesh,Tangail sadar Market,BDT,122.3
1070,2026-03-01,Bangladesh,Tangail sadar Market,BDT,122.6
1071,2026-04-01,Bangladesh,Tangail sadar Market,BDT,123.02
1072,2026-01-01,Bangladesh,Teknaf Market,BDT,122.32
1073,2026-02-01,Bangladesh,Teknaf Market,BDT,122.3
1074,2026-03-01,Bangladesh,Teknaf Market,BDT,122.6
1075,2026-04-01,Bangladesh,Teknaf Market,BDT,123.02
1076,2026-01-01,Bangladesh,Thakurgaon Sadar,BDT,122.32
1077,2026-02-01,Bangladesh,Thakurgaon Sadar,BDT,122.3
1078,2026-03-01,Bangladesh,Thakurgaon Sadar,BDT,122.6
1079,2026-04-01,Bangladesh,Thakurgaon Sadar,BDT,123.02
1080,2026-01-01,Bangladesh,Ukhia Market,BDT,122.32
1081,2026-02-01,Bangladesh,Ukhia Market,BDT,122.3
1082,2026-03-01,Bangladesh,Ukhia Market,BDT,122.6
1083,2026-04-01,Bangladesh,Ukhia Market,BDT,123.02
1084,2026-01-01,Bangladesh,Market Average,BDT,122.32
1085,2026-02-01,Bangladesh,Market Average,BDT,122.3
1086,2026-03-01,Bangladesh,Market Average,BDT,122.6
1087,2026-04-01,Bangladesh,Market Average,BDT,123.02
1088,2026-01-01,Central African Republic,Bambari,XAF,558.82
1089,2026-02-01,Central African Republic,Bambari,XAF,554.77
1090,2026-03-01,Central African Republic,Bambari,XAF,567.41
1091,2026-04-01,Central African Republic,Bambari,XAF,571.14
1092,2026-01-01,Central African Republic,Bangassou,XAF,558.82
1093,2026-02-01,Central African Republic,Bangassou,XAF,554.77
1094,2026-03-01,Central African Republic,Bangassou,XAF,567.41
1095,2026-04-01,Central African Republic,Bangassou,XAF,571.14
1096,2026-01-01,Central African Republic,Bangui,XAF,558.82
1097,2026-02-01,Central African Republic,Bangui,XAF,554.77
1098,2026-03-01,Central African Republic,Bangui,XAF,567.41
1099,2026-04-01,Central African Republic,Bangui,XAF,571.14
1100,2026-01-01,Central African Republic,Baoro,XAF,558.82
1101,2026-02-01,Central African Republic,Baoro,XAF,554.77
1102,2026-03-01,Central African Republic,Baoro,XAF,567.41
1103,2026-04-01,Central African Republic,Baoro,XAF,571.14
1104,2026-01-01,Central African Republic,Batangafo,XAF,558.82
1105,2026-02-01,Central African Republic,Batangafo,XAF,554.77
1106,2026-03-01,Central African Republic,Batangafo,XAF,567.41
1107,2026-04-01,Central African Republic,Batangafo,XAF,571.14
1108,2026-01-01,Central African Republic,Bayanga,XAF,558.82
1109,2026-02-01,Central African Republic,Bayanga,XAF,554.77
1110,2026-03-01,Central African Republic,Bayanga,XAF,567.41
1111,2026-04-01,Central African Republic,Bayanga,XAF,571.14
1112,2026-01-01,Central African Republic,Bégoua,XAF,558.82
1113,2026-02-01,Central African Republic,Bégoua,XAF,554.77
1114,2026-03-01,Central African Republic,Bégoua,XAF,567.41
1115,2026-04-01,Central African Republic,Bégoua,XAF,571.14
1116,2026-01-01,Central African Republic,Berbérati,XAF,558.82
1117,2026-02-01,Central African Republic,Berbérati,XAF,554.77
1118,2026-03-01,Central African Republic,Berbérati,XAF,567.41
1119,2026-04-01,Central African Republic,Berbérati,XAF,571.14
1120,2026-01-01,Central African Republic,Bimbo,XAF,558.82
1121,2026-02-01,Central African Republic,Bimbo,XAF,554.77
1122,2026-03-01,Central African Republic,Bimbo,XAF,567.41
1123,2026-04-01,Central African Republic,Bimbo,XAF,571.14
1124,2026-01-01,Central African Republic,Birao,XAF,558.82
1125,2026-02-01,Central African Republic,Birao,XAF,554.77
1126,2026-03-01,Central African Republic,Birao,XAF,567.41
1127,2026-04-01,Central African Republic,Birao,XAF,571.14
1128,2026-01-01,Central African Republic,Boali,XAF,558.82
1129,2026-02-01,Central African Republic,Boali,XAF,554.77
1130,2026-03-01,Central African Republic,Boali,XAF,567.41
1131,2026-04-01,Central African Republic,Boali,XAF,571.14
1132,2026-01-01,Central African Republic,Bocaranga,XAF,558.82
1133,2026-02-01,Central African Republic,Bocaranga,XAF,554.77
1134,2026-03-01,Central African Republic,Bocaranga,XAF,567.41
1135,2026-04-01,Central African Republic,Bocaranga,XAF,571.14
1136,2026-01-01,Central African Republic,Boda,XAF,558.82
1137,2026-02-01,Central African Republic,Boda,XAF,554.77
1138,2026-03-01,Central African Republic,Boda,XAF,567.41
1139,2026-04-01,Central African Republic,Boda,XAF,571.14
1140,2026-01-01,Central African Republic,Boganangone,XAF,558.82
1141,2026-02-01,Central African Republic,Boganangone,XAF,554.77
1142,2026-03-01,Central African Republic,Boganangone,XAF,567.41
1143,2026-04-01,Central African Republic,Boganangone,XAF,571.14
1144,2026-01-01,Central African Republic,Bossangoa,XAF,558.82
1145,2026-02-01,Central African Republic,Bossangoa,XAF,554.77
1146,2026-03-01,Central African Republic,Bossangoa,XAF,567.41
1147,2026-04-01,Central African Republic,Bossangoa,XAF,571.14
1148,2026-01-01,Central African Republic,Bossembélé,XAF,558.82
1149,2026-02-01,Central African Republic,Bossembélé,XAF,554.77
1150,2026-03-01,Central African Republic,Bossembélé,XAF,567.41
1151,2026-04-01,Central African Republic,Bossembélé,XAF,571.14
1152,2026-01-01,Central African Republic,Bossemptélé,XAF,558.82
1153,2026-02-01,Central African Republic,Bossemptélé,XAF,554.77
1154,2026-03-01,Central African Republic,Bossemptélé,XAF,567.41
1155,2026-04-01,Central African Republic,Bossemptélé,XAF,571.14
1156,2026-01-01,Central African Republic,Bouar,XAF,558.82
1157,2026-02-01,Central African Republic,Bouar,XAF,554.77
1158,2026-03-01,Central African Republic,Bouar,XAF,567.41
1159,2026-04-01,Central African Republic,Bouar,XAF,571.14
1160,2026-01-01,Central African Republic,Bouca,XAF,558.82
1161,2026-02-01,Central African Republic,Bouca,XAF,554.77
1162,2026-03-01,Central African Republic,Bouca,XAF,567.41
1163,2026-04-01,Central African Republic,Bouca,XAF,571.14
1164,2026-01-01,Central African Republic,Bozoum,XAF,558.82
1165,2026-02-01,Central African Republic,Bozoum,XAF,554.77
1166,2026-03-01,Central African Republic,Bozoum,XAF,567.41
1167,2026-04-01,Central African Republic,Bozoum,XAF,571.14
1168,2026-01-01,Central African Republic,Bria,XAF,558.82
1169,2026-02-01,Central African Republic,Bria,XAF,554.77
1170,2026-03-01,Central African Republic,Bria,XAF,567.41
1171,2026-04-01,Central African Republic,Bria,XAF,571.14
1172,2026-01-01,Central African Republic,Carnot,XAF,558.82
1173,2026-02-01,Central African Republic,Carnot,XAF,554.77
1174,2026-03-01,Central African Republic,Carnot,XAF,567.41
1175,2026-04-01,Central African Republic,Carnot,XAF,571.14
1176,2026-01-01,Central African Republic,Combattant,XAF,558.82
1177,2026-02-01,Central African Republic,Combattant,XAF,554.77
1178,2026-03-01,Central African Republic,Combattant,XAF,567.41
1179,2026-04-01,Central African Republic,Combattant,XAF,571.14
1180,2026-01-01,Central African Republic,Damara,XAF,558.82
1181,2026-02-01,Central African Republic,Damara,XAF,554.77
1182,2026-03-01,Central African Republic,Damara,XAF,567.41
1183,2026-04-01,Central African Republic,Damara,XAF,571.14
1184,2026-01-01,Central African Republic,Dekoa,XAF,558.82
1185,2026-02-01,Central African Republic,Dekoa,XAF,554.77
1186,2026-03-01,Central African Republic,Dekoa,XAF,567.41
1187,2026-04-01,Central African Republic,Dekoa,XAF,571.14
1188,2026-01-01,Central African Republic,Gamboula,XAF,558.82
1189,2026-02-01,Central African Republic,Gamboula,XAF,554.77
1190,2026-03-01,Central African Republic,Gamboula,XAF,567.41
1191,2026-04-01,Central African Republic,Gamboula,XAF,571.14
1192,2026-01-01,Central African Republic,Gobongo,XAF,558.82
1193,2026-02-01,Central African Republic,Gobongo,XAF,554.77
1194,2026-03-01,Central African Republic,Gobongo,XAF,567.41
1195,2026-04-01,Central African Republic,Gobongo,XAF,571.14
1196,2026-01-01,Central African Republic,Ippy,XAF,558.82
1197,2026-02-01,Central African Republic,Ippy,XAF,554.77
1198,2026-03-01,Central African Republic,Ippy,XAF,567.41
1199,2026-04-01,Central African Republic,Ippy,XAF,571.14
1200,2026-01-01,Central African Republic,Kaga-Bandoro,XAF,558.82
1201,2026-02-01,Central African Republic,Kaga-Bandoro,XAF,554.77
1202,2026-03-01,Central African Republic,Kaga-Bandoro,XAF,567.41
1203,2026-04-01,Central African Republic,Kaga-Bandoro,XAF,571.14
1204,2026-01-01,Central African Republic,Mbaïki,XAF,558.82
1205,2026-02-01,Central African Republic,Mbaïki,XAF,554.77
1206,2026-03-01,Central African Republic,Mbaïki,XAF,567.41
1207,2026-04-01,Central African Republic,Mbaïki,XAF,571.14
1208,2026-01-01,Central African Republic,Mbres,XAF,558.82
1209,2026-02-01,Central African Republic,Mbres,XAF,554.77
1210,2026-03-01,Central African Republic,Mbres,XAF,567.41
1211,2026-04-01,Central African Republic,Mbres,XAF,571.14
1212,2026-01-01,Central African Republic,Ndélé,XAF,558.82
1213,2026-02-01,Central African Republic,Ndélé,XAF,554.77
1214,2026-03-01,Central African Republic,Ndélé,XAF,567.41
1215,2026-04-01,Central African Republic,Ndélé,XAF,571.14
1216,2026-01-01,Central African Republic,Ngaoundaye,XAF,558.82
1217,2026-02-01,Central African Republic,Ngaoundaye,XAF,554.77
1218,2026-03-01,Central African Republic,Ngaoundaye,XAF,567.41
1219,2026-04-01,Central African Republic,Ngaoundaye,XAF,571.14
1220,2026-01-01,Central African Republic,Nola,XAF,558.82
1221,2026-02-01,Central African Republic,Nola,XAF,554.77
1222,2026-03-01,Central African Republic,Nola,XAF,567.41
1223,2026-04-01,Central African Republic,Nola,XAF,571.14
1224,2026-01-01,Central African Republic,Obo,XAF,558.82
1225,2026-02-01,Central African Republic,Obo,XAF,554.77
1226,2026-03-01,Central African Republic,Obo,XAF,567.41
1227,2026-04-01,Central African Republic,Obo,XAF,571.14
1228,2026-01-01,Central African Republic,Paoua,XAF,558.82
1229,2026-02-01,Central African Republic,Paoua,XAF,554.77
1230,2026-03-01,Central African Republic,Paoua,XAF,567.41
1231,2026-04-01,Central African Republic,Paoua,XAF,571.14
1232,2026-01-01,Central African Republic,Pétévo,XAF,558.82
1233,2026-02-01,Central African Republic,Pétévo,XAF,554.77
1234,2026-03-01,Central African Republic,Pétévo,XAF,567.41
1235,2026-04-01,Central African Republic,Pétévo,XAF,571.14
1236,2026-01-01,Central African Republic,PK5,XAF,558.82
1237,2026-02-01,Central African Republic,PK5,XAF,554.77
1238,2026-03-01,Central African Republic,PK5,XAF,567.41
1239,2026-04-01,Central African Republic,PK5,XAF,571.14
1240,2026-01-01,Central African Republic,Sibut,XAF,558.82
1241,2026-02-01,Central African Republic,Sibut,XAF,554.77
1242,2026-03-01,Central African Republic,Sibut,XAF,567.41
1243,2026-04-01,Central African Republic,Sibut,XAF,571.14
1244,2026-01-01,Central African Republic,Sikikede,XAF,558.82
1245,2026-02-01,Central African Republic,Sikikede,XAF,554.77
1246,2026-03-01,Central African Republic,Sikikede,XAF,567.41
1247,2026-04-01,Central African Republic,Sikikede,XAF,571.14
1248,2026-01-01,Central African Republic,Yaloké,XAF,558.82
1249,2026-02-01,Central African Republic,Yaloké,XAF,554.77
1250,2026-03-01,Central African Republic,Yaloké,XAF,567.41
1251,2026-04-01,Central African Republic,Yaloké,XAF,571.14
1252,2026-01-01,Central African Republic,Zemio,XAF,558.82
1253,2026-02-01,Central African Republic,Zemio,XAF,554.77
1254,2026-03-01,Central African Republic,Zemio,XAF,567.41
1255,2026-04-01,Central African Republic,Zemio,XAF,571.14
1256,2026-01-01,Central African Republic,Market Average,XAF,558.82
1257,2026-02-01,Central African Republic,Market Average,XAF,554.77
1258,2026-03-01,Central African Republic,Market Average,XAF,567.41
1259,2026-04-01,Central African Republic,Market Average,XAF,571.14
1260,2026-01-01,Cameroon,Adoumri,XAF,558.82
1261,2026-02-01,Cameroon,Adoumri,XAF,554.77
1262,2026-03-01,Cameroon,Adoumri,XAF,567.41
1263,2026-04-01,Cameroon,Adoumri,XAF,571.15
1264,2026-01-01,Cameroon,Amchidé,XAF,558.82
1265,2026-02-01,Cameroon,Amchidé,XAF,554.77
1266,2026-03-01,Cameroon,Amchidé,XAF,567.41
1267,2026-04-01,Cameroon,Amchidé,XAF,571.15
1268,2026-01-01,Cameroon,Bafoussam,XAF,558.82
1269,2026-02-01,Cameroon,Bafoussam,XAF,554.77
1270,2026-03-01,Cameroon,Bafoussam,XAF,567.41
1271,2026-04-01,Cameroon,Bafoussam,XAF,571.15
1272,2026-01-01,Cameroon,Bamenda,XAF,558.82
1273,2026-02-01,Cameroon,Bamenda,XAF,554.77
1274,2026-03-01,Cameroon,Bamenda,XAF,567.41
1275,2026-04-01,Cameroon,Bamenda,XAF,571.15
1276,2026-01-01,Cameroon,Bamenda-Nkwen,XAF,558.82
1277,2026-02-01,Cameroon,Bamenda-Nkwen,XAF,554.77
1278,2026-03-01,Cameroon,Bamenda-Nkwen,XAF,567.41
1279,2026-04-01,Cameroon,Bamenda-Nkwen,XAF,571.15
1280,2026-01-01,Cameroon,Bamyanga,XAF,558.82
1281,2026-02-01,Cameroon,Bamyanga,XAF,554.77
1282,2026-03-01,Cameroon,Bamyanga,XAF,567.41
1283,2026-04-01,Cameroon,Bamyanga,XAF,571.15
1284,2026-01-01,Cameroon,Banyo,XAF,558.82
1285,2026-02-01,Cameroon,Banyo,XAF,554.77
1286,2026-03-01,Cameroon,Banyo,XAF,567.41
1287,2026-04-01,Cameroon,Banyo,XAF,571.15
1288,2026-01-01,Cameroon,Barombi Kang,XAF,558.82
1289,2026-02-01,Cameroon,Barombi Kang,XAF,554.77
1290,2026-03-01,Cameroon,Barombi Kang,XAF,567.41
1291,2026-04-01,Cameroon,Barombi Kang,XAF,571.15
1292,2026-01-01,Cameroon,Batoua Godolé,XAF,558.82
1293,2026-02-01,Cameroon,Batoua Godolé,XAF,554.77
1294,2026-03-01,Cameroon,Batoua Godolé,XAF,567.41
1295,2026-04-01,Cameroon,Batoua Godolé,XAF,571.15
1296,2026-01-01,Cameroon,Batouri,XAF,558.82
1297,2026-02-01,Cameroon,Batouri,XAF,554.77
1298,2026-03-01,Cameroon,Batouri,XAF,567.41
1299,2026-04-01,Cameroon,Batouri,XAF,571.15
1300,2026-01-01,Cameroon,Bertoua 1,XAF,558.82
1301,2026-02-01,Cameroon,Bertoua 1,XAF,554.77
1302,2026-03-01,Cameroon,Bertoua 1,XAF,567.41
1303,2026-04-01,Cameroon,Bertoua 1,XAF,571.15
1304,2026-01-01,Cameroon,Bertoua 2,XAF,558.82
1305,2026-02-01,Cameroon,Bertoua 2,XAF,554.77
1306,2026-03-01,Cameroon,Bertoua 2,XAF,567.41
1307,2026-04-01,Cameroon,Bertoua 2,XAF,571.15
1308,2026-01-01,Cameroon,Betare Oya,XAF,558.82
1309,2026-02-01,Cameroon,Betare Oya,XAF,554.77
1310,2026-03-01,Cameroon,Betare Oya,XAF,567.41
1311,2026-04-01,Cameroon,Betare Oya,XAF,571.15
1312,2026-01-01,Cameroon,Buea,XAF,558.82
1313,2026-02-01,Cameroon,Buea,XAF,554.77
1314,2026-03-01,Cameroon,Buea,XAF,567.41
1315,2026-04-01,Cameroon,Buea,XAF,571.15
1316,2026-01-01,Cameroon,Douala-Bonaberi,XAF,558.82
1317,2026-02-01,Cameroon,Douala-Bonaberi,XAF,554.77
1318,2026-03-01,Cameroon,Douala-Bonaberi,XAF,567.41
1319,2026-04-01,Cameroon,Douala-Bonaberi,XAF,571.15
1320,2026-01-01,Cameroon,Douala-Congo,XAF,558.82
1321,2026-02-01,Cameroon,Douala-Congo,XAF,554.77
1322,2026-03-01,Cameroon,Douala-Congo,XAF,567.41
1323,2026-04-01,Cameroon,Douala-Congo,XAF,571.15
1324,2026-01-01,Cameroon,Douala-Marché Central,XAF,558.82
1325,2026-02-01,Cameroon,Douala-Marché Central,XAF,554.77
1326,2026-03-01,Cameroon,Douala-Marché Central,XAF,567.41
1327,2026-04-01,Cameroon,Douala-Marché Central,XAF,571.15
1328,2026-01-01,Cameroon,Douala-Sandaga,XAF,558.82
1329,2026-02-01,Cameroon,Douala-Sandaga,XAF,554.77
1330,2026-03-01,Cameroon,Douala-Sandaga,XAF,567.41
1331,2026-04-01,Cameroon,Douala-Sandaga,XAF,571.15
1332,2026-01-01,Cameroon,Doukoula,XAF,558.82
1333,2026-02-01,Cameroon,Doukoula,XAF,554.77
1334,2026-03-01,Cameroon,Doukoula,XAF,567.41
1335,2026-04-01,Cameroon,Doukoula,XAF,571.15
1336,2026-01-01,Cameroon,Figuil,XAF,558.82
1337,2026-02-01,Cameroon,Figuil,XAF,554.77
1338,2026-03-01,Cameroon,Figuil,XAF,567.41
1339,2026-04-01,Cameroon,Figuil,XAF,571.15
1340,2026-01-01,Cameroon,Fotokol,XAF,558.82
1341,2026-02-01,Cameroon,Fotokol,XAF,554.77
1342,2026-03-01,Cameroon,Fotokol,XAF,567.41
1343,2026-04-01,Cameroon,Fotokol,XAF,571.15
1344,2026-01-01,Cameroon,Fundong,XAF,558.82
1345,2026-02-01,Cameroon,Fundong,XAF,554.77
1346,2026-03-01,Cameroon,Fundong,XAF,567.41
1347,2026-04-01,Cameroon,Fundong,XAF,571.15
1348,2026-01-01,Cameroon,Galim tignère,XAF,558.82
1349,2026-02-01,Cameroon,Galim tignère,XAF,554.77
1350,2026-03-01,Cameroon,Galim tignère,XAF,567.41
1351,2026-04-01,Cameroon,Galim tignère,XAF,571.15
1352,2026-01-01,Cameroon,Garoua,XAF,558.82
1353,2026-02-01,Cameroon,Garoua,XAF,554.77
1354,2026-03-01,Cameroon,Garoua,XAF,567.41
1355,2026-04-01,Cameroon,Garoua,XAF,571.15
1356,2026-01-01,Cameroon,Garoua Boulaï,XAF,558.82
1357,2026-02-01,Cameroon,Garoua Boulaï,XAF,554.77
1358,2026-03-01,Cameroon,Garoua Boulaï,XAF,567.41
1359,2026-04-01,Cameroon,Garoua Boulaï,XAF,571.15
1360,2026-01-01,Cameroon,Gazawa,XAF,558.82
1361,2026-02-01,Cameroon,Gazawa,XAF,554.77
1362,2026-03-01,Cameroon,Gazawa,XAF,567.41
1363,2026-04-01,Cameroon,Gazawa,XAF,571.15
1364,2026-01-01,Cameroon,Gbiti,XAF,558.82
1365,2026-02-01,Cameroon,Gbiti,XAF,554.77
1366,2026-03-01,Cameroon,Gbiti,XAF,567.41
1367,2026-04-01,Cameroon,Gbiti,XAF,571.15
1368,2026-01-01,Cameroon,Gobo,XAF,558.82
1369,2026-02-01,Cameroon,Gobo,XAF,554.77
1370,2026-03-01,Cameroon,Gobo,XAF,567.41
1371,2026-04-01,Cameroon,Gobo,XAF,571.15
1372,2026-01-01,Cameroon,Godé,XAF,558.82
1373,2026-02-01,Cameroon,Godé,XAF,554.77
1374,2026-03-01,Cameroon,Godé,XAF,567.41
1375,2026-04-01,Cameroon,Godé,XAF,571.15
1376,2026-01-01,Cameroon,Guider,XAF,558.82
1377,2026-02-01,Cameroon,Guider,XAF,554.77
1378,2026-03-01,Cameroon,Guider,XAF,567.41
1379,2026-04-01,Cameroon,Guider,XAF,571.15
1380,2026-01-01,Cameroon,Guiwa Yangamo,XAF,558.82
1381,2026-02-01,Cameroon,Guiwa Yangamo,XAF,554.77
1382,2026-03-01,Cameroon,Guiwa Yangamo,XAF,567.41
1383,2026-04-01,Cameroon,Guiwa Yangamo,XAF,571.15
1384,2026-01-01,Cameroon,Guzang,XAF,558.82
1385,2026-02-01,Cameroon,Guzang,XAF,554.77
1386,2026-03-01,Cameroon,Guzang,XAF,567.41
1387,2026-04-01,Cameroon,Guzang,XAF,571.15
1388,2026-01-01,Cameroon,Kaele,XAF,558.82
1389,2026-02-01,Cameroon,Kaele,XAF,554.77
1390,2026-03-01,Cameroon,Kaele,XAF,567.41
1391,2026-04-01,Cameroon,Kaele,XAF,571.15
1392,2026-01-01,Cameroon,Kentzou,XAF,558.82
1393,2026-02-01,Cameroon,Kentzou,XAF,554.77
1394,2026-03-01,Cameroon,Kentzou,XAF,567.41
1395,2026-04-01,Cameroon,Kentzou,XAF,571.15
1396,2026-01-01,Cameroon,Kétté,XAF,558.82
1397,2026-02-01,Cameroon,Kétté,XAF,554.77
1398,2026-03-01,Cameroon,Kétté,XAF,567.41
1399,2026-04-01,Cameroon,Kétté,XAF,571.15
1400,2026-01-01,Cameroon,Kolofata,XAF,558.82
1401,2026-02-01,Cameroon,Kolofata,XAF,554.77
1402,2026-03-01,Cameroon,Kolofata,XAF,567.41
1403,2026-04-01,Cameroon,Kolofata,XAF,571.15
1404,2026-01-01,Cameroon,Kousseri,XAF,558.82
1405,2026-02-01,Cameroon,Kousseri,XAF,554.77
1406,2026-03-01,Cameroon,Kousseri,XAF,567.41
1407,2026-04-01,Cameroon,Kousseri,XAF,571.15
1408,2026-01-01,Cameroon,Koza,XAF,558.82
1409,2026-02-01,Cameroon,Koza,XAF,554.77
1410,2026-03-01,Cameroon,Koza,XAF,567.41
1411,2026-04-01,Cameroon,Koza,XAF,571.15
1412,2026-01-01,Cameroon,Kumba,XAF,558.82
1413,2026-02-01,Cameroon,Kumba,XAF,554.77
1414,2026-03-01,Cameroon,Kumba,XAF,567.41
1415,2026-04-01,Cameroon,Kumba,XAF,571.15
1416,2026-01-01,Cameroon,Kumbo,XAF,558.82
1417,2026-02-01,Cameroon,Kumbo,XAF,554.77
1418,2026-03-01,Cameroon,Kumbo,XAF,567.41
1419,2026-04-01,Cameroon,Kumbo,XAF,571.15
1420,2026-01-01,Cameroon,Limbé,XAF,558.82
1421,2026-02-01,Cameroon,Limbé,XAF,554.77
1422,2026-03-01,Cameroon,Limbé,XAF,567.41
1423,2026-04-01,Cameroon,Limbé,XAF,571.15
1424,2026-01-01,Cameroon,Logone-Birni,XAF,558.82
1425,2026-02-01,Cameroon,Logone-Birni,XAF,554.77
1426,2026-03-01,Cameroon,Logone-Birni,XAF,567.41
1427,2026-04-01,Cameroon,Logone-Birni,XAF,571.15
1428,2026-01-01,Cameroon,Mada,XAF,558.82
1429,2026-02-01,Cameroon,Mada,XAF,554.77
1430,2026-03-01,Cameroon,Mada,XAF,567.41
1431,2026-04-01,Cameroon,Mada,XAF,571.15
1432,2026-01-01,Cameroon,Madingring,XAF,558.82
1433,2026-02-01,Cameroon,Madingring,XAF,554.77
1434,2026-03-01,Cameroon,Madingring,XAF,567.41
1435,2026-04-01,Cameroon,Madingring,XAF,571.15
1436,2026-01-01,Cameroon,Mamfé,XAF,558.82
1437,2026-02-01,Cameroon,Mamfé,XAF,554.77
1438,2026-03-01,Cameroon,Mamfé,XAF,567.41
1439,2026-04-01,Cameroon,Mamfé,XAF,571.15
1440,2026-01-01,Cameroon,Mandjou,XAF,558.82
1441,2026-02-01,Cameroon,Mandjou,XAF,554.77
1442,2026-03-01,Cameroon,Mandjou,XAF,567.41
1443,2026-04-01,Cameroon,Mandjou,XAF,571.15
1444,2026-01-01,Cameroon,Mara,XAF,558.82
1445,2026-02-01,Cameroon,Mara,XAF,554.77
1446,2026-03-01,Cameroon,Mara,XAF,567.41
1447,2026-04-01,Cameroon,Mara,XAF,571.15
1448,2026-01-01,Cameroon,Maroua,XAF,558.82
1449,2026-02-01,Cameroon,Maroua,XAF,554.77
1450,2026-03-01,Cameroon,Maroua,XAF,567.41
1451,2026-04-01,Cameroon,Maroua,XAF,571.15
1452,2026-01-01,Cameroon,Maroua-Dougoy,XAF,558.82
1453,2026-02-01,Cameroon,Maroua-Dougoy,XAF,554.77
1454,2026-03-01,Cameroon,Maroua-Dougoy,XAF,567.41
1455,2026-04-01,Cameroon,Maroua-Dougoy,XAF,571.15
1456,2026-01-01,Cameroon,Mayo Darlé,XAF,558.82
1457,2026-02-01,Cameroon,Mayo Darlé,XAF,554.77
1458,2026-03-01,Cameroon,Mayo Darlé,XAF,567.41
1459,2026-04-01,Cameroon,Mayo Darlé,XAF,571.15
1460,2026-01-01,Cameroon,Mayo galke,XAF,558.82
1461,2026-02-01,Cameroon,Mayo galke,XAF,554.77
1462,2026-03-01,Cameroon,Mayo galke,XAF,567.41
1463,2026-04-01,Cameroon,Mayo galke,XAF,571.15
1464,2026-01-01,Cameroon,Mayo Oulo,XAF,558.82
1465,2026-02-01,Cameroon,Mayo Oulo,XAF,554.77
1466,2026-03-01,Cameroon,Mayo Oulo,XAF,567.41
1467,2026-04-01,Cameroon,Mayo Oulo,XAF,571.15
1468,2026-01-01,Cameroon,Mbaiboum,XAF,558.82
1469,2026-02-01,Cameroon,Mbaiboum,XAF,554.77
1470,2026-03-01,Cameroon,Mbaiboum,XAF,567.41
1471,2026-04-01,Cameroon,Mbaiboum,XAF,571.15
1472,2026-01-01,Cameroon,Mbé,XAF,558.82
1473,2026-02-01,Cameroon,Mbé,XAF,554.77
1474,2026-03-01,Cameroon,Mbé,XAF,567.41
1475,2026-04-01,Cameroon,Mbé,XAF,571.15
1476,2026-01-01,Cameroon,Meiganga,XAF,558.82
1477,2026-02-01,Cameroon,Meiganga,XAF,554.77
1478,2026-03-01,Cameroon,Meiganga,XAF,567.41
1479,2026-04-01,Cameroon,Meiganga,XAF,571.15
1480,2026-01-01,Cameroon,Mogode,XAF,558.82
1481,2026-02-01,Cameroon,Mogode,XAF,554.77
1482,2026-03-01,Cameroon,Mogode,XAF,567.41
1483,2026-04-01,Cameroon,Mogode,XAF,571.15
1484,2026-01-01,Cameroon,Mokolo,XAF,558.82
1485,2026-02-01,Cameroon,Mokolo,XAF,554.77
1486,2026-03-01,Cameroon,Mokolo,XAF,567.41
1487,2026-04-01,Cameroon,Mokolo,XAF,571.15
1488,2026-01-01,Cameroon,Mora,XAF,558.82
1489,2026-02-01,Cameroon,Mora,XAF,554.77
1490,2026-03-01,Cameroon,Mora,XAF,567.41
1491,2026-04-01,Cameroon,Mora,XAF,571.15
1492,2026-01-01,Cameroon,Muea,XAF,558.82
1493,2026-02-01,Cameroon,Muea,XAF,554.77
1494,2026-03-01,Cameroon,Muea,XAF,567.41
1495,2026-04-01,Cameroon,Muea,XAF,571.15
1496,2026-01-01,Cameroon,Mutengene,XAF,558.82
1497,2026-02-01,Cameroon,Mutengene,XAF,554.77
1498,2026-03-01,Cameroon,Mutengene,XAF,567.41
1499,2026-04-01,Cameroon,Mutengene,XAF,571.15
1500,2026-01-01,Cameroon,Ndokayo,XAF,558.82
1501,2026-02-01,Cameroon,Ndokayo,XAF,554.77
1502,2026-03-01,Cameroon,Ndokayo,XAF,567.41
1503,2026-04-01,Cameroon,Ndokayo,XAF,571.15
1504,2026-01-01,Cameroon,Ndop,XAF,558.82
1505,2026-02-01,Cameroon,Ndop,XAF,554.77
1506,2026-03-01,Cameroon,Ndop,XAF,567.41
1507,2026-04-01,Cameroon,Ndop,XAF,571.15
1508,2026-01-01,Cameroon,Ngaoui,XAF,558.82
1509,2026-02-01,Cameroon,Ngaoui,XAF,554.77
1510,2026-03-01,Cameroon,Ngaoui,XAF,567.41
1511,2026-04-01,Cameroon,Ngaoui,XAF,571.15
1512,2026-01-01,Cameroon,Ngaoundéré,XAF,558.82
1513,2026-02-01,Cameroon,Ngaoundéré,XAF,554.77
1514,2026-03-01,Cameroon,Ngaoundéré,XAF,567.41
1515,2026-04-01,Cameroon,Ngaoundéré,XAF,571.15
1516,2026-01-01,Cameroon,Ngong,XAF,558.82
1517,2026-02-01,Cameroon,Ngong,XAF,554.77
1518,2026-03-01,Cameroon,Ngong,XAF,567.41
1519,2026-04-01,Cameroon,Ngong,XAF,571.15
1520,2026-01-01,Cameroon,Nkambe,XAF,558.82
1521,2026-02-01,Cameroon,Nkambe,XAF,554.77
1522,2026-03-01,Cameroon,Nkambe,XAF,567.41
1523,2026-04-01,Cameroon,Nkambe,XAF,571.15
1524,2026-01-01,Cameroon,Pintchoumba,XAF,558.82
1525,2026-02-01,Cameroon,Pintchoumba,XAF,554.77
1526,2026-03-01,Cameroon,Pintchoumba,XAF,567.41
1527,2026-04-01,Cameroon,Pintchoumba,XAF,571.15
1528,2026-01-01,Cameroon,Pitoa,XAF,558.82
1529,2026-02-01,Cameroon,Pitoa,XAF,554.77
1530,2026-03-01,Cameroon,Pitoa,XAF,567.41
1531,2026-04-01,Cameroon,Pitoa,XAF,571.15
1532,2026-01-01,Cameroon,Poli,XAF,558.82
1533,2026-02-01,Cameroon,Poli,XAF,554.77
1534,2026-03-01,Cameroon,Poli,XAF,567.41
1535,2026-04-01,Cameroon,Poli,XAF,571.15
1536,2026-01-01,Cameroon,Rey Bouba,XAF,558.82
1537,2026-02-01,Cameroon,Rey Bouba,XAF,554.77
1538,2026-03-01,Cameroon,Rey Bouba,XAF,567.41
1539,2026-04-01,Cameroon,Rey Bouba,XAF,571.15
1540,2026-01-01,Cameroon,Salak,XAF,558.82
1541,2026-02-01,Cameroon,Salak,XAF,554.77
1542,2026-03-01,Cameroon,Salak,XAF,567.41
1543,2026-04-01,Cameroon,Salak,XAF,571.15
1544,2026-01-01,Cameroon,Tibati,XAF,558.82
1545,2026-02-01,Cameroon,Tibati,XAF,554.77
1546,2026-03-01,Cameroon,Tibati,XAF,567.41
1547,2026-04-01,Cameroon,Tibati,XAF,571.15
1548,2026-01-01,Cameroon,Tignère,XAF,558.82
1549,2026-02-01,Cameroon,Tignère,XAF,554.77
1550,2026-03-01,Cameroon,Tignère,XAF,567.41
1551,2026-04-01,Cameroon,Tignère,XAF,571.15
1552,2026-01-01,Cameroon,Tiko,XAF,558.82
1553,2026-02-01,Cameroon,Tiko,XAF,554.77
1554,2026-03-01,Cameroon,Tiko,XAF,567.41
1555,2026-04-01,Cameroon,Tiko,XAF,571.15
1556,2026-01-01,Cameroon,Tokombere,XAF,558.82
1557,2026-02-01,Cameroon,Tokombere,XAF,554.77
1558,2026-03-01,Cameroon,Tokombere,XAF,567.41
1559,2026-04-01,Cameroon,Tokombere,XAF,571.15
1560,2026-01-01,Cameroon,Tongo Gandima,XAF,558.82
1561,2026-02-01,Cameroon,Tongo Gandima,XAF,554.77
1562,2026-03-01,Cameroon,Tongo Gandima,XAF,567.41
1563,2026-04-01,Cameroon,Tongo Gandima,XAF,571.15
1564,2026-01-01,Cameroon,Wum,XAF,558.82
1565,2026-02-01,Cameroon,Wum,XAF,554.77
1566,2026-03-01,Cameroon,Wum,XAF,567.41
1567,2026-04-01,Cameroon,Wum,XAF,571.15
1568,2026-01-01,Cameroon,Yagoua,XAF,558.82
1569,2026-02-01,Cameroon,Yagoua,XAF,554.77
1570,2026-03-01,Cameroon,Yagoua,XAF,567.41
1571,2026-04-01,Cameroon,Yagoua,XAF,571.15
1572,2026-01-01,Cameroon,Yamba,XAF,558.82
1573,2026-02-01,Cameroon,Yamba,XAF,554.77
1574,2026-03-01,Cameroon,Yamba,XAF,567.41
1575,2026-04-01,Cameroon,Yamba,XAF,571.15
1576,2026-01-01,Cameroon,Yaoundé-Marché 8e,XAF,558.82
1577,2026-02-01,Cameroon,Yaoundé-Marché 8e,XAF,554.77
1578,2026-03-01,Cameroon,Yaoundé-Marché 8e,XAF,567.41
1579,2026-04-01,Cameroon,Yaoundé-Marché 8e,XAF,571.15
1580,2026-01-01,Cameroon,Yaoundé-Mfoundi,XAF,558.82
1581,2026-02-01,Cameroon,Yaoundé-Mfoundi,XAF,554.77
1582,2026-03-01,Cameroon,Yaoundé-Mfoundi,XAF,567.41
1583,2026-04-01,Cameroon,Yaoundé-Mfoundi,XAF,571.15
1584,2026-01-01,Cameroon,Yaoundé-Mokolo,XAF,558.82
1585,2026-02-01,Cameroon,Yaoundé-Mokolo,XAF,554.77
1586,2026-03-01,Cameroon,Yaoundé-Mokolo,XAF,567.41
1587,2026-04-01,Cameroon,Yaoundé-Mokolo,XAF,571.15
1588,2026-01-01,Cameroon,Zamay,XAF,558.82
1589,2026-02-01,Cameroon,Zamay,XAF,554.77
1590,2026-03-01,Cameroon,Zamay,XAF,567.41
1591,2026-04-01,Cameroon,Zamay,XAF,571.15
1592,2026-01-01,Cameroon,Market Average,XAF,558.82
1593,2026-02-01,Cameroon,Market Average,XAF,554.77
1594,2026-03-01,Cameroon,Market Average,XAF,567.41
1595,2026-04-01,Cameroon,Market Average,XAF,571.15
1596,2026-01-01,"Congo, Dem. Rep.",Aba,CDF,2191.66
1597,2026-02-01,"Congo, Dem. Rep.",Aba,CDF,2228.07
1598,2026-03-01,"Congo, Dem. Rep.",Aba,CDF,2248.89
1599,2026-04-01,"Congo, Dem. Rep.",Aba,CDF,2278.69
1600,2026-01-01,"Congo, Dem. Rep.",Alanine,CDF,2191.66
1601,2026-02-01,"Congo, Dem. Rep.",Alanine,CDF,2228.07
1602,2026-03-01,"Congo, Dem. Rep.",Alanine,CDF,2248.89
1603,2026-04-01,"Congo, Dem. Rep.",Alanine,CDF,2278.69
1604,2026-01-01,"Congo, Dem. Rep.",Alimbogo,CDF,2191.66
1605,2026-02-01,"Congo, Dem. Rep.",Alimbogo,CDF,2228.07
1606,2026-03-01,"Congo, Dem. Rep.",Alimbogo,CDF,2248.89
1607,2026-04-01,"Congo, Dem. Rep.",Alimbogo,CDF,2278.69
1608,2026-01-01,"Congo, Dem. Rep.",Aloya,CDF,2191.66
1609,2026-02-01,"Congo, Dem. Rep.",Aloya,CDF,2228.07
1610,2026-03-01,"Congo, Dem. Rep.",Aloya,CDF,2248.89
1611,2026-04-01,"Congo, Dem. Rep.",Aloya,CDF,2278.69
1612,2026-01-01,"Congo, Dem. Rep.",Aru,CDF,2191.66
1613,2026-02-01,"Congo, Dem. Rep.",Aru,CDF,2228.07
1614,2026-03-01,"Congo, Dem. Rep.",Aru,CDF,2248.89
1615,2026-04-01,"Congo, Dem. Rep.",Aru,CDF,2278.69
1616,2026-01-01,"Congo, Dem. Rep.",Aungba,CDF,2191.66
1617,2026-02-01,"Congo, Dem. Rep.",Aungba,CDF,2228.07
1618,2026-03-01,"Congo, Dem. Rep.",Aungba,CDF,2248.89
1619,2026-04-01,"Congo, Dem. Rep.",Aungba,CDF,2278.69
1620,2026-01-01,"Congo, Dem. Rep.",Ba,CDF,2191.66
1621,2026-02-01,"Congo, Dem. Rep.",Ba,CDF,2228.07
1622,2026-03-01,"Congo, Dem. Rep.",Ba,CDF,2248.89
1623,2026-04-01,"Congo, Dem. Rep.",Ba,CDF,2278.69
1624,2026-01-01,"Congo, Dem. Rep.",Bafwasende,CDF,2191.66
1625,2026-02-01,"Congo, Dem. Rep.",Bafwasende,CDF,2228.07
1626,2026-03-01,"Congo, Dem. Rep.",Bafwasende,CDF,2248.89
1627,2026-04-01,"Congo, Dem. Rep.",Bafwasende,CDF,2278.69
1628,2026-01-01,"Congo, Dem. Rep.",Bandundu ville,CDF,2191.66
1629,2026-02-01,"Congo, Dem. Rep.",Bandundu ville,CDF,2228.07
1630,2026-03-01,"Congo, Dem. Rep.",Bandundu ville,CDF,2248.89
1631,2026-04-01,"Congo, Dem. Rep.",Bandundu ville,CDF,2278.69
1632,2026-01-01,"Congo, Dem. Rep.",Banga Lubaka,CDF,2191.66
1633,2026-02-01,"Congo, Dem. Rep.",Banga Lubaka,CDF,2228.07
1634,2026-03-01,"Congo, Dem. Rep.",Banga Lubaka,CDF,2248.89
1635,2026-04-01,"Congo, Dem. Rep.",Banga Lubaka,CDF,2278.69
1636,2026-01-01,"Congo, Dem. Rep.",Baraka,CDF,2191.66
1637,2026-02-01,"Congo, Dem. Rep.",Baraka,CDF,2228.07
1638,2026-03-01,"Congo, Dem. Rep.",Baraka,CDF,2248.89
1639,2026-04-01,"Congo, Dem. Rep.",Baraka,CDF,2278.69
1640,2026-01-01,"Congo, Dem. Rep.",Basoko,CDF,2191.66
1641,2026-02-01,"Congo, Dem. Rep.",Basoko,CDF,2228.07
1642,2026-03-01,"Congo, Dem. Rep.",Basoko,CDF,2248.89
1643,2026-04-01,"Congo, Dem. Rep.",Basoko,CDF,2278.69
1644,2026-01-01,"Congo, Dem. Rep.",Bele,CDF,2191.66
1645,2026-02-01,"Congo, Dem. Rep.",Bele,CDF,2228.07
1646,2026-03-01,"Congo, Dem. Rep.",Bele,CDF,2248.89
1647,2026-04-01,"Congo, Dem. Rep.",Bele,CDF,2278.69
1648,2026-01-01,"Congo, Dem. Rep.",Beni,CDF,2191.66
1649,2026-02-01,"Congo, Dem. Rep.",Beni,CDF,2228.07
1650,2026-03-01,"Congo, Dem. Rep.",Beni,CDF,2248.89
1651,2026-04-01,"Congo, Dem. Rep.",Beni,CDF,2278.69
1652,2026-01-01,"Congo, Dem. Rep.",Bipongo,CDF,2191.66
1653,2026-02-01,"Congo, Dem. Rep.",Bipongo,CDF,2228.07
1654,2026-03-01,"Congo, Dem. Rep.",Bipongo,CDF,2248.89
1655,2026-04-01,"Congo, Dem. Rep.",Bipongo,CDF,2278.69
1656,2026-01-01,"Congo, Dem. Rep.",Birere,CDF,2191.66
1657,2026-02-01,"Congo, Dem. Rep.",Birere,CDF,2228.07
1658,2026-03-01,"Congo, Dem. Rep.",Birere,CDF,2248.89
1659,2026-04-01,"Congo, Dem. Rep.",Birere,CDF,2278.69
1660,2026-01-01,"Congo, Dem. Rep.",Biringi,CDF,2191.66
1661,2026-02-01,"Congo, Dem. Rep.",Biringi,CDF,2228.07
1662,2026-03-01,"Congo, Dem. Rep.",Biringi,CDF,2248.89
1663,2026-04-01,"Congo, Dem. Rep.",Biringi,CDF,2278.69
1664,2026-01-01,"Congo, Dem. Rep.",Boma,CDF,2191.66
1665,2026-02-01,"Congo, Dem. Rep.",Boma,CDF,2228.07
1666,2026-03-01,"Congo, Dem. Rep.",Boma,CDF,2248.89
1667,2026-04-01,"Congo, Dem. Rep.",Boma,CDF,2278.69
1668,2026-01-01,"Congo, Dem. Rep.",Bosobolo,CDF,2191.66
1669,2026-02-01,"Congo, Dem. Rep.",Bosobolo,CDF,2228.07
1670,2026-03-01,"Congo, Dem. Rep.",Bosobolo,CDF,2248.89
1671,2026-04-01,"Congo, Dem. Rep.",Bosobolo,CDF,2278.69
1672,2026-01-01,"Congo, Dem. Rep.",Boyabu,CDF,2191.66
1673,2026-02-01,"Congo, Dem. Rep.",Boyabu,CDF,2228.07
1674,2026-03-01,"Congo, Dem. Rep.",Boyabu,CDF,2248.89
1675,2026-04-01,"Congo, Dem. Rep.",Boyabu,CDF,2278.69
1676,2026-01-01,"Congo, Dem. Rep.",Bule,CDF,2191.66
1677,2026-02-01,"Congo, Dem. Rep.",Bule,CDF,2228.07
1678,2026-03-01,"Congo, Dem. Rep.",Bule,CDF,2248.89
1679,2026-04-01,"Congo, Dem. Rep.",Bule,CDF,2278.69
1680,2026-01-01,"Congo, Dem. Rep.",Bule Centre,CDF,2191.66
1681,2026-02-01,"Congo, Dem. Rep.",Bule Centre,CDF,2228.07
1682,2026-03-01,"Congo, Dem. Rep.",Bule Centre,CDF,2248.89
1683,2026-04-01,"Congo, Dem. Rep.",Bule Centre,CDF,2278.69
1684,2026-01-01,"Congo, Dem. Rep.",Bulenga - Kagarama,CDF,2191.66
1685,2026-02-01,"Congo, Dem. Rep.",Bulenga - Kagarama,CDF,2228.07
1686,2026-03-01,"Congo, Dem. Rep.",Bulenga - Kagarama,CDF,2248.89
1687,2026-04-01,"Congo, Dem. Rep.",Bulenga - Kagarama,CDF,2278.69
1688,2026-01-01,"Congo, Dem. Rep.",Bulengo,CDF,2191.66
1689,2026-02-01,"Congo, Dem. Rep.",Bulengo,CDF,2228.07
1690,2026-03-01,"Congo, Dem. Rep.",Bulengo,CDF,2248.89
1691,2026-04-01,"Congo, Dem. Rep.",Bulengo,CDF,2278.69
1692,2026-01-01,"Congo, Dem. Rep.",Bunia,CDF,2191.66
1693,2026-02-01,"Congo, Dem. Rep.",Bunia,CDF,2228.07
1694,2026-03-01,"Congo, Dem. Rep.",Bunia,CDF,2248.89
1695,2026-04-01,"Congo, Dem. Rep.",Bunia,CDF,2278.69
1696,2026-01-01,"Congo, Dem. Rep.",Bunkonde Centre,CDF,2191.66
1697,2026-02-01,"Congo, Dem. Rep.",Bunkonde Centre,CDF,2228.07
1698,2026-03-01,"Congo, Dem. Rep.",Bunkonde Centre,CDF,2248.89
1699,2026-04-01,"Congo, Dem. Rep.",Bunkonde Centre,CDF,2278.69
1700,2026-01-01,"Congo, Dem. Rep.",Bunzi,CDF,2191.66
1701,2026-02-01,"Congo, Dem. Rep.",Bunzi,CDF,2228.07
1702,2026-03-01,"Congo, Dem. Rep.",Bunzi,CDF,2248.89
1703,2026-04-01,"Congo, Dem. Rep.",Bunzi,CDF,2278.69
1704,2026-01-01,"Congo, Dem. Rep.",Businga,CDF,2191.66
1705,2026-02-01,"Congo, Dem. Rep.",Businga,CDF,2228.07
1706,2026-03-01,"Congo, Dem. Rep.",Businga,CDF,2248.89
1707,2026-04-01,"Congo, Dem. Rep.",Businga,CDF,2278.69
1708,2026-01-01,"Congo, Dem. Rep.",Buta,CDF,2191.66
1709,2026-02-01,"Congo, Dem. Rep.",Buta,CDF,2228.07
1710,2026-03-01,"Congo, Dem. Rep.",Buta,CDF,2248.89
1711,2026-04-01,"Congo, Dem. Rep.",Buta,CDF,2278.69
1712,2026-01-01,"Congo, Dem. Rep.",Butembo,CDF,2191.66
1713,2026-02-01,"Congo, Dem. Rep.",Butembo,CDF,2228.07
1714,2026-03-01,"Congo, Dem. Rep.",Butembo,CDF,2248.89
1715,2026-04-01,"Congo, Dem. Rep.",Butembo,CDF,2278.69
1716,2026-01-01,"Congo, Dem. Rep.",Bweremana,CDF,2191.66
1717,2026-02-01,"Congo, Dem. Rep.",Bweremana,CDF,2228.07
1718,2026-03-01,"Congo, Dem. Rep.",Bweremana,CDF,2248.89
1719,2026-04-01,"Congo, Dem. Rep.",Bweremana,CDF,2278.69
1720,2026-01-01,"Congo, Dem. Rep.",Central de Banalia,CDF,2191.66
1721,2026-02-01,"Congo, Dem. Rep.",Central de Banalia,CDF,2228.07
1722,2026-03-01,"Congo, Dem. Rep.",Central de Banalia,CDF,2248.89
1723,2026-04-01,"Congo, Dem. Rep.",Central de Banalia,CDF,2278.69
1724,2026-01-01,"Congo, Dem. Rep.",Central de Befale,CDF,2191.66
1725,2026-02-01,"Congo, Dem. Rep.",Central de Befale,CDF,2228.07
1726,2026-03-01,"Congo, Dem. Rep.",Central de Befale,CDF,2248.89
1727,2026-04-01,"Congo, Dem. Rep.",Central de Befale,CDF,2278.69
1728,2026-01-01,"Congo, Dem. Rep.",Central de Demba,CDF,2191.66
1729,2026-02-01,"Congo, Dem. Rep.",Central de Demba,CDF,2228.07
1730,2026-03-01,"Congo, Dem. Rep.",Central de Demba,CDF,2248.89
1731,2026-04-01,"Congo, Dem. Rep.",Central de Demba,CDF,2278.69
1732,2026-01-01,"Congo, Dem. Rep.",Central de Masimanimba,CDF,2191.66
1733,2026-02-01,"Congo, Dem. Rep.",Central de Masimanimba,CDF,2228.07
1734,2026-03-01,"Congo, Dem. Rep.",Central de Masimanimba,CDF,2248.89
1735,2026-04-01,"Congo, Dem. Rep.",Central de Masimanimba,CDF,2278.69
1736,2026-01-01,"Congo, Dem. Rep.",Centrale,CDF,2191.66
1737,2026-02-01,"Congo, Dem. Rep.",Centrale,CDF,2228.07
1738,2026-03-01,"Congo, Dem. Rep.",Centrale,CDF,2248.89
1739,2026-04-01,"Congo, Dem. Rep.",Centrale,CDF,2278.69
1740,2026-01-01,"Congo, Dem. Rep.",Chikoma,CDF,2191.66
1741,2026-02-01,"Congo, Dem. Rep.",Chikoma,CDF,2228.07
1742,2026-03-01,"Congo, Dem. Rep.",Chikoma,CDF,2248.89
1743,2026-04-01,"Congo, Dem. Rep.",Chikoma,CDF,2278.69
1744,2026-01-01,"Congo, Dem. Rep.",Dibumba,CDF,2191.66
1745,2026-02-01,"Congo, Dem. Rep.",Dibumba,CDF,2228.07
1746,2026-03-01,"Congo, Dem. Rep.",Dibumba,CDF,2248.89
1747,2026-04-01,"Congo, Dem. Rep.",Dibumba,CDF,2278.69
1748,2026-01-01,"Congo, Dem. Rep.",Djalasiga,CDF,2191.66
1749,2026-02-01,"Congo, Dem. Rep.",Djalasiga,CDF,2228.07
1750,2026-03-01,"Congo, Dem. Rep.",Djalasiga,CDF,2248.89
1751,2026-04-01,"Congo, Dem. Rep.",Djalasiga,CDF,2278.69
1752,2026-01-01,"Congo, Dem. Rep.",Doruma,CDF,2191.66
1753,2026-02-01,"Congo, Dem. Rep.",Doruma,CDF,2228.07
1754,2026-03-01,"Congo, Dem. Rep.",Doruma,CDF,2248.89
1755,2026-04-01,"Congo, Dem. Rep.",Doruma,CDF,2278.69
1756,2026-01-01,"Congo, Dem. Rep.",Dungu,CDF,2191.66
1757,2026-02-01,"Congo, Dem. Rep.",Dungu,CDF,2228.07
1758,2026-03-01,"Congo, Dem. Rep.",Dungu,CDF,2248.89
1759,2026-04-01,"Congo, Dem. Rep.",Dungu,CDF,2278.69
1760,2026-01-01,"Congo, Dem. Rep.",Gbadolite,CDF,2191.66
1761,2026-02-01,"Congo, Dem. Rep.",Gbadolite,CDF,2228.07
1762,2026-03-01,"Congo, Dem. Rep.",Gbadolite,CDF,2248.89
1763,2026-04-01,"Congo, Dem. Rep.",Gbadolite,CDF,2278.69
1764,2026-01-01,"Congo, Dem. Rep.",Gemena,CDF,2191.66
1765,2026-02-01,"Congo, Dem. Rep.",Gemena,CDF,2228.07
1766,2026-03-01,"Congo, Dem. Rep.",Gemena,CDF,2248.89
1767,2026-04-01,"Congo, Dem. Rep.",Gemena,CDF,2278.69
1768,2026-01-01,"Congo, Dem. Rep.",Goma,CDF,2191.66
1769,2026-02-01,"Congo, Dem. Rep.",Goma,CDF,2228.07
1770,2026-03-01,"Congo, Dem. Rep.",Goma,CDF,2248.89
1771,2026-04-01,"Congo, Dem. Rep.",Goma,CDF,2278.69
1772,2026-01-01,"Congo, Dem. Rep.",Iga Barriere,CDF,2191.66
1773,2026-02-01,"Congo, Dem. Rep.",Iga Barriere,CDF,2228.07
1774,2026-03-01,"Congo, Dem. Rep.",Iga Barriere,CDF,2248.89
1775,2026-04-01,"Congo, Dem. Rep.",Iga Barriere,CDF,2278.69
1776,2026-01-01,"Congo, Dem. Rep.",Ihusi,CDF,2191.66
1777,2026-02-01,"Congo, Dem. Rep.",Ihusi,CDF,2228.07
1778,2026-03-01,"Congo, Dem. Rep.",Ihusi,CDF,2248.89
1779,2026-04-01,"Congo, Dem. Rep.",Ihusi,CDF,2278.69
1780,2026-01-01,"Congo, Dem. Rep.",Inke,CDF,2191.66
1781,2026-02-01,"Congo, Dem. Rep.",Inke,CDF,2228.07
1782,2026-03-01,"Congo, Dem. Rep.",Inke,CDF,2248.89
1783,2026-04-01,"Congo, Dem. Rep.",Inke,CDF,2278.69
1784,2026-01-01,"Congo, Dem. Rep.",Isiro,CDF,2191.66
1785,2026-02-01,"Congo, Dem. Rep.",Isiro,CDF,2228.07
1786,2026-03-01,"Congo, Dem. Rep.",Isiro,CDF,2248.89
1787,2026-04-01,"Congo, Dem. Rep.",Isiro,CDF,2278.69
1788,2026-01-01,"Congo, Dem. Rep.",Kabalo,CDF,2191.66
1789,2026-02-01,"Congo, Dem. Rep.",Kabalo,CDF,2228.07
1790,2026-03-01,"Congo, Dem. Rep.",Kabalo,CDF,2248.89
1791,2026-04-01,"Congo, Dem. Rep.",Kabalo,CDF,2278.69
1792,2026-01-01,"Congo, Dem. Rep.",Kabamba,CDF,2191.66
1793,2026-02-01,"Congo, Dem. Rep.",Kabamba,CDF,2228.07
1794,2026-03-01,"Congo, Dem. Rep.",Kabamba,CDF,2248.89
1795,2026-04-01,"Congo, Dem. Rep.",Kabamba,CDF,2278.69
1796,2026-01-01,"Congo, Dem. Rep.",Kabeya Kamuanga,CDF,2191.66
1797,2026-02-01,"Congo, Dem. Rep.",Kabeya Kamuanga,CDF,2228.07
1798,2026-03-01,"Congo, Dem. Rep.",Kabeya Kamuanga,CDF,2248.89
1799,2026-04-01,"Congo, Dem. Rep.",Kabeya Kamuanga,CDF,2278.69
1800,2026-01-01,"Congo, Dem. Rep.",Kadutu,CDF,2191.66
1801,2026-02-01,"Congo, Dem. Rep.",Kadutu,CDF,2228.07
1802,2026-03-01,"Congo, Dem. Rep.",Kadutu,CDF,2248.89
1803,2026-04-01,"Congo, Dem. Rep.",Kadutu,CDF,2278.69
1804,2026-01-01,"Congo, Dem. Rep.",Kahemba,CDF,2191.66
1805,2026-02-01,"Congo, Dem. Rep.",Kahemba,CDF,2228.07
1806,2026-03-01,"Congo, Dem. Rep.",Kahemba,CDF,2248.89
1807,2026-04-01,"Congo, Dem. Rep.",Kahemba,CDF,2278.69
1808,2026-01-01,"Congo, Dem. Rep.",Kajiba,CDF,2191.66
1809,2026-02-01,"Congo, Dem. Rep.",Kajiba,CDF,2228.07
1810,2026-03-01,"Congo, Dem. Rep.",Kajiba,CDF,2248.89
1811,2026-04-01,"Congo, Dem. Rep.",Kajiba,CDF,2278.69
1812,2026-01-01,"Congo, Dem. Rep.",Kajiji,CDF,2191.66
1813,2026-02-01,"Congo, Dem. Rep.",Kajiji,CDF,2228.07
1814,2026-03-01,"Congo, Dem. Rep.",Kajiji,CDF,2248.89
1815,2026-04-01,"Congo, Dem. Rep.",Kajiji,CDF,2278.69
1816,2026-01-01,"Congo, Dem. Rep.",Kakenge,CDF,2191.66
1817,2026-02-01,"Congo, Dem. Rep.",Kakenge,CDF,2228.07
1818,2026-03-01,"Congo, Dem. Rep.",Kakenge,CDF,2248.89
1819,2026-04-01,"Congo, Dem. Rep.",Kakenge,CDF,2278.69
1820,2026-01-01,"Congo, Dem. Rep.",Kakinda,CDF,2191.66
1821,2026-02-01,"Congo, Dem. Rep.",Kakinda,CDF,2228.07
1822,2026-03-01,"Congo, Dem. Rep.",Kakinda,CDF,2248.89
1823,2026-04-01,"Congo, Dem. Rep.",Kakinda,CDF,2278.69
1824,2026-01-01,"Congo, Dem. Rep.",Kalemie,CDF,2191.66
1825,2026-02-01,"Congo, Dem. Rep.",Kalemie,CDF,2228.07
1826,2026-03-01,"Congo, Dem. Rep.",Kalemie,CDF,2248.89
1827,2026-04-01,"Congo, Dem. Rep.",Kalemie,CDF,2278.69
1828,2026-01-01,"Congo, Dem. Rep.",Kalomba,CDF,2191.66
1829,2026-02-01,"Congo, Dem. Rep.",Kalomba,CDF,2228.07
1830,2026-03-01,"Congo, Dem. Rep.",Kalomba,CDF,2248.89
1831,2026-04-01,"Congo, Dem. Rep.",Kalomba,CDF,2278.69
1832,2026-01-01,"Congo, Dem. Rep.",Kalombo,CDF,2191.66
1833,2026-02-01,"Congo, Dem. Rep.",Kalombo,CDF,2228.07
1834,2026-03-01,"Congo, Dem. Rep.",Kalombo,CDF,2248.89
1835,2026-04-01,"Congo, Dem. Rep.",Kalombo,CDF,2278.69
1836,2026-01-01,"Congo, Dem. Rep.",Kalungu,CDF,2191.66
1837,2026-02-01,"Congo, Dem. Rep.",Kalungu,CDF,2228.07
1838,2026-03-01,"Congo, Dem. Rep.",Kalungu,CDF,2248.89
1839,2026-04-01,"Congo, Dem. Rep.",Kalungu,CDF,2278.69
1840,2026-01-01,"Congo, Dem. Rep.",Kamako,CDF,2191.66
1841,2026-02-01,"Congo, Dem. Rep.",Kamako,CDF,2228.07
1842,2026-03-01,"Congo, Dem. Rep.",Kamako,CDF,2248.89
1843,2026-04-01,"Congo, Dem. Rep.",Kamako,CDF,2278.69
1844,2026-01-01,"Congo, Dem. Rep.",Kamalenga,CDF,2191.66
1845,2026-02-01,"Congo, Dem. Rep.",Kamalenga,CDF,2228.07
1846,2026-03-01,"Congo, Dem. Rep.",Kamalenga,CDF,2248.89
1847,2026-04-01,"Congo, Dem. Rep.",Kamalenga,CDF,2278.69
1848,2026-01-01,"Congo, Dem. Rep.",Kamina,CDF,2191.66
1849,2026-02-01,"Congo, Dem. Rep.",Kamina,CDF,2228.07
1850,2026-03-01,"Congo, Dem. Rep.",Kamina,CDF,2248.89
1851,2026-04-01,"Congo, Dem. Rep.",Kamina,CDF,2278.69
1852,2026-01-01,"Congo, Dem. Rep.",Kamonia,CDF,2191.66
1853,2026-02-01,"Congo, Dem. Rep.",Kamonia,CDF,2228.07
1854,2026-03-01,"Congo, Dem. Rep.",Kamonia,CDF,2248.89
1855,2026-04-01,"Congo, Dem. Rep.",Kamonia,CDF,2278.69
1856,2026-01-01,"Congo, Dem. Rep.",Kamwesha,CDF,2191.66
1857,2026-02-01,"Congo, Dem. Rep.",Kamwesha,CDF,2228.07
1858,2026-03-01,"Congo, Dem. Rep.",Kamwesha,CDF,2248.89
1859,2026-04-01,"Congo, Dem. Rep.",Kamwesha,CDF,2278.69
1860,2026-01-01,"Congo, Dem. Rep.",Kananga,CDF,2191.66
1861,2026-02-01,"Congo, Dem. Rep.",Kananga,CDF,2228.07
1862,2026-03-01,"Congo, Dem. Rep.",Kananga,CDF,2248.89
1863,2026-04-01,"Congo, Dem. Rep.",Kananga,CDF,2278.69
1864,2026-01-01,"Congo, Dem. Rep.",Kaniola,CDF,2191.66
1865,2026-02-01,"Congo, Dem. Rep.",Kaniola,CDF,2228.07
1866,2026-03-01,"Congo, Dem. Rep.",Kaniola,CDF,2248.89
1867,2026-04-01,"Congo, Dem. Rep.",Kaniola,CDF,2278.69
1868,2026-01-01,"Congo, Dem. Rep.",Kanyabayonga,CDF,2191.66
1869,2026-02-01,"Congo, Dem. Rep.",Kanyabayonga,CDF,2228.07
1870,2026-03-01,"Congo, Dem. Rep.",Kanyabayonga,CDF,2248.89
1871,2026-04-01,"Congo, Dem. Rep.",Kanyabayonga,CDF,2278.69
1872,2026-01-01,"Congo, Dem. Rep.",Kanyaruchinya,CDF,2191.66
1873,2026-02-01,"Congo, Dem. Rep.",Kanyaruchinya,CDF,2228.07
1874,2026-03-01,"Congo, Dem. Rep.",Kanyaruchinya,CDF,2248.89
1875,2026-04-01,"Congo, Dem. Rep.",Kanyaruchinya,CDF,2278.69
1876,2026-01-01,"Congo, Dem. Rep.",Kaseghe,CDF,2191.66
1877,2026-02-01,"Congo, Dem. Rep.",Kaseghe,CDF,2228.07
1878,2026-03-01,"Congo, Dem. Rep.",Kaseghe,CDF,2248.89
1879,2026-04-01,"Congo, Dem. Rep.",Kaseghe,CDF,2278.69
1880,2026-01-01,"Congo, Dem. Rep.",Kasenyi,CDF,2191.66
1881,2026-02-01,"Congo, Dem. Rep.",Kasenyi,CDF,2228.07
1882,2026-03-01,"Congo, Dem. Rep.",Kasenyi,CDF,2248.89
1883,2026-04-01,"Congo, Dem. Rep.",Kasenyi,CDF,2278.69
1884,2026-01-01,"Congo, Dem. Rep.",Kashanja Nabukungu,CDF,2191.66
1885,2026-02-01,"Congo, Dem. Rep.",Kashanja Nabukungu,CDF,2228.07
1886,2026-03-01,"Congo, Dem. Rep.",Kashanja Nabukungu,CDF,2248.89
1887,2026-04-01,"Congo, Dem. Rep.",Kashanja Nabukungu,CDF,2278.69
1888,2026-01-01,"Congo, Dem. Rep.",Kasinzwe,CDF,2191.66
1889,2026-02-01,"Congo, Dem. Rep.",Kasinzwe,CDF,2228.07
1890,2026-03-01,"Congo, Dem. Rep.",Kasinzwe,CDF,2248.89
1891,2026-04-01,"Congo, Dem. Rep.",Kasinzwe,CDF,2278.69
1892,2026-01-01,"Congo, Dem. Rep.",Kasongo Mule,CDF,2191.66
1893,2026-02-01,"Congo, Dem. Rep.",Kasongo Mule,CDF,2228.07
1894,2026-03-01,"Congo, Dem. Rep.",Kasongo Mule,CDF,2248.89
1895,2026-04-01,"Congo, Dem. Rep.",Kasongo Mule,CDF,2278.69
1896,2026-01-01,"Congo, Dem. Rep.",Katanga,CDF,2191.66
1897,2026-02-01,"Congo, Dem. Rep.",Katanga,CDF,2228.07
1898,2026-03-01,"Congo, Dem. Rep.",Katanga,CDF,2248.89
1899,2026-04-01,"Congo, Dem. Rep.",Katanga,CDF,2278.69
1900,2026-01-01,"Congo, Dem. Rep.",Katanga Kivu,CDF,2191.66
1901,2026-02-01,"Congo, Dem. Rep.",Katanga Kivu,CDF,2228.07
1902,2026-03-01,"Congo, Dem. Rep.",Katanga Kivu,CDF,2248.89
1903,2026-04-01,"Congo, Dem. Rep.",Katanga Kivu,CDF,2278.69
1904,2026-01-01,"Congo, Dem. Rep.",Katolo/Musienene,CDF,2191.66
1905,2026-02-01,"Congo, Dem. Rep.",Katolo/Musienene,CDF,2228.07
1906,2026-03-01,"Congo, Dem. Rep.",Katolo/Musienene,CDF,2248.89
1907,2026-04-01,"Congo, Dem. Rep.",Katolo/Musienene,CDF,2278.69
1908,2026-01-01,"Congo, Dem. Rep.",Katutu,CDF,2191.66
1909,2026-02-01,"Congo, Dem. Rep.",Katutu,CDF,2228.07
1910,2026-03-01,"Congo, Dem. Rep.",Katutu,CDF,2248.89
1911,2026-04-01,"Congo, Dem. Rep.",Katutu,CDF,2278.69
1912,2026-01-01,"Congo, Dem. Rep.",Kavumu,CDF,2191.66
1913,2026-02-01,"Congo, Dem. Rep.",Kavumu,CDF,2228.07
1914,2026-03-01,"Congo, Dem. Rep.",Kavumu,CDF,2248.89
1915,2026-04-01,"Congo, Dem. Rep.",Kavumu,CDF,2278.69
1916,2026-01-01,"Congo, Dem. Rep.",Kayna,CDF,2191.66
1917,2026-02-01,"Congo, Dem. Rep.",Kayna,CDF,2228.07
1918,2026-03-01,"Congo, Dem. Rep.",Kayna,CDF,2248.89
1919,2026-04-01,"Congo, Dem. Rep.",Kayna,CDF,2278.69
1920,2026-01-01,"Congo, Dem. Rep.",Kianzaba,CDF,2191.66
1921,2026-02-01,"Congo, Dem. Rep.",Kianzaba,CDF,2228.07
1922,2026-03-01,"Congo, Dem. Rep.",Kianzaba,CDF,2248.89
1923,2026-04-01,"Congo, Dem. Rep.",Kianzaba,CDF,2278.69
1924,2026-01-01,"Congo, Dem. Rep.",Kibombo,CDF,2191.66
1925,2026-02-01,"Congo, Dem. Rep.",Kibombo,CDF,2228.07
1926,2026-03-01,"Congo, Dem. Rep.",Kibombo,CDF,2248.89
1927,2026-04-01,"Congo, Dem. Rep.",Kibombo,CDF,2278.69
1928,2026-01-01,"Congo, Dem. Rep.",Kibumba,CDF,2191.66
1929,2026-02-01,"Congo, Dem. Rep.",Kibumba,CDF,2228.07
1930,2026-03-01,"Congo, Dem. Rep.",Kibumba,CDF,2248.89
1931,2026-04-01,"Congo, Dem. Rep.",Kibumba,CDF,2278.69
1932,2026-01-01,"Congo, Dem. Rep.",Kikuvo,CDF,2191.66
1933,2026-02-01,"Congo, Dem. Rep.",Kikuvo,CDF,2228.07
1934,2026-03-01,"Congo, Dem. Rep.",Kikuvo,CDF,2248.89
1935,2026-04-01,"Congo, Dem. Rep.",Kikuvo,CDF,2278.69
1936,2026-01-01,"Congo, Dem. Rep.",Kikwit,CDF,2191.66
1937,2026-02-01,"Congo, Dem. Rep.",Kikwit,CDF,2228.07
1938,2026-03-01,"Congo, Dem. Rep.",Kikwit,CDF,2248.89
1939,2026-04-01,"Congo, Dem. Rep.",Kikwit,CDF,2278.69
1940,2026-01-01,"Congo, Dem. Rep.",Kilembwe,CDF,2191.66
1941,2026-02-01,"Congo, Dem. Rep.",Kilembwe,CDF,2228.07
1942,2026-03-01,"Congo, Dem. Rep.",Kilembwe,CDF,2248.89
1943,2026-04-01,"Congo, Dem. Rep.",Kilembwe,CDF,2278.69
1944,2026-01-01,"Congo, Dem. Rep.",Kilokwa,CDF,2191.66
1945,2026-02-01,"Congo, Dem. Rep.",Kilokwa,CDF,2228.07
1946,2026-03-01,"Congo, Dem. Rep.",Kilokwa,CDF,2248.89
1947,2026-04-01,"Congo, Dem. Rep.",Kilokwa,CDF,2278.69
1948,2026-01-01,"Congo, Dem. Rep.",Kilomoni,CDF,2191.66
1949,2026-02-01,"Congo, Dem. Rep.",Kilomoni,CDF,2228.07
1950,2026-03-01,"Congo, Dem. Rep.",Kilomoni,CDF,2248.89
1951,2026-04-01,"Congo, Dem. Rep.",Kilomoni,CDF,2278.69
1952,2026-01-01,"Congo, Dem. Rep.",Kimbulu,CDF,2191.66
1953,2026-02-01,"Congo, Dem. Rep.",Kimbulu,CDF,2228.07
1954,2026-03-01,"Congo, Dem. Rep.",Kimbulu,CDF,2248.89
1955,2026-04-01,"Congo, Dem. Rep.",Kimbulu,CDF,2278.69
1956,2026-01-01,"Congo, Dem. Rep.",Kindu,CDF,2191.66
1957,2026-02-01,"Congo, Dem. Rep.",Kindu,CDF,2228.07
1958,2026-03-01,"Congo, Dem. Rep.",Kindu,CDF,2248.89
1959,2026-04-01,"Congo, Dem. Rep.",Kindu,CDF,2278.69
1960,2026-01-01,"Congo, Dem. Rep.",Kinshasa,CDF,2191.66
1961,2026-02-01,"Congo, Dem. Rep.",Kinshasa,CDF,2228.07
1962,2026-03-01,"Congo, Dem. Rep.",Kinshasa,CDF,2248.89
1963,2026-04-01,"Congo, Dem. Rep.",Kinshasa,CDF,2278.69
1964,2026-01-01,"Congo, Dem. Rep.",Kinzau-Mvuete,CDF,2191.66
1965,2026-02-01,"Congo, Dem. Rep.",Kinzau-Mvuete,CDF,2228.07
1966,2026-03-01,"Congo, Dem. Rep.",Kinzau-Mvuete,CDF,2248.89
1967,2026-04-01,"Congo, Dem. Rep.",Kinzau-Mvuete,CDF,2278.69
1968,2026-01-01,"Congo, Dem. Rep.",Kirumba,CDF,2191.66
1969,2026-02-01,"Congo, Dem. Rep.",Kirumba,CDF,2228.07
1970,2026-03-01,"Congo, Dem. Rep.",Kirumba,CDF,2248.89
1971,2026-04-01,"Congo, Dem. Rep.",Kirumba,CDF,2278.69
1972,2026-01-01,"Congo, Dem. Rep.",Kisangani,CDF,2191.66
1973,2026-02-01,"Congo, Dem. Rep.",Kisangani,CDF,2228.07
1974,2026-03-01,"Congo, Dem. Rep.",Kisangani,CDF,2248.89
1975,2026-04-01,"Congo, Dem. Rep.",Kisangani,CDF,2278.69
1976,2026-01-01,"Congo, Dem. Rep.",Kitshanga,CDF,2191.66
1977,2026-02-01,"Congo, Dem. Rep.",Kitshanga,CDF,2228.07
1978,2026-03-01,"Congo, Dem. Rep.",Kitshanga,CDF,2248.89
1979,2026-04-01,"Congo, Dem. Rep.",Kitshanga,CDF,2278.69
1980,2026-01-01,"Congo, Dem. Rep.",Kitsumbiro,CDF,2191.66
1981,2026-02-01,"Congo, Dem. Rep.",Kitsumbiro,CDF,2228.07
1982,2026-03-01,"Congo, Dem. Rep.",Kitsumbiro,CDF,2248.89
1983,2026-04-01,"Congo, Dem. Rep.",Kitsumbiro,CDF,2278.69
1984,2026-01-01,"Congo, Dem. Rep.",Kituku,CDF,2191.66
1985,2026-02-01,"Congo, Dem. Rep.",Kituku,CDF,2228.07
1986,2026-03-01,"Congo, Dem. Rep.",Kituku,CDF,2248.89
1987,2026-04-01,"Congo, Dem. Rep.",Kituku,CDF,2278.69
1988,2026-01-01,"Congo, Dem. Rep.",Kitule gare,CDF,2191.66
1989,2026-02-01,"Congo, Dem. Rep.",Kitule gare,CDF,2228.07
1990,2026-03-01,"Congo, Dem. Rep.",Kitule gare,CDF,2248.89
1991,2026-04-01,"Congo, Dem. Rep.",Kitule gare,CDF,2278.69
1992,2026-01-01,"Congo, Dem. Rep.",Kiwanja,CDF,2191.66
1993,2026-02-01,"Congo, Dem. Rep.",Kiwanja,CDF,2228.07
1994,2026-03-01,"Congo, Dem. Rep.",Kiwanja,CDF,2248.89
1995,2026-04-01,"Congo, Dem. Rep.",Kiwanja,CDF,2278.69
1996,2026-01-01,"Congo, Dem. Rep.",Kolwezi,CDF,2191.66
1997,2026-02-01,"Congo, Dem. Rep.",Kolwezi,CDF,2228.07
1998,2026-03-01,"Congo, Dem. Rep.",Kolwezi,CDF,2248.89
1999,2026-04-01,"Congo, Dem. Rep.",Kolwezi,CDF,2278.69
2000,2026-01-01,"Congo, Dem. Rep.",Komanda,CDF,2191.66
2001,2026-02-01,"Congo, Dem. Rep.",Komanda,CDF,2228.07
2002,2026-03-01,"Congo, Dem. Rep.",Komanda,CDF,2248.89
2003,2026-04-01,"Congo, Dem. Rep.",Komanda,CDF,2278.69
2004,2026-01-01,"Congo, Dem. Rep.",Kparnganza,CDF,2191.66
2005,2026-02-01,"Congo, Dem. Rep.",Kparnganza,CDF,2228.07
2006,2026-03-01,"Congo, Dem. Rep.",Kparnganza,CDF,2248.89
2007,2026-04-01,"Congo, Dem. Rep.",Kparnganza,CDF,2278.69
2008,2026-01-01,"Congo, Dem. Rep.",Kulieto,CDF,2191.66
2009,2026-02-01,"Congo, Dem. Rep.",Kulieto,CDF,2228.07
2010,2026-03-01,"Congo, Dem. Rep.",Kulieto,CDF,2248.89
2011,2026-04-01,"Congo, Dem. Rep.",Kulieto,CDF,2278.69
2012,2026-01-01,"Congo, Dem. Rep.",Largu,CDF,2191.66
2013,2026-02-01,"Congo, Dem. Rep.",Largu,CDF,2228.07
2014,2026-03-01,"Congo, Dem. Rep.",Largu,CDF,2248.89
2015,2026-04-01,"Congo, Dem. Rep.",Largu,CDF,2278.69
2016,2026-01-01,"Congo, Dem. Rep.",Libenge,CDF,2191.66
2017,2026-02-01,"Congo, Dem. Rep.",Libenge,CDF,2228.07
2018,2026-03-01,"Congo, Dem. Rep.",Libenge,CDF,2248.89
2019,2026-04-01,"Congo, Dem. Rep.",Libenge,CDF,2278.69
2020,2026-01-01,"Congo, Dem. Rep.",Likasi,CDF,2191.66
2021,2026-02-01,"Congo, Dem. Rep.",Likasi,CDF,2228.07
2022,2026-03-01,"Congo, Dem. Rep.",Likasi,CDF,2248.89
2023,2026-04-01,"Congo, Dem. Rep.",Likasi,CDF,2278.69
2024,2026-01-01,"Congo, Dem. Rep.",Limanga,CDF,2191.66
2025,2026-02-01,"Congo, Dem. Rep.",Limanga,CDF,2228.07
2026,2026-03-01,"Congo, Dem. Rep.",Limanga,CDF,2248.89
2027,2026-04-01,"Congo, Dem. Rep.",Limanga,CDF,2278.69
2028,2026-01-01,"Congo, Dem. Rep.",Lokolo,CDF,2191.66
2029,2026-02-01,"Congo, Dem. Rep.",Lokolo,CDF,2228.07
2030,2026-03-01,"Congo, Dem. Rep.",Lokolo,CDF,2248.89
2031,2026-04-01,"Congo, Dem. Rep.",Lokolo,CDF,2278.69
2032,2026-01-01,"Congo, Dem. Rep.",Lubero,CDF,2191.66
2033,2026-02-01,"Congo, Dem. Rep.",Lubero,CDF,2228.07
2034,2026-03-01,"Congo, Dem. Rep.",Lubero,CDF,2248.89
2035,2026-04-01,"Congo, Dem. Rep.",Lubero,CDF,2278.69
2036,2026-01-01,"Congo, Dem. Rep.",Lubumbashi,CDF,2191.66
2037,2026-02-01,"Congo, Dem. Rep.",Lubumbashi,CDF,2228.07
2038,2026-03-01,"Congo, Dem. Rep.",Lubumbashi,CDF,2248.89
2039,2026-04-01,"Congo, Dem. Rep.",Lubumbashi,CDF,2278.69
2040,2026-01-01,"Congo, Dem. Rep.",Luebo,CDF,2191.66
2041,2026-02-01,"Congo, Dem. Rep.",Luebo,CDF,2228.07
2042,2026-03-01,"Congo, Dem. Rep.",Luebo,CDF,2248.89
2043,2026-04-01,"Congo, Dem. Rep.",Luebo,CDF,2278.69
2044,2026-01-01,"Congo, Dem. Rep.",Luiza Centre,CDF,2191.66
2045,2026-02-01,"Congo, Dem. Rep.",Luiza Centre,CDF,2228.07
2046,2026-03-01,"Congo, Dem. Rep.",Luiza Centre,CDF,2248.89
2047,2026-04-01,"Congo, Dem. Rep.",Luiza Centre,CDF,2278.69
2048,2026-01-01,"Congo, Dem. Rep.",Lukanga,CDF,2191.66
2049,2026-02-01,"Congo, Dem. Rep.",Lukanga,CDF,2228.07
2050,2026-03-01,"Congo, Dem. Rep.",Lukanga,CDF,2248.89
2051,2026-04-01,"Congo, Dem. Rep.",Lukanga,CDF,2278.69
2052,2026-01-01,"Congo, Dem. Rep.",Luotu,CDF,2191.66
2053,2026-02-01,"Congo, Dem. Rep.",Luotu,CDF,2228.07
2054,2026-03-01,"Congo, Dem. Rep.",Luotu,CDF,2248.89
2055,2026-04-01,"Congo, Dem. Rep.",Luotu,CDF,2278.69
2056,2026-01-01,"Congo, Dem. Rep.",Lusenda,CDF,2191.66
2057,2026-02-01,"Congo, Dem. Rep.",Lusenda,CDF,2228.07
2058,2026-03-01,"Congo, Dem. Rep.",Lusenda,CDF,2248.89
2059,2026-04-01,"Congo, Dem. Rep.",Lusenda,CDF,2278.69
2060,2026-01-01,"Congo, Dem. Rep.",Lushebere,CDF,2191.66
2061,2026-02-01,"Congo, Dem. Rep.",Lushebere,CDF,2228.07
2062,2026-03-01,"Congo, Dem. Rep.",Lushebere,CDF,2248.89
2063,2026-04-01,"Congo, Dem. Rep.",Lushebere,CDF,2278.69
2064,2026-01-01,"Congo, Dem. Rep.",Mabalako,CDF,2191.66
2065,2026-02-01,"Congo, Dem. Rep.",Mabalako,CDF,2228.07
2066,2026-03-01,"Congo, Dem. Rep.",Mabalako,CDF,2248.89
2067,2026-04-01,"Congo, Dem. Rep.",Mabalako,CDF,2278.69
2068,2026-01-01,"Congo, Dem. Rep.",Magheria,CDF,2191.66
2069,2026-02-01,"Congo, Dem. Rep.",Magheria,CDF,2228.07
2070,2026-03-01,"Congo, Dem. Rep.",Magheria,CDF,2248.89
2071,2026-04-01,"Congo, Dem. Rep.",Magheria,CDF,2278.69
2072,2026-01-01,"Congo, Dem. Rep.",Mahagi,CDF,2191.66
2073,2026-02-01,"Congo, Dem. Rep.",Mahagi,CDF,2228.07
2074,2026-03-01,"Congo, Dem. Rep.",Mahagi,CDF,2248.89
2075,2026-04-01,"Congo, Dem. Rep.",Mahagi,CDF,2278.69
2076,2026-01-01,"Congo, Dem. Rep.",Mahagi Centre,CDF,2191.66
2077,2026-02-01,"Congo, Dem. Rep.",Mahagi Centre,CDF,2228.07
2078,2026-03-01,"Congo, Dem. Rep.",Mahagi Centre,CDF,2248.89
2079,2026-04-01,"Congo, Dem. Rep.",Mahagi Centre,CDF,2278.69
2080,2026-01-01,"Congo, Dem. Rep.",Mambasa,CDF,2191.66
2081,2026-02-01,"Congo, Dem. Rep.",Mambasa,CDF,2228.07
2082,2026-03-01,"Congo, Dem. Rep.",Mambasa,CDF,2248.89
2083,2026-04-01,"Congo, Dem. Rep.",Mambasa,CDF,2278.69
2084,2026-01-01,"Congo, Dem. Rep.",Mangina,CDF,2191.66
2085,2026-02-01,"Congo, Dem. Rep.",Mangina,CDF,2228.07
2086,2026-03-01,"Congo, Dem. Rep.",Mangina,CDF,2248.89
2087,2026-04-01,"Congo, Dem. Rep.",Mangina,CDF,2278.69
2088,2026-01-01,"Congo, Dem. Rep.",Marabo,CDF,2191.66
2089,2026-02-01,"Congo, Dem. Rep.",Marabo,CDF,2228.07
2090,2026-03-01,"Congo, Dem. Rep.",Marabo,CDF,2248.89
2091,2026-04-01,"Congo, Dem. Rep.",Marabo,CDF,2278.69
2092,2026-01-01,"Congo, Dem. Rep.",Marché Central de Kenge,CDF,2191.66
2093,2026-02-01,"Congo, Dem. Rep.",Marché Central de Kenge,CDF,2228.07
2094,2026-03-01,"Congo, Dem. Rep.",Marché Central de Kenge,CDF,2248.89
2095,2026-04-01,"Congo, Dem. Rep.",Marché Central de Kenge,CDF,2278.69
2096,2026-01-01,"Congo, Dem. Rep.",Marché de Bagata,CDF,2191.66
2097,2026-02-01,"Congo, Dem. Rep.",Marché de Bagata,CDF,2228.07
2098,2026-03-01,"Congo, Dem. Rep.",Marché de Bagata,CDF,2248.89
2099,2026-04-01,"Congo, Dem. Rep.",Marché de Bagata,CDF,2278.69
2100,2026-01-01,"Congo, Dem. Rep.",Marché de Kasongo-Lunda,CDF,2191.66
2101,2026-02-01,"Congo, Dem. Rep.",Marché de Kasongo-Lunda,CDF,2228.07
2102,2026-03-01,"Congo, Dem. Rep.",Marché de Kasongo-Lunda,CDF,2248.89
2103,2026-04-01,"Congo, Dem. Rep.",Marché de Kasongo-Lunda,CDF,2278.69
2104,2026-01-01,"Congo, Dem. Rep.",Marché de la Liberté,CDF,2191.66
2105,2026-02-01,"Congo, Dem. Rep.",Marché de la Liberté,CDF,2228.07
2106,2026-03-01,"Congo, Dem. Rep.",Marché de la Liberté,CDF,2248.89
2107,2026-04-01,"Congo, Dem. Rep.",Marché de la Liberté,CDF,2278.69
2108,2026-01-01,"Congo, Dem. Rep.",Marché du Port,CDF,2191.66
2109,2026-02-01,"Congo, Dem. Rep.",Marché du Port,CDF,2228.07
2110,2026-03-01,"Congo, Dem. Rep.",Marché du Port,CDF,2248.89
2111,2026-04-01,"Congo, Dem. Rep.",Marché du Port,CDF,2278.69
2112,2026-01-01,"Congo, Dem. Rep.",Mashala,CDF,2191.66
2113,2026-02-01,"Congo, Dem. Rep.",Mashala,CDF,2228.07
2114,2026-03-01,"Congo, Dem. Rep.",Mashala,CDF,2248.89
2115,2026-04-01,"Congo, Dem. Rep.",Mashala,CDF,2278.69
2116,2026-01-01,"Congo, Dem. Rep.",Masisi Centre,CDF,2191.66
2117,2026-02-01,"Congo, Dem. Rep.",Masisi Centre,CDF,2228.07
2118,2026-03-01,"Congo, Dem. Rep.",Masisi Centre,CDF,2248.89
2119,2026-04-01,"Congo, Dem. Rep.",Masisi Centre,CDF,2278.69
2120,2026-01-01,"Congo, Dem. Rep.",Masumbuko,CDF,2191.66
2121,2026-02-01,"Congo, Dem. Rep.",Masumbuko,CDF,2228.07
2122,2026-03-01,"Congo, Dem. Rep.",Masumbuko,CDF,2248.89
2123,2026-04-01,"Congo, Dem. Rep.",Masumbuko,CDF,2278.69
2124,2026-01-01,"Congo, Dem. Rep.",Matadi,CDF,2191.66
2125,2026-02-01,"Congo, Dem. Rep.",Matadi,CDF,2228.07
2126,2026-03-01,"Congo, Dem. Rep.",Matadi,CDF,2248.89
2127,2026-04-01,"Congo, Dem. Rep.",Matadi,CDF,2278.69
2128,2026-01-01,"Congo, Dem. Rep.",Mayi-Moya,CDF,2191.66
2129,2026-02-01,"Congo, Dem. Rep.",Mayi-Moya,CDF,2228.07
2130,2026-03-01,"Congo, Dem. Rep.",Mayi-Moya,CDF,2248.89
2131,2026-04-01,"Congo, Dem. Rep.",Mayi-Moya,CDF,2278.69
2132,2026-01-01,"Congo, Dem. Rep.",Mayimbi,CDF,2191.66
2133,2026-02-01,"Congo, Dem. Rep.",Mayimbi,CDF,2228.07
2134,2026-03-01,"Congo, Dem. Rep.",Mayimbi,CDF,2248.89
2135,2026-04-01,"Congo, Dem. Rep.",Mayimbi,CDF,2278.69
2136,2026-01-01,"Congo, Dem. Rep.",Mbandaka,CDF,2191.66
2137,2026-02-01,"Congo, Dem. Rep.",Mbandaka,CDF,2228.07
2138,2026-03-01,"Congo, Dem. Rep.",Mbandaka,CDF,2248.89
2139,2026-04-01,"Congo, Dem. Rep.",Mbandaka,CDF,2278.69
2140,2026-01-01,"Congo, Dem. Rep.",Mbanza-Ngungu,CDF,2191.66
2141,2026-02-01,"Congo, Dem. Rep.",Mbanza-Ngungu,CDF,2228.07
2142,2026-03-01,"Congo, Dem. Rep.",Mbanza-Ngungu,CDF,2248.89
2143,2026-04-01,"Congo, Dem. Rep.",Mbanza-Ngungu,CDF,2278.69
2144,2026-01-01,"Congo, Dem. Rep.",Mbau,CDF,2191.66
2145,2026-02-01,"Congo, Dem. Rep.",Mbau,CDF,2228.07
2146,2026-03-01,"Congo, Dem. Rep.",Mbau,CDF,2248.89
2147,2026-04-01,"Congo, Dem. Rep.",Mbau,CDF,2278.69
2148,2026-01-01,"Congo, Dem. Rep.",Mbui,CDF,2191.66
2149,2026-02-01,"Congo, Dem. Rep.",Mbui,CDF,2228.07
2150,2026-03-01,"Congo, Dem. Rep.",Mbui,CDF,2248.89
2151,2026-04-01,"Congo, Dem. Rep.",Mbui,CDF,2278.69
2152,2026-01-01,"Congo, Dem. Rep.",Mbuji-mayi,CDF,2191.66
2153,2026-02-01,"Congo, Dem. Rep.",Mbuji-mayi,CDF,2228.07
2154,2026-03-01,"Congo, Dem. Rep.",Mbuji-mayi,CDF,2248.89
2155,2026-04-01,"Congo, Dem. Rep.",Mbuji-mayi,CDF,2278.69
2156,2026-01-01,"Congo, Dem. Rep.",Meri (Aba),CDF,2191.66
2157,2026-02-01,"Congo, Dem. Rep.",Meri (Aba),CDF,2228.07
2158,2026-03-01,"Congo, Dem. Rep.",Meri (Aba),CDF,2248.89
2159,2026-04-01,"Congo, Dem. Rep.",Meri (Aba),CDF,2278.69
2160,2026-01-01,"Congo, Dem. Rep.",Miamba,CDF,2191.66
2161,2026-02-01,"Congo, Dem. Rep.",Miamba,CDF,2228.07
2162,2026-03-01,"Congo, Dem. Rep.",Miamba,CDF,2248.89
2163,2026-04-01,"Congo, Dem. Rep.",Miamba,CDF,2278.69
2164,2026-01-01,"Congo, Dem. Rep.",Minova,CDF,2191.66
2165,2026-02-01,"Congo, Dem. Rep.",Minova,CDF,2228.07
2166,2026-03-01,"Congo, Dem. Rep.",Minova,CDF,2248.89
2167,2026-04-01,"Congo, Dem. Rep.",Minova,CDF,2278.69
2168,2026-01-01,"Congo, Dem. Rep.",Minova (Idjwi),CDF,2191.66
2169,2026-02-01,"Congo, Dem. Rep.",Minova (Idjwi),CDF,2228.07
2170,2026-03-01,"Congo, Dem. Rep.",Minova (Idjwi),CDF,2248.89
2171,2026-04-01,"Congo, Dem. Rep.",Minova (Idjwi),CDF,2278.69
2172,2026-01-01,"Congo, Dem. Rep.",Mitwaba,CDF,2191.66
2173,2026-02-01,"Congo, Dem. Rep.",Mitwaba,CDF,2228.07
2174,2026-03-01,"Congo, Dem. Rep.",Mitwaba,CDF,2248.89
2175,2026-04-01,"Congo, Dem. Rep.",Mitwaba,CDF,2278.69
2176,2026-01-01,"Congo, Dem. Rep.",Moba,CDF,2191.66
2177,2026-02-01,"Congo, Dem. Rep.",Moba,CDF,2228.07
2178,2026-03-01,"Congo, Dem. Rep.",Moba,CDF,2248.89
2179,2026-04-01,"Congo, Dem. Rep.",Moba,CDF,2278.69
2180,2026-01-01,"Congo, Dem. Rep.",Mobayi Centre,CDF,2191.66
2181,2026-02-01,"Congo, Dem. Rep.",Mobayi Centre,CDF,2228.07
2182,2026-03-01,"Congo, Dem. Rep.",Mobayi Centre,CDF,2248.89
2183,2026-04-01,"Congo, Dem. Rep.",Mobayi Centre,CDF,2278.69
2184,2026-01-01,"Congo, Dem. Rep.",Mole,CDF,2191.66
2185,2026-02-01,"Congo, Dem. Rep.",Mole,CDF,2228.07
2186,2026-03-01,"Congo, Dem. Rep.",Mole,CDF,2248.89
2187,2026-04-01,"Congo, Dem. Rep.",Mole,CDF,2278.69
2188,2026-01-01,"Congo, Dem. Rep.",Molegbe,CDF,2191.66
2189,2026-02-01,"Congo, Dem. Rep.",Molegbe,CDF,2228.07
2190,2026-03-01,"Congo, Dem. Rep.",Molegbe,CDF,2248.89
2191,2026-04-01,"Congo, Dem. Rep.",Molegbe,CDF,2278.69
2192,2026-01-01,"Congo, Dem. Rep.",Mosantu premier,CDF,2191.66
2193,2026-02-01,"Congo, Dem. Rep.",Mosantu premier,CDF,2228.07
2194,2026-03-01,"Congo, Dem. Rep.",Mosantu premier,CDF,2248.89
2195,2026-04-01,"Congo, Dem. Rep.",Mosantu premier,CDF,2278.69
2196,2026-01-01,"Congo, Dem. Rep.",Mubi,CDF,2191.66
2197,2026-02-01,"Congo, Dem. Rep.",Mubi,CDF,2228.07
2198,2026-03-01,"Congo, Dem. Rep.",Mubi,CDF,2248.89
2199,2026-04-01,"Congo, Dem. Rep.",Mubi,CDF,2278.69
2200,2026-01-01,"Congo, Dem. Rep.",Mudaka,CDF,2191.66
2201,2026-02-01,"Congo, Dem. Rep.",Mudaka,CDF,2228.07
2202,2026-03-01,"Congo, Dem. Rep.",Mudaka,CDF,2248.89
2203,2026-04-01,"Congo, Dem. Rep.",Mudaka,CDF,2278.69
2204,2026-01-01,"Congo, Dem. Rep.",Mugogo,CDF,2191.66
2205,2026-02-01,"Congo, Dem. Rep.",Mugogo,CDF,2228.07
2206,2026-03-01,"Congo, Dem. Rep.",Mugogo,CDF,2248.89
2207,2026-04-01,"Congo, Dem. Rep.",Mugogo,CDF,2278.69
2208,2026-01-01,"Congo, Dem. Rep.",Mugunga3,CDF,2191.66
2209,2026-02-01,"Congo, Dem. Rep.",Mugunga3,CDF,2228.07
2210,2026-03-01,"Congo, Dem. Rep.",Mugunga3,CDF,2248.89
2211,2026-04-01,"Congo, Dem. Rep.",Mugunga3,CDF,2278.69
2212,2026-01-01,"Congo, Dem. Rep.",Mukera,CDF,2191.66
2213,2026-02-01,"Congo, Dem. Rep.",Mukera,CDF,2228.07
2214,2026-03-01,"Congo, Dem. Rep.",Mukera,CDF,2248.89
2215,2026-04-01,"Congo, Dem. Rep.",Mukera,CDF,2278.69
2216,2026-01-01,"Congo, Dem. Rep.",Mukoso,CDF,2191.66
2217,2026-02-01,"Congo, Dem. Rep.",Mukoso,CDF,2228.07
2218,2026-03-01,"Congo, Dem. Rep.",Mukoso,CDF,2248.89
2219,2026-04-01,"Congo, Dem. Rep.",Mukoso,CDF,2278.69
2220,2026-01-01,"Congo, Dem. Rep.",Mulima,CDF,2191.66
2221,2026-02-01,"Congo, Dem. Rep.",Mulima,CDF,2228.07
2222,2026-03-01,"Congo, Dem. Rep.",Mulima,CDF,2248.89
2223,2026-04-01,"Congo, Dem. Rep.",Mulima,CDF,2278.69
2224,2026-01-01,"Congo, Dem. Rep.",Munoli,CDF,2191.66
2225,2026-02-01,"Congo, Dem. Rep.",Munoli,CDF,2228.07
2226,2026-03-01,"Congo, Dem. Rep.",Munoli,CDF,2248.89
2227,2026-04-01,"Congo, Dem. Rep.",Munoli,CDF,2278.69
2228,2026-01-01,"Congo, Dem. Rep.",Mutena,CDF,2191.66
2229,2026-02-01,"Congo, Dem. Rep.",Mutena,CDF,2228.07
2230,2026-03-01,"Congo, Dem. Rep.",Mutena,CDF,2248.89
2231,2026-04-01,"Congo, Dem. Rep.",Mutena,CDF,2278.69
2232,2026-01-01,"Congo, Dem. Rep.",Mutwanga,CDF,2191.66
2233,2026-02-01,"Congo, Dem. Rep.",Mutwanga,CDF,2228.07
2234,2026-03-01,"Congo, Dem. Rep.",Mutwanga,CDF,2248.89
2235,2026-04-01,"Congo, Dem. Rep.",Mutwanga,CDF,2278.69
2236,2026-01-01,"Congo, Dem. Rep.",Mwene-Ditu,CDF,2191.66
2237,2026-02-01,"Congo, Dem. Rep.",Mwene-Ditu,CDF,2228.07
2238,2026-03-01,"Congo, Dem. Rep.",Mwene-Ditu,CDF,2248.89
2239,2026-04-01,"Congo, Dem. Rep.",Mwene-Ditu,CDF,2278.69
2240,2026-01-01,"Congo, Dem. Rep.",Mwenga,CDF,2191.66
2241,2026-02-01,"Congo, Dem. Rep.",Mwenga,CDF,2228.07
2242,2026-03-01,"Congo, Dem. Rep.",Mwenga,CDF,2248.89
2243,2026-04-01,"Congo, Dem. Rep.",Mwenga,CDF,2278.69
2244,2026-01-01,"Congo, Dem. Rep.",Mweso,CDF,2191.66
2245,2026-02-01,"Congo, Dem. Rep.",Mweso,CDF,2228.07
2246,2026-03-01,"Congo, Dem. Rep.",Mweso,CDF,2248.89
2247,2026-04-01,"Congo, Dem. Rep.",Mweso,CDF,2278.69
2248,2026-01-01,"Congo, Dem. Rep.",Mwetshi,CDF,2191.66
2249,2026-02-01,"Congo, Dem. Rep.",Mwetshi,CDF,2228.07
2250,2026-03-01,"Congo, Dem. Rep.",Mwetshi,CDF,2248.89
2251,2026-04-01,"Congo, Dem. Rep.",Mwetshi,CDF,2278.69
2252,2026-01-01,"Congo, Dem. Rep.",Namisha,CDF,2191.66
2253,2026-02-01,"Congo, Dem. Rep.",Namisha,CDF,2228.07
2254,2026-03-01,"Congo, Dem. Rep.",Namisha,CDF,2248.89
2255,2026-04-01,"Congo, Dem. Rep.",Namisha,CDF,2278.69
2256,2026-01-01,"Congo, Dem. Rep.",Ndjoko Punda,CDF,2191.66
2257,2026-02-01,"Congo, Dem. Rep.",Ndjoko Punda,CDF,2228.07
2258,2026-03-01,"Congo, Dem. Rep.",Ndjoko Punda,CDF,2248.89
2259,2026-04-01,"Congo, Dem. Rep.",Ndjoko Punda,CDF,2278.69
2260,2026-01-01,"Congo, Dem. Rep.",Ngote,CDF,2191.66
2261,2026-02-01,"Congo, Dem. Rep.",Ngote,CDF,2228.07
2262,2026-03-01,"Congo, Dem. Rep.",Ngote,CDF,2248.89
2263,2026-04-01,"Congo, Dem. Rep.",Ngote,CDF,2278.69
2264,2026-01-01,"Congo, Dem. Rep.",Ngwena gare,CDF,2191.66
2265,2026-02-01,"Congo, Dem. Rep.",Ngwena gare,CDF,2228.07
2266,2026-03-01,"Congo, Dem. Rep.",Ngwena gare,CDF,2248.89
2267,2026-04-01,"Congo, Dem. Rep.",Ngwena gare,CDF,2278.69
2268,2026-01-01,"Congo, Dem. Rep.",Nia-Nia,CDF,2191.66
2269,2026-02-01,"Congo, Dem. Rep.",Nia-Nia,CDF,2228.07
2270,2026-03-01,"Congo, Dem. Rep.",Nia-Nia,CDF,2248.89
2271,2026-04-01,"Congo, Dem. Rep.",Nia-Nia,CDF,2278.69
2272,2026-01-01,"Congo, Dem. Rep.",Nyabibwe,CDF,2191.66
2273,2026-02-01,"Congo, Dem. Rep.",Nyabibwe,CDF,2228.07
2274,2026-03-01,"Congo, Dem. Rep.",Nyabibwe,CDF,2248.89
2275,2026-04-01,"Congo, Dem. Rep.",Nyabibwe,CDF,2278.69
2276,2026-01-01,"Congo, Dem. Rep.",Nyabili,CDF,2191.66
2277,2026-02-01,"Congo, Dem. Rep.",Nyabili,CDF,2228.07
2278,2026-03-01,"Congo, Dem. Rep.",Nyabili,CDF,2248.89
2279,2026-04-01,"Congo, Dem. Rep.",Nyabili,CDF,2278.69
2280,2026-01-01,"Congo, Dem. Rep.",Nyamukubi,CDF,2191.66
2281,2026-02-01,"Congo, Dem. Rep.",Nyamukubi,CDF,2228.07
2282,2026-03-01,"Congo, Dem. Rep.",Nyamukubi,CDF,2248.89
2283,2026-04-01,"Congo, Dem. Rep.",Nyamukubi,CDF,2278.69
2284,2026-01-01,"Congo, Dem. Rep.",Nyanzale,CDF,2191.66
2285,2026-02-01,"Congo, Dem. Rep.",Nyanzale,CDF,2228.07
2286,2026-03-01,"Congo, Dem. Rep.",Nyanzale,CDF,2248.89
2287,2026-04-01,"Congo, Dem. Rep.",Nyanzale,CDF,2278.69
2288,2026-01-01,"Congo, Dem. Rep.",Nyawera,CDF,2191.66
2289,2026-02-01,"Congo, Dem. Rep.",Nyawera,CDF,2228.07
2290,2026-03-01,"Congo, Dem. Rep.",Nyawera,CDF,2248.89
2291,2026-04-01,"Congo, Dem. Rep.",Nyawera,CDF,2278.69
2292,2026-01-01,"Congo, Dem. Rep.",Nyiragongo,CDF,2191.66
2293,2026-02-01,"Congo, Dem. Rep.",Nyiragongo,CDF,2228.07
2294,2026-03-01,"Congo, Dem. Rep.",Nyiragongo,CDF,2248.89
2295,2026-04-01,"Congo, Dem. Rep.",Nyiragongo,CDF,2278.69
2296,2026-01-01,"Congo, Dem. Rep.",Nyoka,CDF,2191.66
2297,2026-02-01,"Congo, Dem. Rep.",Nyoka,CDF,2228.07
2298,2026-03-01,"Congo, Dem. Rep.",Nyoka,CDF,2248.89
2299,2026-04-01,"Congo, Dem. Rep.",Nyoka,CDF,2278.69
2300,2026-01-01,"Congo, Dem. Rep.",Nyunzu,CDF,2191.66
2301,2026-02-01,"Congo, Dem. Rep.",Nyunzu,CDF,2228.07
2302,2026-03-01,"Congo, Dem. Rep.",Nyunzu,CDF,2248.89
2303,2026-04-01,"Congo, Dem. Rep.",Nyunzu,CDF,2278.69
2304,2026-01-01,"Congo, Dem. Rep.",Oicha,CDF,2191.66
2305,2026-02-01,"Congo, Dem. Rep.",Oicha,CDF,2228.07
2306,2026-03-01,"Congo, Dem. Rep.",Oicha,CDF,2248.89
2307,2026-04-01,"Congo, Dem. Rep.",Oicha,CDF,2278.69
2308,2026-01-01,"Congo, Dem. Rep.",Pambwa,CDF,2191.66
2309,2026-02-01,"Congo, Dem. Rep.",Pambwa,CDF,2228.07
2310,2026-03-01,"Congo, Dem. Rep.",Pambwa,CDF,2248.89
2311,2026-04-01,"Congo, Dem. Rep.",Pambwa,CDF,2278.69
2312,2026-01-01,"Congo, Dem. Rep.",Pongo,CDF,2191.66
2313,2026-02-01,"Congo, Dem. Rep.",Pongo,CDF,2228.07
2314,2026-03-01,"Congo, Dem. Rep.",Pongo,CDF,2248.89
2315,2026-04-01,"Congo, Dem. Rep.",Pongo,CDF,2278.69
2316,2026-01-01,"Congo, Dem. Rep.",Pweto,CDF,2191.66
2317,2026-02-01,"Congo, Dem. Rep.",Pweto,CDF,2228.07
2318,2026-03-01,"Congo, Dem. Rep.",Pweto,CDF,2248.89
2319,2026-04-01,"Congo, Dem. Rep.",Pweto,CDF,2278.69
2320,2026-01-01,"Congo, Dem. Rep.",Ramogi,CDF,2191.66
2321,2026-02-01,"Congo, Dem. Rep.",Ramogi,CDF,2228.07
2322,2026-03-01,"Congo, Dem. Rep.",Ramogi,CDF,2248.89
2323,2026-04-01,"Congo, Dem. Rep.",Ramogi,CDF,2278.69
2324,2026-01-01,"Congo, Dem. Rep.",Rutshuru,CDF,2191.66
2325,2026-02-01,"Congo, Dem. Rep.",Rutshuru,CDF,2228.07
2326,2026-03-01,"Congo, Dem. Rep.",Rutshuru,CDF,2248.89
2327,2026-04-01,"Congo, Dem. Rep.",Rutshuru,CDF,2278.69
2328,2026-01-01,"Congo, Dem. Rep.",Ruwenda,CDF,2191.66
2329,2026-02-01,"Congo, Dem. Rep.",Ruwenda,CDF,2228.07
2330,2026-03-01,"Congo, Dem. Rep.",Ruwenda,CDF,2248.89
2331,2026-04-01,"Congo, Dem. Rep.",Ruwenda,CDF,2278.69
2332,2026-01-01,"Congo, Dem. Rep.",Sake,CDF,2191.66
2333,2026-02-01,"Congo, Dem. Rep.",Sake,CDF,2228.07
2334,2026-03-01,"Congo, Dem. Rep.",Sake,CDF,2248.89
2335,2026-04-01,"Congo, Dem. Rep.",Sake,CDF,2278.69
2336,2026-01-01,"Congo, Dem. Rep.",Saliboko,CDF,2191.66
2337,2026-02-01,"Congo, Dem. Rep.",Saliboko,CDF,2228.07
2338,2026-03-01,"Congo, Dem. Rep.",Saliboko,CDF,2248.89
2339,2026-04-01,"Congo, Dem. Rep.",Saliboko,CDF,2278.69
2340,2026-01-01,"Congo, Dem. Rep.",Sebele,CDF,2191.66
2341,2026-02-01,"Congo, Dem. Rep.",Sebele,CDF,2228.07
2342,2026-03-01,"Congo, Dem. Rep.",Sebele,CDF,2248.89
2343,2026-04-01,"Congo, Dem. Rep.",Sebele,CDF,2278.69
2344,2026-01-01,"Congo, Dem. Rep.",Simbi,CDF,2191.66
2345,2026-02-01,"Congo, Dem. Rep.",Simbi,CDF,2228.07
2346,2026-03-01,"Congo, Dem. Rep.",Simbi,CDF,2248.89
2347,2026-04-01,"Congo, Dem. Rep.",Simbi,CDF,2278.69
2348,2026-01-01,"Congo, Dem. Rep.",Songololo,CDF,2191.66
2349,2026-02-01,"Congo, Dem. Rep.",Songololo,CDF,2228.07
2350,2026-03-01,"Congo, Dem. Rep.",Songololo,CDF,2248.89
2351,2026-04-01,"Congo, Dem. Rep.",Songololo,CDF,2278.69
2352,2026-01-01,"Congo, Dem. Rep.",Tchomia,CDF,2191.66
2353,2026-02-01,"Congo, Dem. Rep.",Tchomia,CDF,2228.07
2354,2026-03-01,"Congo, Dem. Rep.",Tchomia,CDF,2248.89
2355,2026-04-01,"Congo, Dem. Rep.",Tchomia,CDF,2278.69
2356,2026-01-01,"Congo, Dem. Rep.",Teru-Toro,CDF,2191.66
2357,2026-02-01,"Congo, Dem. Rep.",Teru-Toro,CDF,2228.07
2358,2026-03-01,"Congo, Dem. Rep.",Teru-Toro,CDF,2248.89
2359,2026-04-01,"Congo, Dem. Rep.",Teru-Toro,CDF,2278.69
2360,2026-01-01,"Congo, Dem. Rep.",Tshibamba,CDF,2191.66
2361,2026-02-01,"Congo, Dem. Rep.",Tshibamba,CDF,2228.07
2362,2026-03-01,"Congo, Dem. Rep.",Tshibamba,CDF,2248.89
2363,2026-04-01,"Congo, Dem. Rep.",Tshibamba,CDF,2278.69
2364,2026-01-01,"Congo, Dem. Rep.",Tshikapa,CDF,2191.66
2365,2026-02-01,"Congo, Dem. Rep.",Tshikapa,CDF,2228.07
2366,2026-03-01,"Congo, Dem. Rep.",Tshikapa,CDF,2248.89
2367,2026-04-01,"Congo, Dem. Rep.",Tshikapa,CDF,2278.69
2368,2026-01-01,"Congo, Dem. Rep.",Tshikele,CDF,2191.66
2369,2026-02-01,"Congo, Dem. Rep.",Tshikele,CDF,2228.07
2370,2026-03-01,"Congo, Dem. Rep.",Tshikele,CDF,2248.89
2371,2026-04-01,"Congo, Dem. Rep.",Tshikele,CDF,2278.69
2372,2026-01-01,"Congo, Dem. Rep.",Tshilenge,CDF,2191.66
2373,2026-02-01,"Congo, Dem. Rep.",Tshilenge,CDF,2228.07
2374,2026-03-01,"Congo, Dem. Rep.",Tshilenge,CDF,2248.89
2375,2026-04-01,"Congo, Dem. Rep.",Tshilenge,CDF,2278.69
2376,2026-01-01,"Congo, Dem. Rep.",Tshimbalanga,CDF,2191.66
2377,2026-02-01,"Congo, Dem. Rep.",Tshimbalanga,CDF,2228.07
2378,2026-03-01,"Congo, Dem. Rep.",Tshimbalanga,CDF,2248.89
2379,2026-04-01,"Congo, Dem. Rep.",Tshimbalanga,CDF,2278.69
2380,2026-01-01,"Congo, Dem. Rep.",Tshimbulu,CDF,2191.66
2381,2026-02-01,"Congo, Dem. Rep.",Tshimbulu,CDF,2228.07
2382,2026-03-01,"Congo, Dem. Rep.",Tshimbulu,CDF,2248.89
2383,2026-04-01,"Congo, Dem. Rep.",Tshimbulu,CDF,2278.69
2384,2026-01-01,"Congo, Dem. Rep.",Uvira,CDF,2191.66
2385,2026-02-01,"Congo, Dem. Rep.",Uvira,CDF,2228.07
2386,2026-03-01,"Congo, Dem. Rep.",Uvira,CDF,2248.89
2387,2026-04-01,"Congo, Dem. Rep.",Uvira,CDF,2278.69
2388,2026-01-01,"Congo, Dem. Rep.",Virunga,CDF,2191.66
2389,2026-02-01,"Congo, Dem. Rep.",Virunga,CDF,2228.07
2390,2026-03-01,"Congo, Dem. Rep.",Virunga,CDF,2248.89
2391,2026-04-01,"Congo, Dem. Rep.",Virunga,CDF,2278.69
2392,2026-01-01,"Congo, Dem. Rep.",Walikale Centre,CDF,2191.66
2393,2026-02-01,"Congo, Dem. Rep.",Walikale Centre,CDF,2228.07
2394,2026-03-01,"Congo, Dem. Rep.",Walikale Centre,CDF,2248.89
2395,2026-04-01,"Congo, Dem. Rep.",Walikale Centre,CDF,2278.69
2396,2026-01-01,"Congo, Dem. Rep.",Walungu,CDF,2191.66
2397,2026-02-01,"Congo, Dem. Rep.",Walungu,CDF,2228.07
2398,2026-03-01,"Congo, Dem. Rep.",Walungu,CDF,2248.89
2399,2026-04-01,"Congo, Dem. Rep.",Walungu,CDF,2278.69
2400,2026-01-01,"Congo, Dem. Rep.",Zairois,CDF,2191.66
2401,2026-02-01,"Congo, Dem. Rep.",Zairois,CDF,2228.07
2402,2026-03-01,"Congo, Dem. Rep.",Zairois,CDF,2248.89
2403,2026-04-01,"Congo, Dem. Rep.",Zairois,CDF,2278.69
2404,2026-01-01,"Congo, Dem. Rep.",Zkele,CDF,2191.66
2405,2026-02-01,"Congo, Dem. Rep.",Zkele,CDF,2228.07
2406,2026-03-01,"Congo, Dem. Rep.",Zkele,CDF,2248.89
2407,2026-04-01,"Congo, Dem. Rep.",Zkele,CDF,2278.69
2408,2026-01-01,"Congo, Dem. Rep.",Zongo,CDF,2191.66
2409,2026-02-01,"Congo, Dem. Rep.",Zongo,CDF,2228.07
2410,2026-03-01,"Congo, Dem. Rep.",Zongo,CDF,2248.89
2411,2026-04-01,"Congo, Dem. Rep.",Zongo,CDF,2278.69
2412,2026-01-01,"Congo, Dem. Rep.",Market Average,CDF,2191.66
2413,2026-02-01,"Congo, Dem. Rep.",Market Average,CDF,2228.07
2414,2026-03-01,"Congo, Dem. Rep.",Market Average,CDF,2248.89
2415,2026-04-01,"Congo, Dem. Rep.",Market Average,CDF,2278.69
2416,2026-01-01,"Congo, Rep.",Bakandi,XAF,558.82
2417,2026-02-01,"Congo, Rep.",Bakandi,XAF,554.77
2418,2026-03-01,"Congo, Rep.",Bakandi,XAF,567.41
2419,2026-04-01,"Congo, Rep.",Bakandi,XAF,571.27
2420,2026-01-01,"Congo, Rep.",Betou Centre,XAF,558.82
2421,2026-02-01,"Congo, Rep.",Betou Centre,XAF,554.77
2422,2026-03-01,"Congo, Rep.",Betou Centre,XAF,567.41
2423,2026-04-01,"Congo, Rep.",Betou Centre,XAF,571.27
2424,2026-01-01,"Congo, Rep.",Brazzaville,XAF,558.82
2425,2026-02-01,"Congo, Rep.",Brazzaville,XAF,554.77
2426,2026-03-01,"Congo, Rep.",Brazzaville,XAF,567.41
2427,2026-04-01,"Congo, Rep.",Brazzaville,XAF,571.27
2428,2026-01-01,"Congo, Rep.",Grand marché/Fond Ntié-Ntié/Nkouikou,XAF,558.82
2429,2026-02-01,"Congo, Rep.",Grand marché/Fond Ntié-Ntié/Nkouikou,XAF,554.77
2430,2026-03-01,"Congo, Rep.",Grand marché/Fond Ntié-Ntié/Nkouikou,XAF,567.41
2431,2026-04-01,"Congo, Rep.",Grand marché/Fond Ntié-Ntié/Nkouikou,XAF,571.27
2432,2026-01-01,"Congo, Rep.",Kinkala,XAF,558.82
2433,2026-02-01,"Congo, Rep.",Kinkala,XAF,554.77
2434,2026-03-01,"Congo, Rep.",Kinkala,XAF,567.41
2435,2026-04-01,"Congo, Rep.",Kinkala,XAF,571.27
2436,2026-01-01,"Congo, Rep.",Mikalou,XAF,558.82
2437,2026-02-01,"Congo, Rep.",Mikalou,XAF,554.77
2438,2026-03-01,"Congo, Rep.",Mikalou,XAF,567.41
2439,2026-04-01,"Congo, Rep.",Mikalou,XAF,571.27
2440,2026-01-01,"Congo, Rep.",Monzombo,XAF,558.82
2441,2026-02-01,"Congo, Rep.",Monzombo,XAF,554.77
2442,2026-03-01,"Congo, Rep.",Monzombo,XAF,567.41
2443,2026-04-01,"Congo, Rep.",Monzombo,XAF,571.27
2444,2026-01-01,"Congo, Rep.",Moungali,XAF,558.82
2445,2026-02-01,"Congo, Rep.",Moungali,XAF,554.77
2446,2026-03-01,"Congo, Rep.",Moungali,XAF,567.41
2447,2026-04-01,"Congo, Rep.",Moungali,XAF,571.27
2448,2026-01-01,"Congo, Rep.",Nkayi,XAF,558.82
2449,2026-02-01,"Congo, Rep.",Nkayi,XAF,554.77
2450,2026-03-01,"Congo, Rep.",Nkayi,XAF,567.41
2451,2026-04-01,"Congo, Rep.",Nkayi,XAF,571.27
2452,2026-01-01,"Congo, Rep.",Ouenzé,XAF,558.82
2453,2026-02-01,"Congo, Rep.",Ouenzé,XAF,554.77
2454,2026-03-01,"Congo, Rep.",Ouenzé,XAF,567.41
2455,2026-04-01,"Congo, Rep.",Ouenzé,XAF,571.27
2456,2026-01-01,"Congo, Rep.",Owando,XAF,558.82
2457,2026-02-01,"Congo, Rep.",Owando,XAF,554.77
2458,2026-03-01,"Congo, Rep.",Owando,XAF,567.41
2459,2026-04-01,"Congo, Rep.",Owando,XAF,571.27
2460,2026-01-01,"Congo, Rep.",Sibiti,XAF,558.82
2461,2026-02-01,"Congo, Rep.",Sibiti,XAF,554.77
2462,2026-03-01,"Congo, Rep.",Sibiti,XAF,567.41
2463,2026-04-01,"Congo, Rep.",Sibiti,XAF,571.27
2464,2026-01-01,"Congo, Rep.",Total,XAF,558.82
2465,2026-02-01,"Congo, Rep.",Total,XAF,554.77
2466,2026-03-01,"Congo, Rep.",Total,XAF,567.41
2467,2026-04-01,"Congo, Rep.",Total,XAF,571.27
2468,2026-01-01,"Congo, Rep.",Market Average,XAF,558.82
2469,2026-02-01,"Congo, Rep.",Market Average,XAF,554.77
2470,2026-03-01,"Congo, Rep.",Market Average,XAF,567.41
2471,2026-04-01,"Congo, Rep.",Market Average,XAF,571.27
2472,2026-01-01,Ethiopia,Abaala,ETB,155.36
2473,2026-02-01,Ethiopia,Abaala,ETB,155.41
2474,2026-03-01,Ethiopia,Abaala,ETB,156.26
2475,2026-04-01,Ethiopia,Abaala,ETB,157.8
2476,2026-01-01,Ethiopia,Abi Adi,ETB,155.36
2477,2026-02-01,Ethiopia,Abi Adi,ETB,155.41
2478,2026-03-01,Ethiopia,Abi Adi,ETB,156.26
2479,2026-04-01,Ethiopia,Abi Adi,ETB,157.8
2480,2026-01-01,Ethiopia,Abomsa,ETB,155.36
2481,2026-02-01,Ethiopia,Abomsa,ETB,155.41
2482,2026-03-01,Ethiopia,Abomsa,ETB,156.26
2483,2026-04-01,Ethiopia,Abomsa,ETB,157.8
2484,2026-01-01,Ethiopia,Addis Ababa,ETB,155.36
2485,2026-02-01,Ethiopia,Addis Ababa,ETB,155.41
2486,2026-03-01,Ethiopia,Addis Ababa,ETB,156.26
2487,2026-04-01,Ethiopia,Addis Ababa,ETB,157.8
2488,2026-01-01,Ethiopia,Adighageray,ETB,155.36
2489,2026-02-01,Ethiopia,Adighageray,ETB,155.41
2490,2026-03-01,Ethiopia,Adighageray,ETB,156.26
2491,2026-04-01,Ethiopia,Adighageray,ETB,157.8
2492,2026-01-01,Ethiopia,Adigrat,ETB,155.36
2493,2026-02-01,Ethiopia,Adigrat,ETB,155.41
2494,2026-03-01,Ethiopia,Adigrat,ETB,156.26
2495,2026-04-01,Ethiopia,Adigrat,ETB,157.8
2496,2026-01-01,Ethiopia,Adiha (Ayder Sub City),ETB,155.36
2497,2026-02-01,Ethiopia,Adiha (Ayder Sub City),ETB,155.41
2498,2026-03-01,Ethiopia,Adiha (Ayder Sub City),ETB,156.26
2499,2026-04-01,Ethiopia,Adiha (Ayder Sub City),ETB,157.8
2500,2026-01-01,Ethiopia,Adwa,ETB,155.36
2501,2026-02-01,Ethiopia,Adwa,ETB,155.41
2502,2026-03-01,Ethiopia,Adwa,ETB,156.26
2503,2026-04-01,Ethiopia,Adwa,ETB,157.8
2504,2026-01-01,Ethiopia,Ajeber,ETB,155.36
2505,2026-02-01,Ethiopia,Ajeber,ETB,155.41
2506,2026-03-01,Ethiopia,Ajeber,ETB,156.26
2507,2026-04-01,Ethiopia,Ajeber,ETB,157.8
2508,2026-01-01,Ethiopia,Alaba,ETB,155.36
2509,2026-02-01,Ethiopia,Alaba,ETB,155.41
2510,2026-03-01,Ethiopia,Alaba,ETB,156.26
2511,2026-04-01,Ethiopia,Alaba,ETB,157.8
2512,2026-01-01,Ethiopia,Alamata,ETB,155.36
2513,2026-02-01,Ethiopia,Alamata,ETB,155.41
2514,2026-03-01,Ethiopia,Alamata,ETB,156.26
2515,2026-04-01,Ethiopia,Alamata,ETB,157.8
2516,2026-01-01,Ethiopia,Aleta Wondo,ETB,155.36
2517,2026-02-01,Ethiopia,Aleta Wondo,ETB,155.41
2518,2026-03-01,Ethiopia,Aleta Wondo,ETB,156.26
2519,2026-04-01,Ethiopia,Aleta Wondo,ETB,157.8
2520,2026-01-01,Ethiopia,Amaro,ETB,155.36
2521,2026-02-01,Ethiopia,Amaro,ETB,155.41
2522,2026-03-01,Ethiopia,Amaro,ETB,156.26
2523,2026-04-01,Ethiopia,Amaro,ETB,157.8
2524,2026-01-01,Ethiopia,Ambo,ETB,155.36
2525,2026-02-01,Ethiopia,Ambo,ETB,155.41
2526,2026-03-01,Ethiopia,Ambo,ETB,156.26
2527,2026-04-01,Ethiopia,Ambo,ETB,157.8
2528,2026-01-01,Ethiopia,Amdework,ETB,155.36
2529,2026-02-01,Ethiopia,Amdework,ETB,155.41
2530,2026-03-01,Ethiopia,Amdework,ETB,156.26
2531,2026-04-01,Ethiopia,Amdework,ETB,157.8
2532,2026-01-01,Ethiopia,Arba Minch,ETB,155.36
2533,2026-02-01,Ethiopia,Arba Minch,ETB,155.41
2534,2026-03-01,Ethiopia,Arba Minch,ETB,156.26
2535,2026-04-01,Ethiopia,Arba Minch,ETB,157.8
2536,2026-01-01,Ethiopia,Aroresa,ETB,155.36
2537,2026-02-01,Ethiopia,Aroresa,ETB,155.41
2538,2026-03-01,Ethiopia,Aroresa,ETB,156.26
2539,2026-04-01,Ethiopia,Aroresa,ETB,157.8
2540,2026-01-01,Ethiopia,Asayta,ETB,155.36
2541,2026-02-01,Ethiopia,Asayta,ETB,155.41
2542,2026-03-01,Ethiopia,Asayta,ETB,156.26
2543,2026-04-01,Ethiopia,Asayta,ETB,157.8
2544,2026-01-01,Ethiopia,Assela,ETB,155.36
2545,2026-02-01,Ethiopia,Assela,ETB,155.41
2546,2026-03-01,Ethiopia,Assela,ETB,156.26
2547,2026-04-01,Ethiopia,Assela,ETB,157.8
2548,2026-01-01,Ethiopia,Assosa,ETB,155.36
2549,2026-02-01,Ethiopia,Assosa,ETB,155.41
2550,2026-03-01,Ethiopia,Assosa,ETB,156.26
2551,2026-04-01,Ethiopia,Assosa,ETB,157.8
2552,2026-01-01,Ethiopia,Awash arba,ETB,155.36
2553,2026-02-01,Ethiopia,Awash arba,ETB,155.41
2554,2026-03-01,Ethiopia,Awash arba,ETB,156.26
2555,2026-04-01,Ethiopia,Awash arba,ETB,157.8
2556,2026-01-01,Ethiopia,Axum,ETB,155.36
2557,2026-02-01,Ethiopia,Axum,ETB,155.41
2558,2026-03-01,Ethiopia,Axum,ETB,156.26
2559,2026-04-01,Ethiopia,Axum,ETB,157.8
2560,2026-01-01,Ethiopia,Babile,ETB,155.36
2561,2026-02-01,Ethiopia,Babile,ETB,155.41
2562,2026-03-01,Ethiopia,Babile,ETB,156.26
2563,2026-04-01,Ethiopia,Babile,ETB,157.8
2564,2026-01-01,Ethiopia,Baher Dar,ETB,155.36
2565,2026-02-01,Ethiopia,Baher Dar,ETB,155.41
2566,2026-03-01,Ethiopia,Baher Dar,ETB,156.26
2567,2026-04-01,Ethiopia,Baher Dar,ETB,157.8
2568,2026-01-01,Ethiopia,Bati,ETB,155.36
2569,2026-02-01,Ethiopia,Bati,ETB,155.41
2570,2026-03-01,Ethiopia,Bati,ETB,156.26
2571,2026-04-01,Ethiopia,Bati,ETB,157.8
2572,2026-01-01,Ethiopia,Beddenno,ETB,155.36
2573,2026-02-01,Ethiopia,Beddenno,ETB,155.41
2574,2026-03-01,Ethiopia,Beddenno,ETB,156.26
2575,2026-04-01,Ethiopia,Beddenno,ETB,157.8
2576,2026-01-01,Ethiopia,Bedessa,ETB,155.36
2577,2026-02-01,Ethiopia,Bedessa,ETB,155.41
2578,2026-03-01,Ethiopia,Bedessa,ETB,156.26
2579,2026-04-01,Ethiopia,Bedessa,ETB,157.8
2580,2026-01-01,Ethiopia,Bichena,ETB,155.36
2581,2026-02-01,Ethiopia,Bichena,ETB,155.41
2582,2026-03-01,Ethiopia,Bichena,ETB,156.26
2583,2026-04-01,Ethiopia,Bichena,ETB,157.8
2584,2026-01-01,Ethiopia,Biki,ETB,155.36
2585,2026-02-01,Ethiopia,Biki,ETB,155.41
2586,2026-03-01,Ethiopia,Biki,ETB,156.26
2587,2026-04-01,Ethiopia,Biki,ETB,157.8
2588,2026-01-01,Ethiopia,Bistima,ETB,155.36
2589,2026-02-01,Ethiopia,Bistima,ETB,155.41
2590,2026-03-01,Ethiopia,Bistima,ETB,156.26
2591,2026-04-01,Ethiopia,Bistima,ETB,157.8
2592,2026-01-01,Ethiopia,Bitchena,ETB,155.36
2593,2026-02-01,Ethiopia,Bitchena,ETB,155.41
2594,2026-03-01,Ethiopia,Bitchena,ETB,156.26
2595,2026-04-01,Ethiopia,Bitchena,ETB,157.8
2596,2026-01-01,Ethiopia,Bure,ETB,155.36
2597,2026-02-01,Ethiopia,Bure,ETB,155.41
2598,2026-03-01,Ethiopia,Bure,ETB,156.26
2599,2026-04-01,Ethiopia,Bure,ETB,157.8
2600,2026-01-01,Ethiopia,Charati,ETB,155.36
2601,2026-02-01,Ethiopia,Charati,ETB,155.41
2602,2026-03-01,Ethiopia,Charati,ETB,156.26
2603,2026-04-01,Ethiopia,Charati,ETB,157.8
2604,2026-01-01,Ethiopia,Chifra,ETB,155.36
2605,2026-02-01,Ethiopia,Chifra,ETB,155.41
2606,2026-03-01,Ethiopia,Chifra,ETB,156.26
2607,2026-04-01,Ethiopia,Chifra,ETB,157.8
2608,2026-01-01,Ethiopia,Chiro,ETB,155.36
2609,2026-02-01,Ethiopia,Chiro,ETB,155.41
2610,2026-03-01,Ethiopia,Chiro,ETB,156.26
2611,2026-04-01,Ethiopia,Chiro,ETB,157.8
2612,2026-01-01,Ethiopia,Dalifagi,ETB,155.36
2613,2026-02-01,Ethiopia,Dalifagi,ETB,155.41
2614,2026-03-01,Ethiopia,Dalifagi,ETB,156.26
2615,2026-04-01,Ethiopia,Dalifagi,ETB,157.8
2616,2026-01-01,Ethiopia,Dalocha,ETB,155.36
2617,2026-02-01,Ethiopia,Dalocha,ETB,155.41
2618,2026-03-01,Ethiopia,Dalocha,ETB,156.26
2619,2026-04-01,Ethiopia,Dalocha,ETB,157.8
2620,2026-01-01,Ethiopia,Debark,ETB,155.36
2621,2026-02-01,Ethiopia,Debark,ETB,155.41
2622,2026-03-01,Ethiopia,Debark,ETB,156.26
2623,2026-04-01,Ethiopia,Debark,ETB,157.8
2624,2026-01-01,Ethiopia,Debre Birhan,ETB,155.36
2625,2026-02-01,Ethiopia,Debre Birhan,ETB,155.41
2626,2026-03-01,Ethiopia,Debre Birhan,ETB,156.26
2627,2026-04-01,Ethiopia,Debre Birhan,ETB,157.8
2628,2026-01-01,Ethiopia,Debre Markos,ETB,155.36
2629,2026-02-01,Ethiopia,Debre Markos,ETB,155.41
2630,2026-03-01,Ethiopia,Debre Markos,ETB,156.26
2631,2026-04-01,Ethiopia,Debre Markos,ETB,157.8
2632,2026-01-01,Ethiopia,Deder,ETB,155.36
2633,2026-02-01,Ethiopia,Deder,ETB,155.41
2634,2026-03-01,Ethiopia,Deder,ETB,156.26
2635,2026-04-01,Ethiopia,Deder,ETB,157.8
2636,2026-01-01,Ethiopia,Dejen,ETB,155.36
2637,2026-02-01,Ethiopia,Dejen,ETB,155.41
2638,2026-03-01,Ethiopia,Dejen,ETB,156.26
2639,2026-04-01,Ethiopia,Dejen,ETB,157.8
2640,2026-01-01,Ethiopia,Dekasuftu,ETB,155.36
2641,2026-02-01,Ethiopia,Dekasuftu,ETB,155.41
2642,2026-03-01,Ethiopia,Dekasuftu,ETB,156.26
2643,2026-04-01,Ethiopia,Dekasuftu,ETB,157.8
2644,2026-01-01,Ethiopia,Delo,ETB,155.36
2645,2026-02-01,Ethiopia,Delo,ETB,155.41
2646,2026-03-01,Ethiopia,Delo,ETB,156.26
2647,2026-04-01,Ethiopia,Delo,ETB,157.8
2648,2026-01-01,Ethiopia,Derashe,ETB,155.36
2649,2026-02-01,Ethiopia,Derashe,ETB,155.41
2650,2026-03-01,Ethiopia,Derashe,ETB,156.26
2651,2026-04-01,Ethiopia,Derashe,ETB,157.8
2652,2026-01-01,Ethiopia,Dessie,ETB,155.36
2653,2026-02-01,Ethiopia,Dessie,ETB,155.41
2654,2026-03-01,Ethiopia,Dessie,ETB,156.26
2655,2026-04-01,Ethiopia,Dessie,ETB,157.8
2656,2026-01-01,Ethiopia,Dila,ETB,155.36
2657,2026-02-01,Ethiopia,Dila,ETB,155.41
2658,2026-03-01,Ethiopia,Dila,ETB,156.26
2659,2026-04-01,Ethiopia,Dila,ETB,157.8
2660,2026-01-01,Ethiopia,Diredawa,ETB,155.36
2661,2026-02-01,Ethiopia,Diredawa,ETB,155.41
2662,2026-03-01,Ethiopia,Diredawa,ETB,156.26
2663,2026-04-01,Ethiopia,Diredawa,ETB,157.8
2664,2026-01-01,Ethiopia,Dolo Ado,ETB,155.36
2665,2026-02-01,Ethiopia,Dolo Ado,ETB,155.41
2666,2026-03-01,Ethiopia,Dolo Ado,ETB,156.26
2667,2026-04-01,Ethiopia,Dolo Ado,ETB,157.8
2668,2026-01-01,Ethiopia,Ebinat,ETB,155.36
2669,2026-02-01,Ethiopia,Ebinat,ETB,155.41
2670,2026-03-01,Ethiopia,Ebinat,ETB,156.26
2671,2026-04-01,Ethiopia,Ebinat,ETB,157.8
2672,2026-01-01,Ethiopia,Enseno,ETB,155.36
2673,2026-02-01,Ethiopia,Enseno,ETB,155.41
2674,2026-03-01,Ethiopia,Enseno,ETB,156.26
2675,2026-04-01,Ethiopia,Enseno,ETB,157.8
2676,2026-01-01,Ethiopia,Erer,ETB,155.36
2677,2026-02-01,Ethiopia,Erer,ETB,155.41
2678,2026-03-01,Ethiopia,Erer,ETB,156.26
2679,2026-04-01,Ethiopia,Erer,ETB,157.8
2680,2026-01-01,Ethiopia,Eteya,ETB,155.36
2681,2026-02-01,Ethiopia,Eteya,ETB,155.41
2682,2026-03-01,Ethiopia,Eteya,ETB,156.26
2683,2026-04-01,Ethiopia,Eteya,ETB,157.8
2684,2026-01-01,Ethiopia,Fedis,ETB,155.36
2685,2026-02-01,Ethiopia,Fedis,ETB,155.41
2686,2026-03-01,Ethiopia,Fedis,ETB,156.26
2687,2026-04-01,Ethiopia,Fedis,ETB,157.8
2688,2026-01-01,Ethiopia,Filtu,ETB,155.36
2689,2026-02-01,Ethiopia,Filtu,ETB,155.41
2690,2026-03-01,Ethiopia,Filtu,ETB,156.26
2691,2026-04-01,Ethiopia,Filtu,ETB,157.8
2692,2026-01-01,Ethiopia,Flakit,ETB,155.36
2693,2026-02-01,Ethiopia,Flakit,ETB,155.41
2694,2026-03-01,Ethiopia,Flakit,ETB,156.26
2695,2026-04-01,Ethiopia,Flakit,ETB,157.8
2696,2026-01-01,Ethiopia,Gambela,ETB,155.36
2697,2026-02-01,Ethiopia,Gambela,ETB,155.41
2698,2026-03-01,Ethiopia,Gambela,ETB,156.26
2699,2026-04-01,Ethiopia,Gambela,ETB,157.8
2700,2026-01-01,Ethiopia,Gamo Gofa,ETB,155.36
2701,2026-02-01,Ethiopia,Gamo Gofa,ETB,155.41
2702,2026-03-01,Ethiopia,Gamo Gofa,ETB,156.26
2703,2026-04-01,Ethiopia,Gamo Gofa,ETB,157.8
2704,2026-01-01,Ethiopia,Gilgelbeles,ETB,155.36
2705,2026-02-01,Ethiopia,Gilgelbeles,ETB,155.41
2706,2026-03-01,Ethiopia,Gilgelbeles,ETB,156.26
2707,2026-04-01,Ethiopia,Gilgelbeles,ETB,157.8
2708,2026-01-01,Ethiopia,Ginnir,ETB,155.36
2709,2026-02-01,Ethiopia,Ginnir,ETB,155.41
2710,2026-03-01,Ethiopia,Ginnir,ETB,156.26
2711,2026-04-01,Ethiopia,Ginnir,ETB,157.8
2712,2026-01-01,Ethiopia,Girawa,ETB,155.36
2713,2026-02-01,Ethiopia,Girawa,ETB,155.41
2714,2026-03-01,Ethiopia,Girawa,ETB,156.26
2715,2026-04-01,Ethiopia,Girawa,ETB,157.8
2716,2026-01-01,Ethiopia,Gode,ETB,155.36
2717,2026-02-01,Ethiopia,Gode,ETB,155.41
2718,2026-03-01,Ethiopia,Gode,ETB,156.26
2719,2026-04-01,Ethiopia,Gode,ETB,157.8
2720,2026-01-01,Ethiopia,Gohatsiyon/GebreGuracha,ETB,155.36
2721,2026-02-01,Ethiopia,Gohatsiyon/GebreGuracha,ETB,155.41
2722,2026-03-01,Ethiopia,Gohatsiyon/GebreGuracha,ETB,156.26
2723,2026-04-01,Ethiopia,Gohatsiyon/GebreGuracha,ETB,157.8
2724,2026-01-01,Ethiopia,Gonder,ETB,155.36
2725,2026-02-01,Ethiopia,Gonder,ETB,155.41
2726,2026-03-01,Ethiopia,Gonder,ETB,156.26
2727,2026-04-01,Ethiopia,Gonder,ETB,157.8
2728,2026-01-01,Ethiopia,Gordamole,ETB,155.36
2729,2026-02-01,Ethiopia,Gordamole,ETB,155.41
2730,2026-03-01,Ethiopia,Gordamole,ETB,156.26
2731,2026-04-01,Ethiopia,Gordamole,ETB,157.8
2732,2026-01-01,Ethiopia,Gubiya/yalo,ETB,155.36
2733,2026-02-01,Ethiopia,Gubiya/yalo,ETB,155.41
2734,2026-03-01,Ethiopia,Gubiya/yalo,ETB,156.26
2735,2026-04-01,Ethiopia,Gubiya/yalo,ETB,157.8
2736,2026-01-01,Ethiopia,Harar,ETB,155.36
2737,2026-02-01,Ethiopia,Harar,ETB,155.41
2738,2026-03-01,Ethiopia,Harar,ETB,156.26
2739,2026-04-01,Ethiopia,Harar,ETB,157.8
2740,2026-01-01,Ethiopia,Harbu,ETB,155.36
2741,2026-02-01,Ethiopia,Harbu,ETB,155.41
2742,2026-03-01,Ethiopia,Harbu,ETB,156.26
2743,2026-04-01,Ethiopia,Harbu,ETB,157.8
2744,2026-01-01,Ethiopia,Haromaya,ETB,155.36
2745,2026-02-01,Ethiopia,Haromaya,ETB,155.41
2746,2026-03-01,Ethiopia,Haromaya,ETB,156.26
2747,2026-04-01,Ethiopia,Haromaya,ETB,157.8
2748,2026-01-01,Ethiopia,Hawassa,ETB,155.36
2749,2026-02-01,Ethiopia,Hawassa,ETB,155.41
2750,2026-03-01,Ethiopia,Hawassa,ETB,156.26
2751,2026-04-01,Ethiopia,Hawassa,ETB,157.8
2752,2026-01-01,Ethiopia,Hawzien,ETB,155.36
2753,2026-02-01,Ethiopia,Hawzien,ETB,155.41
2754,2026-03-01,Ethiopia,Hawzien,ETB,156.26
2755,2026-04-01,Ethiopia,Hawzien,ETB,157.8
2756,2026-01-01,Ethiopia,Hossana,ETB,155.36
2757,2026-02-01,Ethiopia,Hossana,ETB,155.41
2758,2026-03-01,Ethiopia,Hossana,ETB,156.26
2759,2026-04-01,Ethiopia,Hossana,ETB,157.8
2760,2026-01-01,Ethiopia,Jiga,ETB,155.36
2761,2026-02-01,Ethiopia,Jiga,ETB,155.41
2762,2026-03-01,Ethiopia,Jiga,ETB,156.26
2763,2026-04-01,Ethiopia,Jiga,ETB,157.8
2764,2026-01-01,Ethiopia,Jijiga,ETB,155.36
2765,2026-02-01,Ethiopia,Jijiga,ETB,155.41
2766,2026-03-01,Ethiopia,Jijiga,ETB,156.26
2767,2026-04-01,Ethiopia,Jijiga,ETB,157.8
2768,2026-01-01,Ethiopia,Jimma,ETB,155.36
2769,2026-02-01,Ethiopia,Jimma,ETB,155.41
2770,2026-03-01,Ethiopia,Jimma,ETB,156.26
2771,2026-04-01,Ethiopia,Jimma,ETB,157.8
2772,2026-01-01,Ethiopia,Jinka,ETB,155.36
2773,2026-02-01,Ethiopia,Jinka,ETB,155.41
2774,2026-03-01,Ethiopia,Jinka,ETB,156.26
2775,2026-04-01,Ethiopia,Jinka,ETB,157.8
2776,2026-01-01,Ethiopia,Karati,ETB,155.36
2777,2026-02-01,Ethiopia,Karati,ETB,155.41
2778,2026-03-01,Ethiopia,Karati,ETB,156.26
2779,2026-04-01,Ethiopia,Karati,ETB,157.8
2780,2026-01-01,Ethiopia,Kebele 17,ETB,155.36
2781,2026-02-01,Ethiopia,Kebele 17,ETB,155.41
2782,2026-03-01,Ethiopia,Kebele 17,ETB,156.26
2783,2026-04-01,Ethiopia,Kebele 17,ETB,157.8
2784,2026-01-01,Ethiopia,Kebri Dehar,ETB,155.36
2785,2026-02-01,Ethiopia,Kebri Dehar,ETB,155.41
2786,2026-03-01,Ethiopia,Kebri Dehar,ETB,156.26
2787,2026-04-01,Ethiopia,Kebri Dehar,ETB,157.8
2788,2026-01-01,Ethiopia,Kemashi,ETB,155.36
2789,2026-02-01,Ethiopia,Kemashi,ETB,155.41
2790,2026-03-01,Ethiopia,Kemashi,ETB,156.26
2791,2026-04-01,Ethiopia,Kemashi,ETB,157.8
2792,2026-01-01,Ethiopia,Kemise,ETB,155.36
2793,2026-02-01,Ethiopia,Kemise,ETB,155.41
2794,2026-03-01,Ethiopia,Kemise,ETB,156.26
2795,2026-04-01,Ethiopia,Kemise,ETB,157.8
2796,2026-01-01,Ethiopia,Kersa,ETB,155.36
2797,2026-02-01,Ethiopia,Kersa,ETB,155.41
2798,2026-03-01,Ethiopia,Kersa,ETB,156.26
2799,2026-04-01,Ethiopia,Kersa,ETB,157.8
2800,2026-01-01,Ethiopia,Key Afer,ETB,155.36
2801,2026-02-01,Ethiopia,Key Afer,ETB,155.41
2802,2026-03-01,Ethiopia,Key Afer,ETB,156.26
2803,2026-04-01,Ethiopia,Key Afer,ETB,157.8
2804,2026-01-01,Ethiopia,Kobo,ETB,155.36
2805,2026-02-01,Ethiopia,Kobo,ETB,155.41
2806,2026-03-01,Ethiopia,Kobo,ETB,156.26
2807,2026-04-01,Ethiopia,Kobo,ETB,157.8
2808,2026-01-01,Ethiopia,Korem,ETB,155.36
2809,2026-02-01,Ethiopia,Korem,ETB,155.41
2810,2026-03-01,Ethiopia,Korem,ETB,156.26
2811,2026-04-01,Ethiopia,Korem,ETB,157.8
2812,2026-01-01,Ethiopia,Kowerneng/Korgang,ETB,155.36
2813,2026-02-01,Ethiopia,Kowerneng/Korgang,ETB,155.41
2814,2026-03-01,Ethiopia,Kowerneng/Korgang,ETB,156.26
2815,2026-04-01,Ethiopia,Kowerneng/Korgang,ETB,157.8
2816,2026-01-01,Ethiopia,Kurfa Chelle,ETB,155.36
2817,2026-02-01,Ethiopia,Kurfa Chelle,ETB,155.41
2818,2026-03-01,Ethiopia,Kurfa Chelle,ETB,156.26
2819,2026-04-01,Ethiopia,Kurfa Chelle,ETB,157.8
2820,2026-01-01,Ethiopia,Maichow,ETB,155.36
2821,2026-02-01,Ethiopia,Maichow,ETB,155.41
2822,2026-03-01,Ethiopia,Maichow,ETB,156.26
2823,2026-04-01,Ethiopia,Maichow,ETB,157.8
2824,2026-01-01,Ethiopia,Masha,ETB,155.36
2825,2026-02-01,Ethiopia,Masha,ETB,155.41
2826,2026-03-01,Ethiopia,Masha,ETB,156.26
2827,2026-04-01,Ethiopia,Masha,ETB,157.8
2828,2026-01-01,Ethiopia,May Tsemre,ETB,155.36
2829,2026-02-01,Ethiopia,May Tsemre,ETB,155.41
2830,2026-03-01,Ethiopia,May Tsemre,ETB,156.26
2831,2026-04-01,Ethiopia,May Tsemre,ETB,157.8
2832,2026-01-01,Ethiopia,Mechara,ETB,155.36
2833,2026-02-01,Ethiopia,Mechara,ETB,155.41
2834,2026-03-01,Ethiopia,Mechara,ETB,156.26
2835,2026-04-01,Ethiopia,Mechara,ETB,157.8
2836,2026-01-01,Ethiopia,Mehoni,ETB,155.36
2837,2026-02-01,Ethiopia,Mehoni,ETB,155.41
2838,2026-03-01,Ethiopia,Mehoni,ETB,156.26
2839,2026-04-01,Ethiopia,Mehoni,ETB,157.8
2840,2026-01-01,Ethiopia,Mekele,ETB,155.36
2841,2026-02-01,Ethiopia,Mekele,ETB,155.41
2842,2026-03-01,Ethiopia,Mekele,ETB,156.26
2843,2026-04-01,Ethiopia,Mekele,ETB,157.8
2844,2026-01-01,Ethiopia,Mersa,ETB,155.36
2845,2026-02-01,Ethiopia,Mersa,ETB,155.41
2846,2026-03-01,Ethiopia,Mersa,ETB,156.26
2847,2026-04-01,Ethiopia,Mersa,ETB,157.8
2848,2026-01-01,Ethiopia,Merti,ETB,155.36
2849,2026-02-01,Ethiopia,Merti,ETB,155.41
2850,2026-03-01,Ethiopia,Merti,ETB,156.26
2851,2026-04-01,Ethiopia,Merti,ETB,157.8
2852,2026-01-01,Ethiopia,Meti,ETB,155.36
2853,2026-02-01,Ethiopia,Meti,ETB,155.41
2854,2026-03-01,Ethiopia,Meti,ETB,156.26
2855,2026-04-01,Ethiopia,Meti,ETB,157.8
2856,2026-01-01,Ethiopia,Mota,ETB,155.36
2857,2026-02-01,Ethiopia,Mota,ETB,155.41
2858,2026-03-01,Ethiopia,Mota,ETB,156.26
2859,2026-04-01,Ethiopia,Mota,ETB,157.8
2860,2026-01-01,Ethiopia,Moyale,ETB,155.36
2861,2026-02-01,Ethiopia,Moyale,ETB,155.41
2862,2026-03-01,Ethiopia,Moyale,ETB,156.26
2863,2026-04-01,Ethiopia,Moyale,ETB,157.8
2864,2026-01-01,Ethiopia,Nazareth,ETB,155.36
2865,2026-02-01,Ethiopia,Nazareth,ETB,155.41
2866,2026-03-01,Ethiopia,Nazareth,ETB,156.26
2867,2026-04-01,Ethiopia,Nazareth,ETB,157.8
2868,2026-01-01,Ethiopia,Nefas Mewcha,ETB,155.36
2869,2026-02-01,Ethiopia,Nefas Mewcha,ETB,155.41
2870,2026-03-01,Ethiopia,Nefas Mewcha,ETB,156.26
2871,2026-04-01,Ethiopia,Nefas Mewcha,ETB,157.8
2872,2026-01-01,Ethiopia,Negele,ETB,155.36
2873,2026-02-01,Ethiopia,Negele,ETB,155.41
2874,2026-03-01,Ethiopia,Negele,ETB,156.26
2875,2026-04-01,Ethiopia,Negele,ETB,157.8
2876,2026-01-01,Ethiopia,Nekempt,ETB,155.36
2877,2026-02-01,Ethiopia,Nekempt,ETB,155.41
2878,2026-03-01,Ethiopia,Nekempt,ETB,156.26
2879,2026-04-01,Ethiopia,Nekempt,ETB,157.8
2880,2026-01-01,Ethiopia,Punido,ETB,155.36
2881,2026-02-01,Ethiopia,Punido,ETB,155.41
2882,2026-03-01,Ethiopia,Punido,ETB,156.26
2883,2026-04-01,Ethiopia,Punido,ETB,157.8
2884,2026-01-01,Ethiopia,Quiha,ETB,155.36
2885,2026-02-01,Ethiopia,Quiha,ETB,155.41
2886,2026-03-01,Ethiopia,Quiha,ETB,156.26
2887,2026-04-01,Ethiopia,Quiha,ETB,157.8
2888,2026-01-01,Ethiopia,Robe,ETB,155.36
2889,2026-02-01,Ethiopia,Robe,ETB,155.41
2890,2026-03-01,Ethiopia,Robe,ETB,156.26
2891,2026-04-01,Ethiopia,Robe,ETB,157.8
2892,2026-01-01,Ethiopia,Robit,ETB,155.36
2893,2026-02-01,Ethiopia,Robit,ETB,155.41
2894,2026-03-01,Ethiopia,Robit,ETB,156.26
2895,2026-04-01,Ethiopia,Robit,ETB,157.8
2896,2026-01-01,Ethiopia,Sawla,ETB,155.36
2897,2026-02-01,Ethiopia,Sawla,ETB,155.41
2898,2026-03-01,Ethiopia,Sawla,ETB,156.26
2899,2026-04-01,Ethiopia,Sawla,ETB,157.8
2900,2026-01-01,Ethiopia,Segno Gebeya,ETB,155.36
2901,2026-02-01,Ethiopia,Segno Gebeya,ETB,155.41
2902,2026-03-01,Ethiopia,Segno Gebeya,ETB,156.26
2903,2026-04-01,Ethiopia,Segno Gebeya,ETB,157.8
2904,2026-01-01,Ethiopia,Sekota,ETB,155.36
2905,2026-02-01,Ethiopia,Sekota,ETB,155.41
2906,2026-03-01,Ethiopia,Sekota,ETB,156.26
2907,2026-04-01,Ethiopia,Sekota,ETB,157.8
2908,2026-01-01,Ethiopia,Shahigubi,ETB,155.36
2909,2026-02-01,Ethiopia,Shahigubi,ETB,155.41
2910,2026-03-01,Ethiopia,Shahigubi,ETB,156.26
2911,2026-04-01,Ethiopia,Shahigubi,ETB,157.8
2912,2026-01-01,Ethiopia,Shalla,ETB,155.36
2913,2026-02-01,Ethiopia,Shalla,ETB,155.41
2914,2026-03-01,Ethiopia,Shalla,ETB,156.26
2915,2026-04-01,Ethiopia,Shalla,ETB,157.8
2916,2026-01-01,Ethiopia,Shashemene,ETB,155.36
2917,2026-02-01,Ethiopia,Shashemene,ETB,155.41
2918,2026-03-01,Ethiopia,Shashemene,ETB,156.26
2919,2026-04-01,Ethiopia,Shashemene,ETB,157.8
2920,2026-01-01,Ethiopia,Sheraro,ETB,155.36
2921,2026-02-01,Ethiopia,Sheraro,ETB,155.41
2922,2026-03-01,Ethiopia,Sheraro,ETB,156.26
2923,2026-04-01,Ethiopia,Sheraro,ETB,157.8
2924,2026-01-01,Ethiopia,Shewa Robit,ETB,155.36
2925,2026-02-01,Ethiopia,Shewa Robit,ETB,155.41
2926,2026-03-01,Ethiopia,Shewa Robit,ETB,156.26
2927,2026-04-01,Ethiopia,Shewa Robit,ETB,157.8
2928,2026-01-01,Ethiopia,Shire,ETB,155.36
2929,2026-02-01,Ethiopia,Shire,ETB,155.41
2930,2026-03-01,Ethiopia,Shire,ETB,156.26
2931,2026-04-01,Ethiopia,Shire,ETB,157.8
2932,2026-01-01,Ethiopia,Sik'ela,ETB,155.36
2933,2026-02-01,Ethiopia,Sik'ela,ETB,155.41
2934,2026-03-01,Ethiopia,Sik'ela,ETB,156.26
2935,2026-04-01,Ethiopia,Sik'ela,ETB,157.8
2936,2026-01-01,Ethiopia,Sodo,ETB,155.36
2937,2026-02-01,Ethiopia,Sodo,ETB,155.41
2938,2026-03-01,Ethiopia,Sodo,ETB,156.26
2939,2026-04-01,Ethiopia,Sodo,ETB,157.8
2940,2026-01-01,Ethiopia,Turmi,ETB,155.36
2941,2026-02-01,Ethiopia,Turmi,ETB,155.41
2942,2026-03-01,Ethiopia,Turmi,ETB,156.26
2943,2026-04-01,Ethiopia,Turmi,ETB,157.8
2944,2026-01-01,Ethiopia,Wekro,ETB,155.36
2945,2026-02-01,Ethiopia,Wekro,ETB,155.41
2946,2026-03-01,Ethiopia,Wekro,ETB,156.26
2947,2026-04-01,Ethiopia,Wekro,ETB,157.8
2948,2026-01-01,Ethiopia,Werer,ETB,155.36
2949,2026-02-01,Ethiopia,Werer,ETB,155.41
2950,2026-03-01,Ethiopia,Werer,ETB,156.26
2951,2026-04-01,Ethiopia,Werer,ETB,157.8
2952,2026-01-01,Ethiopia,Wolenchiti,ETB,155.36
2953,2026-02-01,Ethiopia,Wolenchiti,ETB,155.41
2954,2026-03-01,Ethiopia,Wolenchiti,ETB,156.26
2955,2026-04-01,Ethiopia,Wolenchiti,ETB,157.8
2956,2026-01-01,Ethiopia,Woliso,ETB,155.36
2957,2026-02-01,Ethiopia,Woliso,ETB,155.41
2958,2026-03-01,Ethiopia,Woliso,ETB,156.26
2959,2026-04-01,Ethiopia,Woliso,ETB,157.8
2960,2026-01-01,Ethiopia,Wonago,ETB,155.36
2961,2026-02-01,Ethiopia,Wonago,ETB,155.41
2962,2026-03-01,Ethiopia,Wonago,ETB,156.26
2963,2026-04-01,Ethiopia,Wonago,ETB,157.8
2964,2026-01-01,Ethiopia,Wukro,ETB,155.36
2965,2026-02-01,Ethiopia,Wukro,ETB,155.41
2966,2026-03-01,Ethiopia,Wukro,ETB,156.26
2967,2026-04-01,Ethiopia,Wukro,ETB,157.8
2968,2026-01-01,Ethiopia,Yabelo,ETB,155.36
2969,2026-02-01,Ethiopia,Yabelo,ETB,155.41
2970,2026-03-01,Ethiopia,Yabelo,ETB,156.26
2971,2026-04-01,Ethiopia,Yabelo,ETB,157.8
2972,2026-01-01,Ethiopia,Ziway,ETB,155.36
2973,2026-02-01,Ethiopia,Ziway,ETB,155.41
2974,2026-03-01,Ethiopia,Ziway,ETB,156.26
2975,2026-04-01,Ethiopia,Ziway,ETB,157.8
2976,2026-01-01,Ethiopia,Market Average,ETB,155.36
2977,2026-02-01,Ethiopia,Market Average,ETB,155.41
2978,2026-03-01,Ethiopia,Market Average,ETB,156.26
2979,2026-04-01,Ethiopia,Market Average,ETB,157.8
2980,2026-01-01,Guinea,Beyla,GNF,8693.51
2981,2026-02-01,Guinea,Beyla,GNF,8773.36
2982,2026-03-01,Guinea,Beyla,GNF,8772.82
2983,2026-04-01,Guinea,Beyla,GNF,8819.58
2984,2026-01-01,Guinea,Boke,GNF,8693.51
2985,2026-02-01,Guinea,Boke,GNF,8773.36
2986,2026-03-01,Guinea,Boke,GNF,8772.82
2987,2026-04-01,Guinea,Boke,GNF,8819.58
2988,2026-01-01,Guinea,Conakry (FAO location),GNF,8693.51
2989,2026-02-01,Guinea,Conakry (FAO location),GNF,8773.36
2990,2026-03-01,Guinea,Conakry (FAO location),GNF,8772.82
2991,2026-04-01,Guinea,Conakry (FAO location),GNF,8819.58
2992,2026-01-01,Guinea,Conakry-Concasseur,GNF,8693.51
2993,2026-02-01,Guinea,Conakry-Concasseur,GNF,8773.36
2994,2026-03-01,Guinea,Conakry-Concasseur,GNF,8772.82
2995,2026-04-01,Guinea,Conakry-Concasseur,GNF,8819.58
2996,2026-01-01,Guinea,Conakry-Madina,GNF,8693.51
2997,2026-02-01,Guinea,Conakry-Madina,GNF,8773.36
2998,2026-03-01,Guinea,Conakry-Madina,GNF,8772.82
2999,2026-04-01,Guinea,Conakry-Madina,GNF,8819.58
3000,2026-01-01,Guinea,Conakry-Niger,GNF,8693.51
3001,2026-02-01,Guinea,Conakry-Niger,GNF,8773.36
3002,2026-03-01,Guinea,Conakry-Niger,GNF,8772.82
3003,2026-04-01,Guinea,Conakry-Niger,GNF,8819.58
3004,2026-01-01,Guinea,Conakry-Yéguéma,GNF,8693.51
3005,2026-02-01,Guinea,Conakry-Yéguéma,GNF,8773.36
3006,2026-03-01,Guinea,Conakry-Yéguéma,GNF,8772.82
3007,2026-04-01,Guinea,Conakry-Yéguéma,GNF,8819.58
3008,2026-01-01,Guinea,Conakry-Yimbaya,GNF,8693.51
3009,2026-02-01,Guinea,Conakry-Yimbaya,GNF,8773.36
3010,2026-03-01,Guinea,Conakry-Yimbaya,GNF,8772.82
3011,2026-04-01,Guinea,Conakry-Yimbaya,GNF,8819.58
3012,2026-01-01,Guinea,Dibida (Kankan),GNF,8693.51
3013,2026-02-01,Guinea,Dibida (Kankan),GNF,8773.36
3014,2026-03-01,Guinea,Dibida (Kankan),GNF,8772.82
3015,2026-04-01,Guinea,Dibida (Kankan),GNF,8819.58
3016,2026-01-01,Guinea,Faranah,GNF,8693.51
3017,2026-02-01,Guinea,Faranah,GNF,8773.36
3018,2026-03-01,Guinea,Faranah,GNF,8772.82
3019,2026-04-01,Guinea,Faranah,GNF,8819.58
3020,2026-01-01,Guinea,Grand marché (Nzerekore),GNF,8693.51
3021,2026-02-01,Guinea,Grand marché (Nzerekore),GNF,8773.36
3022,2026-03-01,Guinea,Grand marché (Nzerekore),GNF,8772.82
3023,2026-04-01,Guinea,Grand marché (Nzerekore),GNF,8819.58
3024,2026-01-01,Guinea,Gueckedou,GNF,8693.51
3025,2026-02-01,Guinea,Gueckedou,GNF,8773.36
3026,2026-03-01,Guinea,Gueckedou,GNF,8772.82
3027,2026-04-01,Guinea,Gueckedou,GNF,8819.58
3028,2026-01-01,Guinea,Kindia,GNF,8693.51
3029,2026-02-01,Guinea,Kindia,GNF,8773.36
3030,2026-03-01,Guinea,Kindia,GNF,8772.82
3031,2026-04-01,Guinea,Kindia,GNF,8819.58
3032,2026-01-01,Guinea,Kissidougou,GNF,8693.51
3033,2026-02-01,Guinea,Kissidougou,GNF,8773.36
3034,2026-03-01,Guinea,Kissidougou,GNF,8772.82
3035,2026-04-01,Guinea,Kissidougou,GNF,8819.58
3036,2026-01-01,Guinea,Koundara,GNF,8693.51
3037,2026-02-01,Guinea,Koundara,GNF,8773.36
3038,2026-03-01,Guinea,Koundara,GNF,8772.82
3039,2026-04-01,Guinea,Koundara,GNF,8819.58
3040,2026-01-01,Guinea,Lola,GNF,8693.51
3041,2026-02-01,Guinea,Lola,GNF,8773.36
3042,2026-03-01,Guinea,Lola,GNF,8772.82
3043,2026-04-01,Guinea,Lola,GNF,8819.58
3044,2026-01-01,Guinea,Macenta,GNF,8693.51
3045,2026-02-01,Guinea,Macenta,GNF,8773.36
3046,2026-03-01,Guinea,Macenta,GNF,8772.82
3047,2026-04-01,Guinea,Macenta,GNF,8819.58
3048,2026-01-01,Guinea,Mamou,GNF,8693.51
3049,2026-02-01,Guinea,Mamou,GNF,8773.36
3050,2026-03-01,Guinea,Mamou,GNF,8772.82
3051,2026-04-01,Guinea,Mamou,GNF,8819.58
3052,2026-01-01,Guinea,Marché central (Labé),GNF,8693.51
3053,2026-02-01,Guinea,Marché central (Labé),GNF,8773.36
3054,2026-03-01,Guinea,Marché central (Labé),GNF,8772.82
3055,2026-04-01,Guinea,Marché central (Labé),GNF,8819.58
3056,2026-01-01,Guinea,Tanène,GNF,8693.51
3057,2026-02-01,Guinea,Tanène,GNF,8773.36
3058,2026-03-01,Guinea,Tanène,GNF,8772.82
3059,2026-04-01,Guinea,Tanène,GNF,8819.58
3060,2026-01-01,Guinea,Market Average,GNF,8693.51
3061,2026-02-01,Guinea,Market Average,GNF,8773.36
3062,2026-03-01,Guinea,Market Average,GNF,8772.82
3063,2026-04-01,Guinea,Market Average,GNF,8819.58
3064,2026-01-01,"Gambia, The",Bakau,GMD,72.32
3065,2026-02-01,"Gambia, The",Bakau,GMD,73.49
3066,2026-03-01,"Gambia, The",Bakau,GMD,73.6
3067,2026-04-01,"Gambia, The",Bakau,GMD,73.88
3068,2026-01-01,"Gambia, The",Banjul,GMD,72.32
3069,2026-02-01,"Gambia, The",Banjul,GMD,73.49
3070,2026-03-01,"Gambia, The",Banjul,GMD,73.6
3071,2026-04-01,"Gambia, The",Banjul,GMD,73.88
3072,2026-01-01,"Gambia, The",Bansang,GMD,72.32
3073,2026-02-01,"Gambia, The",Bansang,GMD,73.49
3074,2026-03-01,"Gambia, The",Bansang,GMD,73.6
3075,2026-04-01,"Gambia, The",Bansang,GMD,73.88
3076,2026-01-01,"Gambia, The",Basse Santa su,GMD,72.32
3077,2026-02-01,"Gambia, The",Basse Santa su,GMD,73.49
3078,2026-03-01,"Gambia, The",Basse Santa su,GMD,73.6
3079,2026-04-01,"Gambia, The",Basse Santa su,GMD,73.88
3080,2026-01-01,"Gambia, The",Brikama,GMD,72.32
3081,2026-02-01,"Gambia, The",Brikama,GMD,73.49
3082,2026-03-01,"Gambia, The",Brikama,GMD,73.6
3083,2026-04-01,"Gambia, The",Brikama,GMD,73.88
3084,2026-01-01,"Gambia, The",Brikamaba,GMD,72.32
3085,2026-02-01,"Gambia, The",Brikamaba,GMD,73.49
3086,2026-03-01,"Gambia, The",Brikamaba,GMD,73.6
3087,2026-04-01,"Gambia, The",Brikamaba,GMD,73.88
3088,2026-01-01,"Gambia, The",Essau / Barra,GMD,72.32
3089,2026-02-01,"Gambia, The",Essau / Barra,GMD,73.49
3090,2026-03-01,"Gambia, The",Essau / Barra,GMD,73.6
3091,2026-04-01,"Gambia, The",Essau / Barra,GMD,73.88
3092,2026-01-01,"Gambia, The",Farafenni,GMD,72.32
3093,2026-02-01,"Gambia, The",Farafenni,GMD,73.49
3094,2026-03-01,"Gambia, The",Farafenni,GMD,73.6
3095,2026-04-01,"Gambia, The",Farafenni,GMD,73.88
3096,2026-01-01,"Gambia, The",Fass Njaga Choi,GMD,72.32
3097,2026-02-01,"Gambia, The",Fass Njaga Choi,GMD,73.49
3098,2026-03-01,"Gambia, The",Fass Njaga Choi,GMD,73.6
3099,2026-04-01,"Gambia, The",Fass Njaga Choi,GMD,73.88
3100,2026-01-01,"Gambia, The",Fatoto,GMD,72.32
3101,2026-02-01,"Gambia, The",Fatoto,GMD,73.49
3102,2026-03-01,"Gambia, The",Fatoto,GMD,73.6
3103,2026-04-01,"Gambia, The",Fatoto,GMD,73.88
3104,2026-01-01,"Gambia, The",Gunjur,GMD,72.32
3105,2026-02-01,"Gambia, The",Gunjur,GMD,73.49
3106,2026-03-01,"Gambia, The",Gunjur,GMD,73.6
3107,2026-04-01,"Gambia, The",Gunjur,GMD,73.88
3108,2026-01-01,"Gambia, The",Jarreng,GMD,72.32
3109,2026-02-01,"Gambia, The",Jarreng,GMD,73.49
3110,2026-03-01,"Gambia, The",Jarreng,GMD,73.6
3111,2026-04-01,"Gambia, The",Jarreng,GMD,73.88
3112,2026-01-01,"Gambia, The",Kalagi,GMD,72.32
3113,2026-02-01,"Gambia, The",Kalagi,GMD,73.49
3114,2026-03-01,"Gambia, The",Kalagi,GMD,73.6
3115,2026-04-01,"Gambia, The",Kalagi,GMD,73.88
3116,2026-01-01,"Gambia, The",Kaur Wharf Town,GMD,72.32
3117,2026-02-01,"Gambia, The",Kaur Wharf Town,GMD,73.49
3118,2026-03-01,"Gambia, The",Kaur Wharf Town,GMD,73.6
3119,2026-04-01,"Gambia, The",Kaur Wharf Town,GMD,73.88
3120,2026-01-01,"Gambia, The",Ker Pate Kore,GMD,72.32
3121,2026-02-01,"Gambia, The",Ker Pate Kore,GMD,73.49
3122,2026-03-01,"Gambia, The",Ker Pate Kore,GMD,73.6
3123,2026-04-01,"Gambia, The",Ker Pate Kore,GMD,73.88
3124,2026-01-01,"Gambia, The",Kerewan,GMD,72.32
3125,2026-02-01,"Gambia, The",Kerewan,GMD,73.49
3126,2026-03-01,"Gambia, The",Kerewan,GMD,73.6
3127,2026-04-01,"Gambia, The",Kerewan,GMD,73.88
3128,2026-01-01,"Gambia, The",Kuntaur,GMD,72.32
3129,2026-02-01,"Gambia, The",Kuntaur,GMD,73.49
3130,2026-03-01,"Gambia, The",Kuntaur,GMD,73.6
3131,2026-04-01,"Gambia, The",Kuntaur,GMD,73.88
3132,2026-01-01,"Gambia, The",Kwinella Nya Kunda,GMD,72.32
3133,2026-02-01,"Gambia, The",Kwinella Nya Kunda,GMD,73.49
3134,2026-03-01,"Gambia, The",Kwinella Nya Kunda,GMD,73.6
3135,2026-04-01,"Gambia, The",Kwinella Nya Kunda,GMD,73.88
3136,2026-01-01,"Gambia, The",Lamin,GMD,72.32
3137,2026-02-01,"Gambia, The",Lamin,GMD,73.49
3138,2026-03-01,"Gambia, The",Lamin,GMD,73.6
3139,2026-04-01,"Gambia, The",Lamin,GMD,73.88
3140,2026-01-01,"Gambia, The",Latri kunda,GMD,72.32
3141,2026-02-01,"Gambia, The",Latri kunda,GMD,73.49
3142,2026-03-01,"Gambia, The",Latri kunda,GMD,73.6
3143,2026-04-01,"Gambia, The",Latri kunda,GMD,73.88
3144,2026-01-01,"Gambia, The",Ndugu Kebbeh,GMD,72.32
3145,2026-02-01,"Gambia, The",Ndugu Kebbeh,GMD,73.49
3146,2026-03-01,"Gambia, The",Ndugu Kebbeh,GMD,73.6
3147,2026-04-01,"Gambia, The",Ndugu Kebbeh,GMD,73.88
3148,2026-01-01,"Gambia, The",Sare Bojo,GMD,72.32
3149,2026-02-01,"Gambia, The",Sare Bojo,GMD,73.49
3150,2026-03-01,"Gambia, The",Sare Bojo,GMD,73.6
3151,2026-04-01,"Gambia, The",Sare Bojo,GMD,73.88
3152,2026-01-01,"Gambia, The",Sare Ngai,GMD,72.32
3153,2026-02-01,"Gambia, The",Sare Ngai,GMD,73.49
3154,2026-03-01,"Gambia, The",Sare Ngai,GMD,73.6
3155,2026-04-01,"Gambia, The",Sare Ngai,GMD,73.88
3156,2026-01-01,"Gambia, The",Serrekunda,GMD,72.32
3157,2026-02-01,"Gambia, The",Serrekunda,GMD,73.49
3158,2026-03-01,"Gambia, The",Serrekunda,GMD,73.6
3159,2026-04-01,"Gambia, The",Serrekunda,GMD,73.88
3160,2026-01-01,"Gambia, The",Sibanor,GMD,72.32
3161,2026-02-01,"Gambia, The",Sibanor,GMD,73.49
3162,2026-03-01,"Gambia, The",Sibanor,GMD,73.6
3163,2026-04-01,"Gambia, The",Sibanor,GMD,73.88
3164,2026-01-01,"Gambia, The",Soma,GMD,72.32
3165,2026-02-01,"Gambia, The",Soma,GMD,73.49
3166,2026-03-01,"Gambia, The",Soma,GMD,73.6
3167,2026-04-01,"Gambia, The",Soma,GMD,73.88
3168,2026-01-01,"Gambia, The",Wassu,GMD,72.32
3169,2026-02-01,"Gambia, The",Wassu,GMD,73.49
3170,2026-03-01,"Gambia, The",Wassu,GMD,73.6
3171,2026-04-01,"Gambia, The",Wassu,GMD,73.88
3172,2026-01-01,"Gambia, The",Wellingara,GMD,72.32
3173,2026-02-01,"Gambia, The",Wellingara,GMD,73.49
3174,2026-03-01,"Gambia, The",Wellingara,GMD,73.6
3175,2026-04-01,"Gambia, The",Wellingara,GMD,73.88
3176,2026-01-01,"Gambia, The",Market Average,GMD,72.32
3177,2026-02-01,"Gambia, The",Market Average,GMD,73.49
3178,2026-03-01,"Gambia, The",Market Average,GMD,73.6
3179,2026-04-01,"Gambia, The",Market Average,GMD,73.88
3180,2026-01-01,Guinea-Bissau,Bambadinca,XOF,558.82
3181,2026-02-01,Guinea-Bissau,Bambadinca,XOF,554.77
3182,2026-03-01,Guinea-Bissau,Bambadinca,XOF,567.41
3183,2026-04-01,Guinea-Bissau,Bambadinca,XOF,571.19
3184,2026-01-01,Guinea-Bissau,Bedanda,XOF,558.82
3185,2026-02-01,Guinea-Bissau,Bedanda,XOF,554.77
3186,2026-03-01,Guinea-Bissau,Bedanda,XOF,567.41
3187,2026-04-01,Guinea-Bissau,Bedanda,XOF,571.19
3188,2026-01-01,Guinea-Bissau,Bigene,XOF,558.82
3189,2026-02-01,Guinea-Bissau,Bigene,XOF,554.77
3190,2026-03-01,Guinea-Bissau,Bigene,XOF,567.41
3191,2026-04-01,Guinea-Bissau,Bigene,XOF,571.19
3192,2026-01-01,Guinea-Bissau,Bissau-Bairro Militar,XOF,558.82
3193,2026-02-01,Guinea-Bissau,Bissau-Bairro Militar,XOF,554.77
3194,2026-03-01,Guinea-Bissau,Bissau-Bairro Militar,XOF,567.41
3195,2026-04-01,Guinea-Bissau,Bissau-Bairro Militar,XOF,571.19
3196,2026-01-01,Guinea-Bissau,Bissau-Bandim,XOF,558.82
3197,2026-02-01,Guinea-Bissau,Bissau-Bandim,XOF,554.77
3198,2026-03-01,Guinea-Bissau,Bissau-Bandim,XOF,567.41
3199,2026-04-01,Guinea-Bissau,Bissau-Bandim,XOF,571.19
3200,2026-01-01,Guinea-Bissau,Bissau-Caracol,XOF,558.82
3201,2026-02-01,Guinea-Bissau,Bissau-Caracol,XOF,554.77
3202,2026-03-01,Guinea-Bissau,Bissau-Caracol,XOF,567.41
3203,2026-04-01,Guinea-Bissau,Bissau-Caracol,XOF,571.19
3204,2026-01-01,Guinea-Bissau,Bissau-Pefine,XOF,558.82
3205,2026-02-01,Guinea-Bissau,Bissau-Pefine,XOF,554.77
3206,2026-03-01,Guinea-Bissau,Bissau-Pefine,XOF,567.41
3207,2026-04-01,Guinea-Bissau,Bissau-Pefine,XOF,571.19
3208,2026-01-01,Guinea-Bissau,Bissau-Plack,XOF,558.82
3209,2026-02-01,Guinea-Bissau,Bissau-Plack,XOF,554.77
3210,2026-03-01,Guinea-Bissau,Bissau-Plack,XOF,567.41
3211,2026-04-01,Guinea-Bissau,Bissau-Plack,XOF,571.19
3212,2026-01-01,Guinea-Bissau,Bissora,XOF,558.82
3213,2026-02-01,Guinea-Bissau,Bissora,XOF,554.77
3214,2026-03-01,Guinea-Bissau,Bissora,XOF,567.41
3215,2026-04-01,Guinea-Bissau,Bissora,XOF,571.19
3216,2026-01-01,Guinea-Bissau,Boe,XOF,558.82
3217,2026-02-01,Guinea-Bissau,Boe,XOF,554.77
3218,2026-03-01,Guinea-Bissau,Boe,XOF,567.41
3219,2026-04-01,Guinea-Bissau,Boe,XOF,571.19
3220,2026-01-01,Guinea-Bissau,Bolama,XOF,558.82
3221,2026-02-01,Guinea-Bissau,Bolama,XOF,554.77
3222,2026-03-01,Guinea-Bissau,Bolama,XOF,567.41
3223,2026-04-01,Guinea-Bissau,Bolama,XOF,571.19
3224,2026-01-01,Guinea-Bissau,Bubaque,XOF,558.82
3225,2026-02-01,Guinea-Bissau,Bubaque,XOF,554.77
3226,2026-03-01,Guinea-Bissau,Bubaque,XOF,567.41
3227,2026-04-01,Guinea-Bissau,Bubaque,XOF,571.19
3228,2026-01-01,Guinea-Bissau,Bula,XOF,558.82
3229,2026-02-01,Guinea-Bissau,Bula,XOF,554.77
3230,2026-03-01,Guinea-Bissau,Bula,XOF,567.41
3231,2026-04-01,Guinea-Bissau,Bula,XOF,571.19
3232,2026-01-01,Guinea-Bissau,Cacheu,XOF,558.82
3233,2026-02-01,Guinea-Bissau,Cacheu,XOF,554.77
3234,2026-03-01,Guinea-Bissau,Cacheu,XOF,567.41
3235,2026-04-01,Guinea-Bissau,Cacheu,XOF,571.19
3236,2026-01-01,Guinea-Bissau,Cacine,XOF,558.82
3237,2026-02-01,Guinea-Bissau,Cacine,XOF,554.77
3238,2026-03-01,Guinea-Bissau,Cacine,XOF,567.41
3239,2026-04-01,Guinea-Bissau,Cacine,XOF,571.19
3240,2026-01-01,Guinea-Bissau,Caio,XOF,558.82
3241,2026-02-01,Guinea-Bissau,Caio,XOF,554.77
3242,2026-03-01,Guinea-Bissau,Caio,XOF,567.41
3243,2026-04-01,Guinea-Bissau,Caio,XOF,571.19
3244,2026-01-01,Guinea-Bissau,Canchungo,XOF,558.82
3245,2026-02-01,Guinea-Bissau,Canchungo,XOF,554.77
3246,2026-03-01,Guinea-Bissau,Canchungo,XOF,567.41
3247,2026-04-01,Guinea-Bissau,Canchungo,XOF,571.19
3248,2026-01-01,Guinea-Bissau,Caravela,XOF,558.82
3249,2026-02-01,Guinea-Bissau,Caravela,XOF,554.77
3250,2026-03-01,Guinea-Bissau,Caravela,XOF,567.41
3251,2026-04-01,Guinea-Bissau,Caravela,XOF,571.19
3252,2026-01-01,Guinea-Bissau,Catio,XOF,558.82
3253,2026-02-01,Guinea-Bissau,Catio,XOF,554.77
3254,2026-03-01,Guinea-Bissau,Catio,XOF,567.41
3255,2026-04-01,Guinea-Bissau,Catio,XOF,571.19
3256,2026-01-01,Guinea-Bissau,Contuboel,XOF,558.82
3257,2026-02-01,Guinea-Bissau,Contuboel,XOF,554.77
3258,2026-03-01,Guinea-Bissau,Contuboel,XOF,567.41
3259,2026-04-01,Guinea-Bissau,Contuboel,XOF,571.19
3260,2026-01-01,Guinea-Bissau,Cosse,XOF,558.82
3261,2026-02-01,Guinea-Bissau,Cosse,XOF,554.77
3262,2026-03-01,Guinea-Bissau,Cosse,XOF,567.41
3263,2026-04-01,Guinea-Bissau,Cosse,XOF,571.19
3264,2026-01-01,Guinea-Bissau,Cruzamento,XOF,558.82
3265,2026-02-01,Guinea-Bissau,Cruzamento,XOF,554.77
3266,2026-03-01,Guinea-Bissau,Cruzamento,XOF,567.41
3267,2026-04-01,Guinea-Bissau,Cruzamento,XOF,571.19
3268,2026-01-01,Guinea-Bissau,Empada,XOF,558.82
3269,2026-02-01,Guinea-Bissau,Empada,XOF,554.77
3270,2026-03-01,Guinea-Bissau,Empada,XOF,567.41
3271,2026-04-01,Guinea-Bissau,Empada,XOF,571.19
3272,2026-01-01,Guinea-Bissau,Farim,XOF,558.82
3273,2026-02-01,Guinea-Bissau,Farim,XOF,554.77
3274,2026-03-01,Guinea-Bissau,Farim,XOF,567.41
3275,2026-04-01,Guinea-Bissau,Farim,XOF,571.19
3276,2026-01-01,Guinea-Bissau,Fulacunda,XOF,558.82
3277,2026-02-01,Guinea-Bissau,Fulacunda,XOF,554.77
3278,2026-03-01,Guinea-Bissau,Fulacunda,XOF,567.41
3279,2026-04-01,Guinea-Bissau,Fulacunda,XOF,571.19
3280,2026-01-01,Guinea-Bissau,Gabu,XOF,558.82
3281,2026-02-01,Guinea-Bissau,Gabu,XOF,554.77
3282,2026-03-01,Guinea-Bissau,Gabu,XOF,567.41
3283,2026-04-01,Guinea-Bissau,Gabu,XOF,571.19
3284,2026-01-01,Guinea-Bissau,Gamamudo,XOF,558.82
3285,2026-02-01,Guinea-Bissau,Gamamudo,XOF,554.77
3286,2026-03-01,Guinea-Bissau,Gamamudo,XOF,567.41
3287,2026-04-01,Guinea-Bissau,Gamamudo,XOF,571.19
3288,2026-01-01,Guinea-Bissau,Kirintim,XOF,558.82
3289,2026-02-01,Guinea-Bissau,Kirintim,XOF,554.77
3290,2026-03-01,Guinea-Bissau,Kirintim,XOF,567.41
3291,2026-04-01,Guinea-Bissau,Kirintim,XOF,571.19
3292,2026-01-01,Guinea-Bissau,Komo,XOF,558.82
3293,2026-02-01,Guinea-Bissau,Komo,XOF,554.77
3294,2026-03-01,Guinea-Bissau,Komo,XOF,567.41
3295,2026-04-01,Guinea-Bissau,Komo,XOF,571.19
3296,2026-01-01,Guinea-Bissau,Mansaba,XOF,558.82
3297,2026-02-01,Guinea-Bissau,Mansaba,XOF,554.77
3298,2026-03-01,Guinea-Bissau,Mansaba,XOF,567.41
3299,2026-04-01,Guinea-Bissau,Mansaba,XOF,571.19
3300,2026-01-01,Guinea-Bissau,Mansoa,XOF,558.82
3301,2026-02-01,Guinea-Bissau,Mansoa,XOF,554.77
3302,2026-03-01,Guinea-Bissau,Mansoa,XOF,567.41
3303,2026-04-01,Guinea-Bissau,Mansoa,XOF,571.19
3304,2026-01-01,Guinea-Bissau,Mercado Central-Bissau-Velho,XOF,558.82
3305,2026-02-01,Guinea-Bissau,Mercado Central-Bissau-Velho,XOF,554.77
3306,2026-03-01,Guinea-Bissau,Mercado Central-Bissau-Velho,XOF,567.41
3307,2026-04-01,Guinea-Bissau,Mercado Central-Bissau-Velho,XOF,571.19
3308,2026-01-01,Guinea-Bissau,Nhacra,XOF,558.82
3309,2026-02-01,Guinea-Bissau,Nhacra,XOF,554.77
3310,2026-03-01,Guinea-Bissau,Nhacra,XOF,567.41
3311,2026-04-01,Guinea-Bissau,Nhacra,XOF,571.19
3312,2026-01-01,Guinea-Bissau,Nhambane,XOF,558.82
3313,2026-02-01,Guinea-Bissau,Nhambane,XOF,554.77
3314,2026-03-01,Guinea-Bissau,Nhambane,XOF,567.41
3315,2026-04-01,Guinea-Bissau,Nhambane,XOF,571.19
3316,2026-01-01,Guinea-Bissau,Pirada,XOF,558.82
3317,2026-02-01,Guinea-Bissau,Pirada,XOF,554.77
3318,2026-03-01,Guinea-Bissau,Pirada,XOF,567.41
3319,2026-04-01,Guinea-Bissau,Pirada,XOF,571.19
3320,2026-01-01,Guinea-Bissau,Pitche,XOF,558.82
3321,2026-02-01,Guinea-Bissau,Pitche,XOF,554.77
3322,2026-03-01,Guinea-Bissau,Pitche,XOF,567.41
3323,2026-04-01,Guinea-Bissau,Pitche,XOF,571.19
3324,2026-01-01,Guinea-Bissau,Prabis,XOF,558.82
3325,2026-02-01,Guinea-Bissau,Prabis,XOF,554.77
3326,2026-03-01,Guinea-Bissau,Prabis,XOF,567.41
3327,2026-04-01,Guinea-Bissau,Prabis,XOF,571.19
3328,2026-01-01,Guinea-Bissau,Quebo,XOF,558.82
3329,2026-02-01,Guinea-Bissau,Quebo,XOF,554.77
3330,2026-03-01,Guinea-Bissau,Quebo,XOF,567.41
3331,2026-04-01,Guinea-Bissau,Quebo,XOF,571.19
3332,2026-01-01,Guinea-Bissau,Quinhamel,XOF,558.82
3333,2026-02-01,Guinea-Bissau,Quinhamel,XOF,554.77
3334,2026-03-01,Guinea-Bissau,Quinhamel,XOF,567.41
3335,2026-04-01,Guinea-Bissau,Quinhamel,XOF,571.19
3336,2026-01-01,Guinea-Bissau,Safim,XOF,558.82
3337,2026-02-01,Guinea-Bissau,Safim,XOF,554.77
3338,2026-03-01,Guinea-Bissau,Safim,XOF,567.41
3339,2026-04-01,Guinea-Bissau,Safim,XOF,571.19
3340,2026-01-01,Guinea-Bissau,Sao Domingos,XOF,558.82
3341,2026-02-01,Guinea-Bissau,Sao Domingos,XOF,554.77
3342,2026-03-01,Guinea-Bissau,Sao Domingos,XOF,567.41
3343,2026-04-01,Guinea-Bissau,Sao Domingos,XOF,571.19
3344,2026-01-01,Guinea-Bissau,Sonaco,XOF,558.82
3345,2026-02-01,Guinea-Bissau,Sonaco,XOF,554.77
3346,2026-03-01,Guinea-Bissau,Sonaco,XOF,567.41
3347,2026-04-01,Guinea-Bissau,Sonaco,XOF,571.19
3348,2026-01-01,Guinea-Bissau,Tite,XOF,558.82
3349,2026-02-01,Guinea-Bissau,Tite,XOF,554.77
3350,2026-03-01,Guinea-Bissau,Tite,XOF,567.41
3351,2026-04-01,Guinea-Bissau,Tite,XOF,571.19
3352,2026-01-01,Guinea-Bissau,Uno,XOF,558.82
3353,2026-02-01,Guinea-Bissau,Uno,XOF,554.77
3354,2026-03-01,Guinea-Bissau,Uno,XOF,567.41
3355,2026-04-01,Guinea-Bissau,Uno,XOF,571.19
3356,2026-01-01,Guinea-Bissau,Xitole,XOF,558.82
3357,2026-02-01,Guinea-Bissau,Xitole,XOF,554.77
3358,2026-03-01,Guinea-Bissau,Xitole,XOF,567.41
3359,2026-04-01,Guinea-Bissau,Xitole,XOF,571.19
3360,2026-01-01,Guinea-Bissau,Market Average,XOF,558.82
3361,2026-02-01,Guinea-Bissau,Market Average,XOF,554.77
3362,2026-03-01,Guinea-Bissau,Market Average,XOF,567.41
3363,2026-04-01,Guinea-Bissau,Market Average,XOF,571.19
3364,2026-01-01,Guatemala,Central de mayoreo CENMA,GTQ,7.67
3365,2026-02-01,Guatemala,Central de mayoreo CENMA,GTQ,7.66
3366,2026-03-01,Guatemala,Central de mayoreo CENMA,GTQ,7.66
3367,2026-04-01,Guatemala,Central de mayoreo CENMA,GTQ,7.66
3368,2026-01-01,Guatemala,La Terminal,GTQ,7.67
3369,2026-02-01,Guatemala,La Terminal,GTQ,7.66
3370,2026-03-01,Guatemala,La Terminal,GTQ,7.66
3371,2026-04-01,Guatemala,La Terminal,GTQ,7.66
3372,2026-01-01,Guatemala,Mercado La Placita,GTQ,7.67
3373,2026-02-01,Guatemala,Mercado La Placita,GTQ,7.66
3374,2026-03-01,Guatemala,Mercado La Placita,GTQ,7.66
3375,2026-04-01,Guatemala,Mercado La Placita,GTQ,7.66
3376,2026-01-01,Guatemala,San Juan Chamelco,GTQ,7.67
3377,2026-02-01,Guatemala,San Juan Chamelco,GTQ,7.66
3378,2026-03-01,Guatemala,San Juan Chamelco,GTQ,7.66
3379,2026-04-01,Guatemala,San Juan Chamelco,GTQ,7.66
3380,2026-01-01,Guatemala,Market Average,GTQ,7.67
3381,2026-02-01,Guatemala,Market Average,GTQ,7.66
3382,2026-03-01,Guatemala,Market Average,GTQ,7.66
3383,2026-04-01,Guatemala,Market Average,GTQ,7.66
3384,2026-01-01,Haiti,Cap-Haitien,HTG,130.66
3385,2026-02-01,Haiti,Cap-Haitien,HTG,130.8
3386,2026-03-01,Haiti,Cap-Haitien,HTG,131.15
3387,2026-04-01,Haiti,Cap-Haitien,HTG,131.61
3388,2026-01-01,Haiti,Cayes,HTG,130.66
3389,2026-02-01,Haiti,Cayes,HTG,130.8
3390,2026-03-01,Haiti,Cayes,HTG,131.15
3391,2026-04-01,Haiti,Cayes,HTG,131.61
3392,2026-01-01,Haiti,Gonaives,HTG,130.66
3393,2026-02-01,Haiti,Gonaives,HTG,130.8
3394,2026-03-01,Haiti,Gonaives,HTG,131.15
3395,2026-04-01,Haiti,Gonaives,HTG,131.61
3396,2026-01-01,Haiti,Hinche,HTG,130.66
3397,2026-02-01,Haiti,Hinche,HTG,130.8
3398,2026-03-01,Haiti,Hinche,HTG,131.15
3399,2026-04-01,Haiti,Hinche,HTG,131.61
3400,2026-01-01,Haiti,Jacmel,HTG,130.66
3401,2026-02-01,Haiti,Jacmel,HTG,130.8
3402,2026-03-01,Haiti,Jacmel,HTG,131.15
3403,2026-04-01,Haiti,Jacmel,HTG,131.61
3404,2026-01-01,Haiti,Jeremie,HTG,130.66
3405,2026-02-01,Haiti,Jeremie,HTG,130.8
3406,2026-03-01,Haiti,Jeremie,HTG,131.15
3407,2026-04-01,Haiti,Jeremie,HTG,131.61
3408,2026-01-01,Haiti,Marche de Jeremie,HTG,130.66
3409,2026-02-01,Haiti,Marche de Jeremie,HTG,130.8
3410,2026-03-01,Haiti,Marche de Jeremie,HTG,131.15
3411,2026-04-01,Haiti,Marche de Jeremie,HTG,131.61
3412,2026-01-01,Haiti,Marche de Leon,HTG,130.66
3413,2026-02-01,Haiti,Marche de Leon,HTG,130.8
3414,2026-03-01,Haiti,Marche de Leon,HTG,131.15
3415,2026-04-01,Haiti,Marche de Leon,HTG,131.61
3416,2026-01-01,Haiti,Marche Previle,HTG,130.66
3417,2026-02-01,Haiti,Marche Previle,HTG,130.8
3418,2026-03-01,Haiti,Marche Previle,HTG,131.15
3419,2026-04-01,Haiti,Marche Previle,HTG,131.61
3420,2026-01-01,Haiti,Ouanaminthe,HTG,130.66
3421,2026-02-01,Haiti,Ouanaminthe,HTG,130.8
3422,2026-03-01,Haiti,Ouanaminthe,HTG,131.15
3423,2026-04-01,Haiti,Ouanaminthe,HTG,131.61
3424,2026-01-01,Haiti,Port-au-Prince,HTG,130.66
3425,2026-02-01,Haiti,Port-au-Prince,HTG,130.8
3426,2026-03-01,Haiti,Port-au-Prince,HTG,131.15
3427,2026-04-01,Haiti,Port-au-Prince,HTG,131.61
3428,2026-01-01,Haiti,Port-de-Paix,HTG,130.66
3429,2026-02-01,Haiti,Port-de-Paix,HTG,130.8
3430,2026-03-01,Haiti,Port-de-Paix,HTG,131.15
3431,2026-04-01,Haiti,Port-de-Paix,HTG,131.61
3432,2026-01-01,Haiti,Market Average,HTG,130.66
3433,2026-02-01,Haiti,Market Average,HTG,130.8
3434,2026-03-01,Haiti,Market Average,HTG,131.15
3435,2026-04-01,Haiti,Market Average,HTG,131.61
3436,2026-01-01,Indonesia,Pasar 23 Maret,IDR,16828.1
3437,2026-02-01,Indonesia,Pasar 23 Maret,IDR,16825.67
3438,2026-03-01,Indonesia,Pasar 23 Maret,IDR,16932.1
3439,2026-04-01,Indonesia,Pasar 23 Maret,IDR,17014.61
3440,2026-01-01,Indonesia,Pasar Aek Habil,IDR,16828.1
3441,2026-02-01,Indonesia,Pasar Aek Habil,IDR,16825.67
3442,2026-03-01,Indonesia,Pasar Aek Habil,IDR,16932.1
3443,2026-04-01,Indonesia,Pasar Aek Habil,IDR,17014.61
3444,2026-01-01,Indonesia,Pasar Agro Politan,IDR,16828.1
3445,2026-02-01,Indonesia,Pasar Agro Politan,IDR,16825.67
3446,2026-03-01,Indonesia,Pasar Agro Politan,IDR,16932.1
3447,2026-04-01,Indonesia,Pasar Agro Politan,IDR,17014.61
3448,2026-01-01,Indonesia,Pasar Agung,IDR,16828.1
3449,2026-02-01,Indonesia,Pasar Agung,IDR,16825.67
3450,2026-03-01,Indonesia,Pasar Agung,IDR,16932.1
3451,2026-04-01,Indonesia,Pasar Agung,IDR,17014.61
3452,2026-01-01,Indonesia,Pasar Aikmel,IDR,16828.1
3453,2026-02-01,Indonesia,Pasar Aikmel,IDR,16825.67
3454,2026-03-01,Indonesia,Pasar Aikmel,IDR,16932.1
3455,2026-04-01,Indonesia,Pasar Aikmel,IDR,17014.61
3456,2026-01-01,Indonesia,Pasar Aksara,IDR,16828.1
3457,2026-02-01,Indonesia,Pasar Aksara,IDR,16825.67
3458,2026-03-01,Indonesia,Pasar Aksara,IDR,16932.1
3459,2026-04-01,Indonesia,Pasar Aksara,IDR,17014.61
3460,2026-01-01,Indonesia,Pasar Alok,IDR,16828.1
3461,2026-02-01,Indonesia,Pasar Alok,IDR,16825.67
3462,2026-03-01,Indonesia,Pasar Alok,IDR,16932.1
3463,2026-04-01,Indonesia,Pasar Alok,IDR,17014.61
3464,2026-01-01,Indonesia,Pasar Amahami,IDR,16828.1
3465,2026-02-01,Indonesia,Pasar Amahami,IDR,16825.67
3466,2026-03-01,Indonesia,Pasar Amahami,IDR,16932.1
3467,2026-04-01,Indonesia,Pasar Amahami,IDR,17014.61
3468,2026-01-01,Indonesia,Pasar Andi Tadda,IDR,16828.1
3469,2026-02-01,Indonesia,Pasar Andi Tadda,IDR,16825.67
3470,2026-03-01,Indonesia,Pasar Andi Tadda,IDR,16932.1
3471,2026-04-01,Indonesia,Pasar Andi Tadda,IDR,17014.61
3472,2026-01-01,Indonesia,Pasar Angso Duo Jambi,IDR,16828.1
3473,2026-02-01,Indonesia,Pasar Angso Duo Jambi,IDR,16825.67
3474,2026-03-01,Indonesia,Pasar Angso Duo Jambi,IDR,16932.1
3475,2026-04-01,Indonesia,Pasar Angso Duo Jambi,IDR,17014.61
3476,2026-01-01,Indonesia,Pasar Anom,IDR,16828.1
3477,2026-02-01,Indonesia,Pasar Anom,IDR,16825.67
3478,2026-03-01,Indonesia,Pasar Anom,IDR,16932.1
3479,2026-04-01,Indonesia,Pasar Anom,IDR,17014.61
3480,2026-01-01,Indonesia,Pasar Antasari,IDR,16828.1
3481,2026-02-01,Indonesia,Pasar Antasari,IDR,16825.67
3482,2026-03-01,Indonesia,Pasar Antasari,IDR,16932.1
3483,2026-04-01,Indonesia,Pasar Antasari,IDR,17014.61
3484,2026-01-01,Indonesia,Pasar Anyar (Kab. Buleleng),IDR,16828.1
3485,2026-02-01,Indonesia,Pasar Anyar (Kab. Buleleng),IDR,16825.67
3486,2026-03-01,Indonesia,Pasar Anyar (Kab. Buleleng),IDR,16932.1
3487,2026-04-01,Indonesia,Pasar Anyar (Kab. Buleleng),IDR,17014.61
3488,2026-01-01,Indonesia,Pasar Anyar (Kota Bogor),IDR,16828.1
3489,2026-02-01,Indonesia,Pasar Anyar (Kota Bogor),IDR,16825.67
3490,2026-03-01,Indonesia,Pasar Anyar (Kota Bogor),IDR,16932.1
3491,2026-04-01,Indonesia,Pasar Anyar (Kota Bogor),IDR,17014.61
3492,2026-01-01,Indonesia,Pasar Anyar (Kota Tangerang),IDR,16828.1
3493,2026-02-01,Indonesia,Pasar Anyar (Kota Tangerang),IDR,16825.67
3494,2026-03-01,Indonesia,Pasar Anyar (Kota Tangerang),IDR,16932.1
3495,2026-04-01,Indonesia,Pasar Anyar (Kota Tangerang),IDR,17014.61
3496,2026-01-01,Indonesia,Pasar Anyar Martoloyo (Kota Tegal),IDR,16828.1
3497,2026-02-01,Indonesia,Pasar Anyar Martoloyo (Kota Tegal),IDR,16825.67
3498,2026-03-01,Indonesia,Pasar Anyar Martoloyo (Kota Tegal),IDR,16932.1
3499,2026-04-01,Indonesia,Pasar Anyar Martoloyo (Kota Tegal),IDR,17014.61
3500,2026-01-01,Indonesia,Pasar Arengka,IDR,16828.1
3501,2026-02-01,Indonesia,Pasar Arengka,IDR,16825.67
3502,2026-03-01,Indonesia,Pasar Arengka,IDR,16932.1
3503,2026-04-01,Indonesia,Pasar Arengka,IDR,17014.61
3504,2026-01-01,Indonesia,Pasar Aur Kuning,IDR,16828.1
3505,2026-02-01,Indonesia,Pasar Aur Kuning,IDR,16825.67
3506,2026-03-01,Indonesia,Pasar Aur Kuning,IDR,16932.1
3507,2026-04-01,Indonesia,Pasar Aur Kuning,IDR,17014.61
3508,2026-01-01,Indonesia,Pasar Aviari,IDR,16828.1
3509,2026-02-01,Indonesia,Pasar Aviari,IDR,16825.67
3510,2026-03-01,Indonesia,Pasar Aviari,IDR,16932.1
3511,2026-04-01,Indonesia,Pasar Aviari,IDR,17014.61
3512,2026-01-01,Indonesia,Pasar Badung,IDR,16828.1
3513,2026-02-01,Indonesia,Pasar Badung,IDR,16825.67
3514,2026-03-01,Indonesia,Pasar Badung,IDR,16932.1
3515,2026-04-01,Indonesia,Pasar Badung,IDR,17014.61
3516,2026-01-01,Indonesia,Pasar Bajoe,IDR,16828.1
3517,2026-02-01,Indonesia,Pasar Bajoe,IDR,16825.67
3518,2026-03-01,Indonesia,Pasar Bajoe,IDR,16932.1
3519,2026-04-01,Indonesia,Pasar Bajoe,IDR,17014.61
3520,2026-01-01,Indonesia,Pasar Bangka,IDR,16828.1
3521,2026-02-01,Indonesia,Pasar Bangka,IDR,16825.67
3522,2026-03-01,Indonesia,Pasar Bangka,IDR,16932.1
3523,2026-04-01,Indonesia,Pasar Bangka,IDR,17014.61
3524,2026-01-01,Indonesia,Pasar Banyuasri,IDR,16828.1
3525,2026-02-01,Indonesia,Pasar Banyuasri,IDR,16825.67
3526,2026-03-01,Indonesia,Pasar Banyuasri,IDR,16932.1
3527,2026-04-01,Indonesia,Pasar Banyuasri,IDR,17014.61
3528,2026-01-01,Indonesia,Pasar Banyuwangi,IDR,16828.1
3529,2026-02-01,Indonesia,Pasar Banyuwangi,IDR,16825.67
3530,2026-03-01,Indonesia,Pasar Banyuwangi,IDR,16932.1
3531,2026-04-01,Indonesia,Pasar Banyuwangi,IDR,17014.61
3532,2026-01-01,Indonesia,Pasar Baru,IDR,16828.1
3533,2026-02-01,Indonesia,Pasar Baru,IDR,16825.67
3534,2026-03-01,Indonesia,Pasar Baru,IDR,16932.1
3535,2026-04-01,Indonesia,Pasar Baru,IDR,17014.61
3536,2026-01-01,Indonesia,Pasar Baru (Kab. Merauke),IDR,16828.1
3537,2026-02-01,Indonesia,Pasar Baru (Kab. Merauke),IDR,16825.67
3538,2026-03-01,Indonesia,Pasar Baru (Kab. Merauke),IDR,16932.1
3539,2026-04-01,Indonesia,Pasar Baru (Kab. Merauke),IDR,17014.61
3540,2026-01-01,Indonesia,Pasar Baru (Kota Probolinggo),IDR,16828.1
3541,2026-02-01,Indonesia,Pasar Baru (Kota Probolinggo),IDR,16825.67
3542,2026-03-01,Indonesia,Pasar Baru (Kota Probolinggo),IDR,16932.1
3543,2026-04-01,Indonesia,Pasar Baru (Kota Probolinggo),IDR,17014.61
3544,2026-01-01,Indonesia,Pasar Baru (regional Mamuju) (Kab. Mamuju),IDR,16828.1
3545,2026-02-01,Indonesia,Pasar Baru (regional Mamuju) (Kab. Mamuju),IDR,16825.67
3546,2026-03-01,Indonesia,Pasar Baru (regional Mamuju) (Kab. Mamuju),IDR,16932.1
3547,2026-04-01,Indonesia,Pasar Baru (regional Mamuju) (Kab. Mamuju),IDR,17014.61
3548,2026-01-01,Indonesia,Pasar Baru (sentral Majene) (Kab. Majene),IDR,16828.1
3549,2026-02-01,Indonesia,Pasar Baru (sentral Majene) (Kab. Majene),IDR,16825.67
3550,2026-03-01,Indonesia,Pasar Baru (sentral Majene) (Kab. Majene),IDR,16932.1
3551,2026-04-01,Indonesia,Pasar Baru (sentral Majene) (Kab. Majene),IDR,17014.61
3552,2026-01-01,Indonesia,Pasar Baru Sentani (Kab. Jayapura),IDR,16828.1
3553,2026-02-01,Indonesia,Pasar Baru Sentani (Kab. Jayapura),IDR,16825.67
3554,2026-03-01,Indonesia,Pasar Baru Sentani (Kab. Jayapura),IDR,16932.1
3555,2026-04-01,Indonesia,Pasar Baru Sentani (Kab. Jayapura),IDR,17014.61
3556,2026-01-01,Indonesia,Pasar Baru Timika,IDR,16828.1
3557,2026-02-01,Indonesia,Pasar Baru Timika,IDR,16825.67
3558,2026-03-01,Indonesia,Pasar Baru Timika,IDR,16932.1
3559,2026-04-01,Indonesia,Pasar Baru Timika,IDR,17014.61
3560,2026-01-01,Indonesia,Pasar Baru Wamena,IDR,16828.1
3561,2026-02-01,Indonesia,Pasar Baru Wamena,IDR,16825.67
3562,2026-03-01,Indonesia,Pasar Baru Wamena,IDR,16932.1
3563,2026-04-01,Indonesia,Pasar Baru Wamena,IDR,17014.61
3564,2026-01-01,Indonesia,Pasar Barukoto (Kota Bengkulu),IDR,16828.1
3565,2026-02-01,Indonesia,Pasar Barukoto (Kota Bengkulu),IDR,16825.67
3566,2026-03-01,Indonesia,Pasar Barukoto (Kota Bengkulu),IDR,16932.1
3567,2026-04-01,Indonesia,Pasar Barukoto (Kota Bengkulu),IDR,17014.61
3568,2026-01-01,Indonesia,Pasar Bastiong,IDR,16828.1
3569,2026-02-01,Indonesia,Pasar Bastiong,IDR,16825.67
3570,2026-03-01,Indonesia,Pasar Bastiong,IDR,16932.1
3571,2026-04-01,Indonesia,Pasar Bastiong,IDR,17014.61
3572,2026-01-01,Indonesia,Pasar Batu,IDR,16828.1
3573,2026-02-01,Indonesia,Pasar Batu,IDR,16825.67
3574,2026-03-01,Indonesia,Pasar Batu,IDR,16932.1
3575,2026-04-01,Indonesia,Pasar Batu,IDR,17014.61
3576,2026-01-01,Indonesia,Pasar Bawah,IDR,16828.1
3577,2026-02-01,Indonesia,Pasar Bawah,IDR,16825.67
3578,2026-03-01,Indonesia,Pasar Bawah,IDR,16932.1
3579,2026-04-01,Indonesia,Pasar Bawah,IDR,17014.61
3580,2026-01-01,Indonesia,Pasar Bejen (Kab. Karanganyar),IDR,16828.1
3581,2026-02-01,Indonesia,Pasar Bejen (Kab. Karanganyar),IDR,16825.67
3582,2026-03-01,Indonesia,Pasar Bejen (Kab. Karanganyar),IDR,16932.1
3583,2026-04-01,Indonesia,Pasar Bejen (Kab. Karanganyar),IDR,17014.61
3584,2026-01-01,Indonesia,Pasar Beringharjo,IDR,16828.1
3585,2026-02-01,Indonesia,Pasar Beringharjo,IDR,16825.67
3586,2026-03-01,Indonesia,Pasar Beringharjo,IDR,16932.1
3587,2026-04-01,Indonesia,Pasar Beringharjo,IDR,17014.61
3588,2026-01-01,Indonesia,Pasar Beringin,IDR,16828.1
3589,2026-02-01,Indonesia,Pasar Beringin,IDR,16825.67
3590,2026-03-01,Indonesia,Pasar Beringin,IDR,16932.1
3591,2026-04-01,Indonesia,Pasar Beringin,IDR,17014.61
3592,2026-01-01,Indonesia,Pasar Beringin Gunungsitoli,IDR,16828.1
3593,2026-02-01,Indonesia,Pasar Beringin Gunungsitoli,IDR,16825.67
3594,2026-03-01,Indonesia,Pasar Beringin Gunungsitoli,IDR,16932.1
3595,2026-04-01,Indonesia,Pasar Beringin Gunungsitoli,IDR,17014.61
3596,2026-01-01,Indonesia,Pasar Bersehati,IDR,16828.1
3597,2026-02-01,Indonesia,Pasar Bersehati,IDR,16825.67
3598,2026-03-01,Indonesia,Pasar Bersehati,IDR,16932.1
3599,2026-04-01,Indonesia,Pasar Bersehati,IDR,17014.61
3600,2026-01-01,Indonesia,Pasar Besar (Kota Madiun),IDR,16828.1
3601,2026-02-01,Indonesia,Pasar Besar (Kota Madiun),IDR,16825.67
3602,2026-03-01,Indonesia,Pasar Besar (Kota Madiun),IDR,16932.1
3603,2026-04-01,Indonesia,Pasar Besar (Kota Madiun),IDR,17014.61
3604,2026-01-01,Indonesia,Pasar Besar (Kota Malang),IDR,16828.1
3605,2026-02-01,Indonesia,Pasar Besar (Kota Malang),IDR,16825.67
3606,2026-03-01,Indonesia,Pasar Besar (Kota Malang),IDR,16932.1
3607,2026-04-01,Indonesia,Pasar Besar (Kota Malang),IDR,17014.61
3608,2026-01-01,Indonesia,Pasar Besar (Kota Palangka Raya),IDR,16828.1
3609,2026-02-01,Indonesia,Pasar Besar (Kota Palangka Raya),IDR,16825.67
3610,2026-03-01,Indonesia,Pasar Besar (Kota Palangka Raya),IDR,16932.1
3611,2026-04-01,Indonesia,Pasar Besar (Kota Palangka Raya),IDR,17014.61
3612,2026-01-01,Indonesia,Pasar Bintan Centre,IDR,16828.1
3613,2026-02-01,Indonesia,Pasar Bintan Centre,IDR,16825.67
3614,2026-03-01,Indonesia,Pasar Bintan Centre,IDR,16932.1
3615,2026-04-01,Indonesia,Pasar Bintan Centre,IDR,17014.61
3616,2026-01-01,Indonesia,Pasar Bitingan,IDR,16828.1
3617,2026-02-01,Indonesia,Pasar Bitingan,IDR,16825.67
3618,2026-03-01,Indonesia,Pasar Bitingan,IDR,16932.1
3619,2026-04-01,Indonesia,Pasar Bitingan,IDR,17014.61
3620,2026-01-01,Indonesia,Pasar Boswezen,IDR,16828.1
3621,2026-02-01,Indonesia,Pasar Boswezen,IDR,16825.67
3622,2026-03-01,Indonesia,Pasar Boswezen,IDR,16932.1
3623,2026-04-01,Indonesia,Pasar Boswezen,IDR,17014.61
3624,2026-01-01,Indonesia,Pasar Brayan,IDR,16828.1
3625,2026-02-01,Indonesia,Pasar Brayan,IDR,16825.67
3626,2026-03-01,Indonesia,Pasar Brayan,IDR,16932.1
3627,2026-04-01,Indonesia,Pasar Brayan,IDR,17014.61
3628,2026-01-01,Indonesia,Pasar Bunder,IDR,16828.1
3629,2026-02-01,Indonesia,Pasar Bunder,IDR,16825.67
3630,2026-03-01,Indonesia,Pasar Bunder,IDR,16932.1
3631,2026-04-01,Indonesia,Pasar Bunder,IDR,17014.61
3632,2026-01-01,Indonesia,Pasar Bungur,IDR,16828.1
3633,2026-02-01,Indonesia,Pasar Bungur,IDR,16825.67
3634,2026-03-01,Indonesia,Pasar Bungur,IDR,16932.1
3635,2026-04-01,Indonesia,Pasar Bungur,IDR,17014.61
3636,2026-01-01,Indonesia,Pasar Cekkeng,IDR,16828.1
3637,2026-02-01,Indonesia,Pasar Cekkeng,IDR,16825.67
3638,2026-03-01,Indonesia,Pasar Cekkeng,IDR,16932.1
3639,2026-04-01,Indonesia,Pasar Cekkeng,IDR,17014.61
3640,2026-01-01,Indonesia,Pasar Cik Puan,IDR,16828.1
3641,2026-02-01,Indonesia,Pasar Cik Puan,IDR,16825.67
3642,2026-03-01,Indonesia,Pasar Cik Puan,IDR,16932.1
3643,2026-04-01,Indonesia,Pasar Cik Puan,IDR,17014.61
3644,2026-01-01,Indonesia,Pasar Cikurubuk,IDR,16828.1
3645,2026-02-01,Indonesia,Pasar Cikurubuk,IDR,16825.67
3646,2026-03-01,Indonesia,Pasar Cikurubuk,IDR,16932.1
3647,2026-04-01,Indonesia,Pasar Cikurubuk,IDR,17014.61
3648,2026-01-01,Indonesia,Pasar Cileduk,IDR,16828.1
3649,2026-02-01,Indonesia,Pasar Cileduk,IDR,16825.67
3650,2026-03-01,Indonesia,Pasar Cileduk,IDR,16932.1
3651,2026-04-01,Indonesia,Pasar Cileduk,IDR,17014.61
3652,2026-01-01,Indonesia,Pasar Cinde,IDR,16828.1
3653,2026-02-01,Indonesia,Pasar Cinde,IDR,16825.67
3654,2026-03-01,Indonesia,Pasar Cinde,IDR,16932.1
3655,2026-04-01,Indonesia,Pasar Cinde,IDR,17014.61
3656,2026-01-01,Indonesia,Pasar Cisalak,IDR,16828.1
3657,2026-02-01,Indonesia,Pasar Cisalak,IDR,16825.67
3658,2026-03-01,Indonesia,Pasar Cisalak,IDR,16932.1
3659,2026-04-01,Indonesia,Pasar Cisalak,IDR,17014.61
3660,2026-01-01,Indonesia,Pasar Dahlia,IDR,16828.1
3661,2026-02-01,Indonesia,Pasar Dahlia,IDR,16825.67
3662,2026-03-01,Indonesia,Pasar Dahlia,IDR,16932.1
3663,2026-04-01,Indonesia,Pasar Dahlia,IDR,17014.61
3664,2026-01-01,Indonesia,Pasar Daya,IDR,16828.1
3665,2026-02-01,Indonesia,Pasar Daya,IDR,16825.67
3666,2026-03-01,Indonesia,Pasar Daya,IDR,16932.1
3667,2026-04-01,Indonesia,Pasar Daya,IDR,17014.61
3668,2026-01-01,Indonesia,Pasar Delanggu,IDR,16828.1
3669,2026-02-01,Indonesia,Pasar Delanggu,IDR,16825.67
3670,2026-03-01,Indonesia,Pasar Delanggu,IDR,16932.1
3671,2026-04-01,Indonesia,Pasar Delanggu,IDR,17014.61
3672,2026-01-01,Indonesia,Pasar Dinoyo,IDR,16828.1
3673,2026-02-01,Indonesia,Pasar Dinoyo,IDR,16825.67
3674,2026-03-01,Indonesia,Pasar Dinoyo,IDR,16932.1
3675,2026-04-01,Indonesia,Pasar Dinoyo,IDR,17014.61
3676,2026-01-01,Indonesia,Pasar Dupa,IDR,16828.1
3677,2026-02-01,Indonesia,Pasar Dupa,IDR,16825.67
3678,2026-03-01,Indonesia,Pasar Dupa,IDR,16932.1
3679,2026-04-01,Indonesia,Pasar Dupa,IDR,17014.61
3680,2026-01-01,Indonesia,Pasar Dwikora,IDR,16828.1
3681,2026-02-01,Indonesia,Pasar Dwikora,IDR,16825.67
3682,2026-03-01,Indonesia,Pasar Dwikora,IDR,16932.1
3683,2026-04-01,Indonesia,Pasar Dwikora,IDR,17014.61
3684,2026-01-01,Indonesia,Pasar Entrop Atau Hamadi,IDR,16828.1
3685,2026-02-01,Indonesia,Pasar Entrop Atau Hamadi,IDR,16825.67
3686,2026-03-01,Indonesia,Pasar Entrop Atau Hamadi,IDR,16932.1
3687,2026-04-01,Indonesia,Pasar Entrop Atau Hamadi,IDR,17014.61
3688,2026-01-01,Indonesia,Pasar Flamboyan,IDR,16828.1
3689,2026-02-01,Indonesia,Pasar Flamboyan,IDR,16825.67
3690,2026-03-01,Indonesia,Pasar Flamboyan,IDR,16932.1
3691,2026-04-01,Indonesia,Pasar Flamboyan,IDR,17014.61
3692,2026-01-01,Indonesia,Pasar Gamalama,IDR,16828.1
3693,2026-02-01,Indonesia,Pasar Gamalama,IDR,16825.67
3694,2026-03-01,Indonesia,Pasar Gamalama,IDR,16932.1
3695,2026-04-01,Indonesia,Pasar Gamalama,IDR,17014.61
3696,2026-01-01,Indonesia,Pasar Gede (Kab. Cilacap),IDR,16828.1
3697,2026-02-01,Indonesia,Pasar Gede (Kab. Cilacap),IDR,16825.67
3698,2026-03-01,Indonesia,Pasar Gede (Kab. Cilacap),IDR,16932.1
3699,2026-04-01,Indonesia,Pasar Gede (Kab. Cilacap),IDR,17014.61
3700,2026-01-01,Indonesia,Pasar Gede (Kota Surakarta),IDR,16828.1
3701,2026-02-01,Indonesia,Pasar Gede (Kota Surakarta),IDR,16825.67
3702,2026-03-01,Indonesia,Pasar Gede (Kota Surakarta),IDR,16932.1
3703,2026-04-01,Indonesia,Pasar Gede (Kota Surakarta),IDR,17014.61
3704,2026-01-01,Indonesia,Pasar Gemolong,IDR,16828.1
3705,2026-02-01,Indonesia,Pasar Gemolong,IDR,16825.67
3706,2026-03-01,Indonesia,Pasar Gemolong,IDR,16932.1
3707,2026-04-01,Indonesia,Pasar Gemolong,IDR,17014.61
3708,2026-01-01,Indonesia,Pasar Gotong Royong,IDR,16828.1
3709,2026-02-01,Indonesia,Pasar Gotong Royong,IDR,16825.67
3710,2026-03-01,Indonesia,Pasar Gotong Royong,IDR,16932.1
3711,2026-04-01,Indonesia,Pasar Gotong Royong,IDR,17014.61
3712,2026-01-01,Indonesia,Pasar Gudang,IDR,16828.1
3713,2026-02-01,Indonesia,Pasar Gudang,IDR,16825.67
3714,2026-03-01,Indonesia,Pasar Gudang,IDR,16932.1
3715,2026-04-01,Indonesia,Pasar Gudang,IDR,17014.61
3716,2026-01-01,Indonesia,Pasar Gusher,IDR,16828.1
3717,2026-02-01,Indonesia,Pasar Gusher,IDR,16825.67
3718,2026-03-01,Indonesia,Pasar Gusher,IDR,16932.1
3719,2026-04-01,Indonesia,Pasar Gusher,IDR,17014.61
3720,2026-01-01,Indonesia,Pasar Hatta,IDR,16828.1
3721,2026-02-01,Indonesia,Pasar Hatta,IDR,16825.67
3722,2026-03-01,Indonesia,Pasar Hatta,IDR,16932.1
3723,2026-04-01,Indonesia,Pasar Hatta,IDR,17014.61
3724,2026-01-01,Indonesia,Pasar Horas,IDR,16828.1
3725,2026-02-01,Indonesia,Pasar Horas,IDR,16825.67
3726,2026-03-01,Indonesia,Pasar Horas,IDR,16932.1
3727,2026-04-01,Indonesia,Pasar Horas,IDR,17014.61
3728,2026-01-01,Indonesia,Pasar Induk Tj Selor,IDR,16828.1
3729,2026-02-01,Indonesia,Pasar Induk Tj Selor,IDR,16825.67
3730,2026-03-01,Indonesia,Pasar Induk Tj Selor,IDR,16932.1
3731,2026-04-01,Indonesia,Pasar Induk Tj Selor,IDR,17014.61
3732,2026-01-01,Indonesia,Pasar Inpres,IDR,16828.1
3733,2026-02-01,Indonesia,Pasar Inpres,IDR,16825.67
3734,2026-03-01,Indonesia,Pasar Inpres,IDR,16932.1
3735,2026-04-01,Indonesia,Pasar Inpres,IDR,17014.61
3736,2026-01-01,Indonesia,Pasar Inpres Lubuklinggau,IDR,16828.1
3737,2026-02-01,Indonesia,Pasar Inpres Lubuklinggau,IDR,16825.67
3738,2026-03-01,Indonesia,Pasar Inpres Lubuklinggau,IDR,16932.1
3739,2026-04-01,Indonesia,Pasar Inpres Lubuklinggau,IDR,17014.61
3740,2026-01-01,Indonesia,Pasar Inpres Naikoten,IDR,16828.1
3741,2026-02-01,Indonesia,Pasar Inpres Naikoten,IDR,16825.67
3742,2026-03-01,Indonesia,Pasar Inpres Naikoten,IDR,16932.1
3743,2026-04-01,Indonesia,Pasar Inpres Naikoten,IDR,17014.61
3744,2026-01-01,Indonesia,Pasar Jatinegara,IDR,16828.1
3745,2026-02-01,Indonesia,Pasar Jatinegara,IDR,16825.67
3746,2026-03-01,Indonesia,Pasar Jatinegara,IDR,16932.1
3747,2026-04-01,Indonesia,Pasar Jatinegara,IDR,17014.61
3748,2026-01-01,Indonesia,Pasar Johar,IDR,16828.1
3749,2026-02-01,Indonesia,Pasar Johar,IDR,16825.67
3750,2026-03-01,Indonesia,Pasar Johar,IDR,16932.1
3751,2026-04-01,Indonesia,Pasar Johar,IDR,17014.61
3752,2026-01-01,Indonesia,Pasar Jungke (Kab. Karanganyar),IDR,16828.1
3753,2026-02-01,Indonesia,Pasar Jungke (Kab. Karanganyar),IDR,16825.67
3754,2026-03-01,Indonesia,Pasar Jungke (Kab. Karanganyar),IDR,16932.1
3755,2026-04-01,Indonesia,Pasar Jungke (Kab. Karanganyar),IDR,17014.61
3756,2026-01-01,Indonesia,Pasar Junjung Buih,IDR,16828.1
3757,2026-02-01,Indonesia,Pasar Junjung Buih,IDR,16825.67
3758,2026-03-01,Indonesia,Pasar Junjung Buih,IDR,16932.1
3759,2026-04-01,Indonesia,Pasar Junjung Buih,IDR,17014.61
3760,2026-01-01,Indonesia,Pasar Kahayan,IDR,16828.1
3761,2026-02-01,Indonesia,Pasar Kahayan,IDR,16825.67
3762,2026-03-01,Indonesia,Pasar Kahayan,IDR,16932.1
3763,2026-04-01,Indonesia,Pasar Kahayan,IDR,17014.61
3764,2026-01-01,Indonesia,Pasar Kalibobo,IDR,16828.1
3765,2026-02-01,Indonesia,Pasar Kalibobo,IDR,16825.67
3766,2026-03-01,Indonesia,Pasar Kalibobo,IDR,16932.1
3767,2026-04-01,Indonesia,Pasar Kalibobo,IDR,17014.61
3768,2026-01-01,Indonesia,Pasar Kanoman,IDR,16828.1
3769,2026-02-01,Indonesia,Pasar Kanoman,IDR,16825.67
3770,2026-03-01,Indonesia,Pasar Kanoman,IDR,16932.1
3771,2026-04-01,Indonesia,Pasar Kanoman,IDR,17014.61
3772,2026-01-01,Indonesia,Pasar Karang Tumaritis,IDR,16828.1
3773,2026-02-01,Indonesia,Pasar Karang Tumaritis,IDR,16825.67
3774,2026-03-01,Indonesia,Pasar Karang Tumaritis,IDR,16932.1
3775,2026-04-01,Indonesia,Pasar Karang Tumaritis,IDR,17014.61
3776,2026-01-01,Indonesia,Pasar Karombasan,IDR,16828.1
3777,2026-02-01,Indonesia,Pasar Karombasan,IDR,16825.67
3778,2026-03-01,Indonesia,Pasar Karombasan,IDR,16932.1
3779,2026-04-01,Indonesia,Pasar Karombasan,IDR,17014.61
3780,2026-01-01,Indonesia,Pasar Kartasura,IDR,16828.1
3781,2026-02-01,Indonesia,Pasar Kartasura,IDR,16825.67
3782,2026-03-01,Indonesia,Pasar Kartasura,IDR,16932.1
3783,2026-04-01,Indonesia,Pasar Kartasura,IDR,17014.61
3784,2026-01-01,Indonesia,Pasar Karya Nugraha,IDR,16828.1
3785,2026-02-01,Indonesia,Pasar Karya Nugraha,IDR,16825.67
3786,2026-03-01,Indonesia,Pasar Karya Nugraha,IDR,16932.1
3787,2026-04-01,Indonesia,Pasar Karya Nugraha,IDR,17014.61
3788,2026-01-01,Indonesia,Pasar Kayu Jati,IDR,16828.1
3789,2026-02-01,Indonesia,Pasar Kayu Jati,IDR,16825.67
3790,2026-03-01,Indonesia,Pasar Kayu Jati,IDR,16932.1
3791,2026-04-01,Indonesia,Pasar Kayu Jati,IDR,17014.61
3792,2026-01-01,Indonesia,Pasar Kayubulan Limboto,IDR,16828.1
3793,2026-02-01,Indonesia,Pasar Kayubulan Limboto,IDR,16825.67
3794,2026-03-01,Indonesia,Pasar Kayubulan Limboto,IDR,16932.1
3795,2026-04-01,Indonesia,Pasar Kayubulan Limboto,IDR,17014.61
3796,2026-01-01,Indonesia,Pasar Kebon Roek,IDR,16828.1
3797,2026-02-01,Indonesia,Pasar Kebon Roek,IDR,16825.67
3798,2026-03-01,Indonesia,Pasar Kebon Roek,IDR,16932.1
3799,2026-04-01,Indonesia,Pasar Kebon Roek,IDR,17014.61
3800,2026-01-01,Indonesia,Pasar Kelapa,IDR,16828.1
3801,2026-02-01,Indonesia,Pasar Kelapa,IDR,16825.67
3802,2026-03-01,Indonesia,Pasar Kelapa,IDR,16932.1
3803,2026-04-01,Indonesia,Pasar Kelapa,IDR,17014.61
3804,2026-01-01,Indonesia,Pasar Kemakmuran,IDR,16828.1
3805,2026-02-01,Indonesia,Pasar Kemakmuran,IDR,16825.67
3806,2026-03-01,Indonesia,Pasar Kemakmuran,IDR,16932.1
3807,2026-04-01,Indonesia,Pasar Kemakmuran,IDR,17014.61
3808,2026-01-01,Indonesia,Pasar Kiara Condong,IDR,16828.1
3809,2026-02-01,Indonesia,Pasar Kiara Condong,IDR,16825.67
3810,2026-03-01,Indonesia,Pasar Kiara Condong,IDR,16932.1
3811,2026-04-01,Indonesia,Pasar Kiara Condong,IDR,17014.61
3812,2026-01-01,Indonesia,Pasar Klandasan,IDR,16828.1
3813,2026-02-01,Indonesia,Pasar Klandasan,IDR,16825.67
3814,2026-03-01,Indonesia,Pasar Klandasan,IDR,16932.1
3815,2026-04-01,Indonesia,Pasar Klandasan,IDR,17014.61
3816,2026-01-01,Indonesia,Pasar Klaten Kota,IDR,16828.1
3817,2026-02-01,Indonesia,Pasar Klaten Kota,IDR,16825.67
3818,2026-03-01,Indonesia,Pasar Klaten Kota,IDR,16932.1
3819,2026-04-01,Indonesia,Pasar Klaten Kota,IDR,17014.61
3820,2026-01-01,Indonesia,Pasar Kliwon,IDR,16828.1
3821,2026-02-01,Indonesia,Pasar Kliwon,IDR,16825.67
3822,2026-03-01,Indonesia,Pasar Kliwon,IDR,16932.1
3823,2026-04-01,Indonesia,Pasar Kliwon,IDR,17014.61
3824,2026-01-01,Indonesia,Pasar Kopindo,IDR,16828.1
3825,2026-02-01,Indonesia,Pasar Kopindo,IDR,16825.67
3826,2026-03-01,Indonesia,Pasar Kopindo,IDR,16932.1
3827,2026-04-01,Indonesia,Pasar Kopindo,IDR,17014.61
3828,2026-01-01,Indonesia,Pasar Kosambi,IDR,16828.1
3829,2026-02-01,Indonesia,Pasar Kosambi,IDR,16825.67
3830,2026-03-01,Indonesia,Pasar Kosambi,IDR,16932.1
3831,2026-04-01,Indonesia,Pasar Kosambi,IDR,17014.61
3832,2026-01-01,Indonesia,Pasar Kota,IDR,16828.1
3833,2026-02-01,Indonesia,Pasar Kota,IDR,16825.67
3834,2026-03-01,Indonesia,Pasar Kota,IDR,16932.1
3835,2026-04-01,Indonesia,Pasar Kota,IDR,17014.61
3836,2026-01-01,Indonesia,Pasar Kota Boyolali (Kab. Boyolali),IDR,16828.1
3837,2026-02-01,Indonesia,Pasar Kota Boyolali (Kab. Boyolali),IDR,16825.67
3838,2026-03-01,Indonesia,Pasar Kota Boyolali (Kab. Boyolali),IDR,16932.1
3839,2026-04-01,Indonesia,Pasar Kota Boyolali (Kab. Boyolali),IDR,17014.61
3840,2026-01-01,Indonesia,Pasar Kota Lhokseumawe,IDR,16828.1
3841,2026-02-01,Indonesia,Pasar Kota Lhokseumawe,IDR,16825.67
3842,2026-03-01,Indonesia,Pasar Kota Lhokseumawe,IDR,16932.1
3843,2026-04-01,Indonesia,Pasar Kota Lhokseumawe,IDR,17014.61
3844,2026-01-01,Indonesia,Pasar Kota Wonogiri,IDR,16828.1
3845,2026-02-01,Indonesia,Pasar Kota Wonogiri,IDR,16825.67
3846,2026-03-01,Indonesia,Pasar Kota Wonogiri,IDR,16932.1
3847,2026-04-01,Indonesia,Pasar Kota Wonogiri,IDR,17014.61
3848,2026-01-01,Indonesia,Pasar Kramat,IDR,16828.1
3849,2026-02-01,Indonesia,Pasar Kramat,IDR,16825.67
3850,2026-03-01,Indonesia,Pasar Kramat,IDR,16932.1
3851,2026-04-01,Indonesia,Pasar Kramat,IDR,17014.61
3852,2026-01-01,Indonesia,Pasar Kramat Sampit,IDR,16828.1
3853,2026-02-01,Indonesia,Pasar Kramat Sampit,IDR,16825.67
3854,2026-03-01,Indonesia,Pasar Kramat Sampit,IDR,16932.1
3855,2026-04-01,Indonesia,Pasar Kramat Sampit,IDR,17014.61
3856,2026-01-01,Indonesia,Pasar Kramatjati,IDR,16828.1
3857,2026-02-01,Indonesia,Pasar Kramatjati,IDR,16825.67
3858,2026-03-01,Indonesia,Pasar Kramatjati,IDR,16932.1
3859,2026-04-01,Indonesia,Pasar Kramatjati,IDR,17014.61
3860,2026-01-01,Indonesia,Pasar Kranggan,IDR,16828.1
3861,2026-02-01,Indonesia,Pasar Kranggan,IDR,16825.67
3862,2026-03-01,Indonesia,Pasar Kranggan,IDR,16932.1
3863,2026-04-01,Indonesia,Pasar Kranggan,IDR,17014.61
3864,2026-01-01,Indonesia,Pasar Kranggot,IDR,16828.1
3865,2026-02-01,Indonesia,Pasar Kranggot,IDR,16825.67
3866,2026-03-01,Indonesia,Pasar Kranggot,IDR,16932.1
3867,2026-04-01,Indonesia,Pasar Kranggot,IDR,17014.61
3868,2026-01-01,Indonesia,Pasar Kranji,IDR,16828.1
3869,2026-02-01,Indonesia,Pasar Kranji,IDR,16825.67
3870,2026-03-01,Indonesia,Pasar Kranji,IDR,16932.1
3871,2026-04-01,Indonesia,Pasar Kranji,IDR,17014.61
3872,2026-01-01,Indonesia,Pasar Kreneng,IDR,16828.1
3873,2026-02-01,Indonesia,Pasar Kreneng,IDR,16825.67
3874,2026-03-01,Indonesia,Pasar Kreneng,IDR,16932.1
3875,2026-04-01,Indonesia,Pasar Kreneng,IDR,17014.61
3876,2026-01-01,Indonesia,Pasar Kreyongan,IDR,16828.1
3877,2026-02-01,Indonesia,Pasar Kreyongan,IDR,16825.67
3878,2026-03-01,Indonesia,Pasar Kreyongan,IDR,16932.1
3879,2026-04-01,Indonesia,Pasar Kreyongan,IDR,17014.61
3880,2026-01-01,Indonesia,Pasar Kuala Alianyang,IDR,16828.1
3881,2026-02-01,Indonesia,Pasar Kuala Alianyang,IDR,16825.67
3882,2026-03-01,Indonesia,Pasar Kuala Alianyang,IDR,16932.1
3883,2026-04-01,Indonesia,Pasar Kuala Alianyang,IDR,17014.61
3884,2026-01-01,Indonesia,Pasar Labukkang,IDR,16828.1
3885,2026-02-01,Indonesia,Pasar Labukkang,IDR,16825.67
3886,2026-03-01,Indonesia,Pasar Labukkang,IDR,16932.1
3887,2026-04-01,Indonesia,Pasar Labukkang,IDR,17014.61
3888,2026-01-01,Indonesia,Pasar Lakessi,IDR,16828.1
3889,2026-02-01,Indonesia,Pasar Lakessi,IDR,16825.67
3890,2026-03-01,Indonesia,Pasar Lakessi,IDR,16932.1
3891,2026-04-01,Indonesia,Pasar Lakessi,IDR,17014.61
3892,2026-01-01,Indonesia,Pasar Lama,IDR,16828.1
3893,2026-02-01,Indonesia,Pasar Lama,IDR,16825.67
3894,2026-03-01,Indonesia,Pasar Lama,IDR,16932.1
3895,2026-04-01,Indonesia,Pasar Lama,IDR,17014.61
3896,2026-01-01,Indonesia,Pasar Lama (sentral Mamuju),IDR,16828.1
3897,2026-02-01,Indonesia,Pasar Lama (sentral Mamuju),IDR,16825.67
3898,2026-03-01,Indonesia,Pasar Lama (sentral Mamuju),IDR,16932.1
3899,2026-04-01,Indonesia,Pasar Lama (sentral Mamuju),IDR,17014.61
3900,2026-01-01,Indonesia,Pasar Lama Sentani,IDR,16828.1
3901,2026-02-01,Indonesia,Pasar Lama Sentani,IDR,16825.67
3902,2026-03-01,Indonesia,Pasar Lama Sentani,IDR,16932.1
3903,2026-04-01,Indonesia,Pasar Lama Sentani,IDR,17014.61
3904,2026-01-01,Indonesia,Pasar Lama Timika,IDR,16828.1
3905,2026-02-01,Indonesia,Pasar Lama Timika,IDR,16825.67
3906,2026-03-01,Indonesia,Pasar Lama Timika,IDR,16932.1
3907,2026-04-01,Indonesia,Pasar Lama Timika,IDR,17014.61
3908,2026-01-01,Indonesia,Pasar Langgur,IDR,16828.1
3909,2026-02-01,Indonesia,Pasar Langgur,IDR,16825.67
3910,2026-03-01,Indonesia,Pasar Langgur,IDR,16932.1
3911,2026-04-01,Indonesia,Pasar Langgur,IDR,17014.61
3912,2026-01-01,Indonesia,Pasar Lapang,IDR,16828.1
3913,2026-02-01,Indonesia,Pasar Lapang,IDR,16825.67
3914,2026-03-01,Indonesia,Pasar Lapang,IDR,16932.1
3915,2026-04-01,Indonesia,Pasar Lapang,IDR,17014.61
3916,2026-01-01,Indonesia,Pasar Legi (Kota Blitar),IDR,16828.1
3917,2026-02-01,Indonesia,Pasar Legi (Kota Blitar),IDR,16825.67
3918,2026-03-01,Indonesia,Pasar Legi (Kota Blitar),IDR,16932.1
3919,2026-04-01,Indonesia,Pasar Legi (Kota Blitar),IDR,17014.61
3920,2026-01-01,Indonesia,Pasar Legi (Kota Surakarta),IDR,16828.1
3921,2026-02-01,Indonesia,Pasar Legi (Kota Surakarta),IDR,16825.67
3922,2026-03-01,Indonesia,Pasar Legi (Kota Surakarta),IDR,16932.1
3923,2026-04-01,Indonesia,Pasar Legi (Kota Surakarta),IDR,17014.61
3924,2026-01-01,Indonesia,Pasar Lemabang,IDR,16828.1
3925,2026-02-01,Indonesia,Pasar Lemabang,IDR,16825.67
3926,2026-03-01,Indonesia,Pasar Lemabang,IDR,16932.1
3927,2026-04-01,Indonesia,Pasar Lemabang,IDR,17014.61
3928,2026-01-01,Indonesia,Pasar Liluwo,IDR,16828.1
3929,2026-02-01,Indonesia,Pasar Liluwo,IDR,16825.67
3930,2026-03-01,Indonesia,Pasar Liluwo,IDR,16932.1
3931,2026-04-01,Indonesia,Pasar Liluwo,IDR,17014.61
3932,2026-01-01,Indonesia,Pasar Loktuan,IDR,16828.1
3933,2026-02-01,Indonesia,Pasar Loktuan,IDR,16825.67
3934,2026-03-01,Indonesia,Pasar Loktuan,IDR,16932.1
3935,2026-04-01,Indonesia,Pasar Loktuan,IDR,17014.61
3936,2026-01-01,Indonesia,Pasar Mandalika,IDR,16828.1
3937,2026-02-01,Indonesia,Pasar Mandalika,IDR,16825.67
3938,2026-03-01,Indonesia,Pasar Mandalika,IDR,16932.1
3939,2026-04-01,Indonesia,Pasar Mandalika,IDR,17014.61
3940,2026-01-01,Indonesia,Pasar Mandonga,IDR,16828.1
3941,2026-02-01,Indonesia,Pasar Mandonga,IDR,16825.67
3942,2026-03-01,Indonesia,Pasar Mandonga,IDR,16932.1
3943,2026-04-01,Indonesia,Pasar Mandonga,IDR,17014.61
3944,2026-01-01,Indonesia,Pasar Mangli,IDR,16828.1
3945,2026-02-01,Indonesia,Pasar Mangli,IDR,16825.67
3946,2026-03-01,Indonesia,Pasar Mangli,IDR,16932.1
3947,2026-04-01,Indonesia,Pasar Mangli,IDR,17014.61
3948,2026-01-01,Indonesia,Pasar Manis,IDR,16828.1
3949,2026-02-01,Indonesia,Pasar Manis,IDR,16825.67
3950,2026-03-01,Indonesia,Pasar Manis,IDR,16932.1
3951,2026-04-01,Indonesia,Pasar Manis,IDR,17014.61
3952,2026-01-01,Indonesia,Pasar Manonda,IDR,16828.1
3953,2026-02-01,Indonesia,Pasar Manonda,IDR,16825.67
3954,2026-03-01,Indonesia,Pasar Manonda,IDR,16932.1
3955,2026-04-01,Indonesia,Pasar Manonda,IDR,17014.61
3956,2026-01-01,Indonesia,Pasar Manonjaya,IDR,16828.1
3957,2026-02-01,Indonesia,Pasar Manonjaya,IDR,16825.67
3958,2026-03-01,Indonesia,Pasar Manonjaya,IDR,16932.1
3959,2026-04-01,Indonesia,Pasar Manonjaya,IDR,17014.61
3960,2026-01-01,Indonesia,Pasar Mardika,IDR,16828.1
3961,2026-02-01,Indonesia,Pasar Mardika,IDR,16825.67
3962,2026-03-01,Indonesia,Pasar Mardika,IDR,16932.1
3963,2026-04-01,Indonesia,Pasar Mardika,IDR,17014.61
3964,2026-01-01,Indonesia,Pasar Masomba,IDR,16828.1
3965,2026-02-01,Indonesia,Pasar Masomba,IDR,16825.67
3966,2026-03-01,Indonesia,Pasar Masomba,IDR,16932.1
3967,2026-04-01,Indonesia,Pasar Masomba,IDR,17014.61
3968,2026-01-01,Indonesia,Pasar Masuka,IDR,16828.1
3969,2026-02-01,Indonesia,Pasar Masuka,IDR,16825.67
3970,2026-03-01,Indonesia,Pasar Masuka,IDR,16932.1
3971,2026-04-01,Indonesia,Pasar Masuka,IDR,17014.61
3972,2026-01-01,Indonesia,Pasar Matawai,IDR,16828.1
3973,2026-02-01,Indonesia,Pasar Matawai,IDR,16825.67
3974,2026-03-01,Indonesia,Pasar Matawai,IDR,16932.1
3975,2026-04-01,Indonesia,Pasar Matawai,IDR,17014.61
3976,2026-01-01,Indonesia,Pasar Merjosari,IDR,16828.1
3977,2026-02-01,Indonesia,Pasar Merjosari,IDR,16825.67
3978,2026-03-01,Indonesia,Pasar Merjosari,IDR,16932.1
3979,2026-04-01,Indonesia,Pasar Merjosari,IDR,17014.61
3980,2026-01-01,Indonesia,Pasar Minggu (Kota Bengkulu),IDR,16828.1
3981,2026-02-01,Indonesia,Pasar Minggu (Kota Bengkulu),IDR,16825.67
3982,2026-03-01,Indonesia,Pasar Minggu (Kota Bengkulu),IDR,16932.1
3983,2026-04-01,Indonesia,Pasar Minggu (Kota Bengkulu),IDR,17014.61
3984,2026-01-01,Indonesia,Pasar Minggu (Kota Jakarta Selatan),IDR,16828.1
3985,2026-02-01,Indonesia,Pasar Minggu (Kota Jakarta Selatan),IDR,16825.67
3986,2026-03-01,Indonesia,Pasar Minggu (Kota Jakarta Selatan),IDR,16932.1
3987,2026-04-01,Indonesia,Pasar Minggu (Kota Jakarta Selatan),IDR,17014.61
3988,2026-01-01,Indonesia,Pasar Mundu,IDR,16828.1
3989,2026-02-01,Indonesia,Pasar Mundu,IDR,16825.67
3990,2026-03-01,Indonesia,Pasar Mundu,IDR,16932.1
3991,2026-04-01,Indonesia,Pasar Mundu,IDR,17014.61
3992,2026-01-01,Indonesia,Pasar Nauli Sibolga,IDR,16828.1
3993,2026-02-01,Indonesia,Pasar Nauli Sibolga,IDR,16825.67
3994,2026-03-01,Indonesia,Pasar Nauli Sibolga,IDR,16932.1
3995,2026-04-01,Indonesia,Pasar Nauli Sibolga,IDR,17014.61
3996,2026-01-01,Indonesia,Pasar Ngadirojo,IDR,16828.1
3997,2026-02-01,Indonesia,Pasar Ngadirojo,IDR,16825.67
3998,2026-03-01,Indonesia,Pasar Ngadirojo,IDR,16932.1
3999,2026-04-01,Indonesia,Pasar Ngadirojo,IDR,17014.61
4000,2026-01-01,Indonesia,Pasar Nou Gunungsitoli,IDR,16828.1
4001,2026-02-01,Indonesia,Pasar Nou Gunungsitoli,IDR,16825.67
4002,2026-03-01,Indonesia,Pasar Nou Gunungsitoli,IDR,16932.1
4003,2026-04-01,Indonesia,Pasar Nou Gunungsitoli,IDR,17014.61
4004,2026-01-01,Indonesia,Pasar Oeba,IDR,16828.1
4005,2026-02-01,Indonesia,Pasar Oeba,IDR,16825.67
4006,2026-03-01,Indonesia,Pasar Oeba,IDR,16932.1
4007,2026-04-01,Indonesia,Pasar Oeba,IDR,17014.61
4008,2026-01-01,Indonesia,Pasar Pabaeng - Baeng,IDR,16828.1
4009,2026-02-01,Indonesia,Pasar Pabaeng - Baeng,IDR,16825.67
4010,2026-03-01,Indonesia,Pasar Pabaeng - Baeng,IDR,16932.1
4011,2026-04-01,Indonesia,Pasar Pabaeng - Baeng,IDR,17014.61
4012,2026-01-01,Indonesia,Pasar Pagar Dewa,IDR,16828.1
4013,2026-02-01,Indonesia,Pasar Pagar Dewa,IDR,16825.67
4014,2026-03-01,Indonesia,Pasar Pagar Dewa,IDR,16932.1
4015,2026-04-01,Indonesia,Pasar Pagar Dewa,IDR,17014.61
4016,2026-01-01,Indonesia,Pasar Pagi (Kota Pangkal Pinang),IDR,16828.1
4017,2026-02-01,Indonesia,Pasar Pagi (Kota Pangkal Pinang),IDR,16825.67
4018,2026-03-01,Indonesia,Pasar Pagi (Kota Pangkal Pinang),IDR,16932.1
4019,2026-04-01,Indonesia,Pasar Pagi (Kota Pangkal Pinang),IDR,17014.61
4020,2026-01-01,Indonesia,Pasar Pagi (Kota Samarinda),IDR,16828.1
4021,2026-02-01,Indonesia,Pasar Pagi (Kota Samarinda),IDR,16825.67
4022,2026-03-01,Indonesia,Pasar Pagi (Kota Samarinda),IDR,16932.1
4023,2026-04-01,Indonesia,Pasar Pagi (Kota Samarinda),IDR,17014.61
4024,2026-01-01,Indonesia,Pasar Pagi (Kota Tegal),IDR,16828.1
4025,2026-02-01,Indonesia,Pasar Pagi (Kota Tegal),IDR,16825.67
4026,2026-03-01,Indonesia,Pasar Pagi (Kota Tegal),IDR,16932.1
4027,2026-04-01,Indonesia,Pasar Pagi (Kota Tegal),IDR,17014.61
4028,2026-01-01,Indonesia,Pasar Pahing,IDR,16828.1
4029,2026-02-01,Indonesia,Pasar Pahing,IDR,16825.67
4030,2026-03-01,Indonesia,Pasar Pahing,IDR,16932.1
4031,2026-04-01,Indonesia,Pasar Pahing,IDR,17014.61
4032,2026-01-01,Indonesia,Pasar Pancasila,IDR,16828.1
4033,2026-02-01,Indonesia,Pasar Pancasila,IDR,16825.67
4034,2026-03-01,Indonesia,Pasar Pancasila,IDR,16932.1
4035,2026-04-01,Indonesia,Pasar Pancasila,IDR,17014.61
4036,2026-01-01,Indonesia,Pasar Pandan Sari,IDR,16828.1
4037,2026-02-01,Indonesia,Pasar Pandan Sari,IDR,16825.67
4038,2026-03-01,Indonesia,Pasar Pandan Sari,IDR,16932.1
4039,2026-04-01,Indonesia,Pasar Pandan Sari,IDR,17014.61
4040,2026-01-01,Indonesia,Pasar Panorama,IDR,16828.1
4041,2026-02-01,Indonesia,Pasar Panorama,IDR,16825.67
4042,2026-03-01,Indonesia,Pasar Panorama,IDR,16932.1
4043,2026-04-01,Indonesia,Pasar Panorama,IDR,17014.61
4044,2026-01-01,Indonesia,Pasar Pelantar Kud,IDR,16828.1
4045,2026-02-01,Indonesia,Pasar Pelantar Kud,IDR,16825.67
4046,2026-03-01,Indonesia,Pasar Pelantar Kud,IDR,16932.1
4047,2026-04-01,Indonesia,Pasar Pelantar Kud,IDR,17014.61
4048,2026-01-01,Indonesia,Pasar Pelita,IDR,16828.1
4049,2026-02-01,Indonesia,Pasar Pelita,IDR,16825.67
4050,2026-03-01,Indonesia,Pasar Pelita,IDR,16932.1
4051,2026-04-01,Indonesia,Pasar Pelita,IDR,17014.61
4052,2026-01-01,Indonesia,Pasar Pembangunan,IDR,16828.1
4053,2026-02-01,Indonesia,Pasar Pembangunan,IDR,16825.67
4054,2026-03-01,Indonesia,Pasar Pembangunan,IDR,16932.1
4055,2026-04-01,Indonesia,Pasar Pembangunan,IDR,17014.61
4056,2026-01-01,Indonesia,Pasar Peterongan,IDR,16828.1
4057,2026-02-01,Indonesia,Pasar Peterongan,IDR,16825.67
4058,2026-03-01,Indonesia,Pasar Peterongan,IDR,16932.1
4059,2026-04-01,Indonesia,Pasar Peterongan,IDR,17014.61
4060,2026-01-01,Indonesia,Pasar Petisah,IDR,16828.1
4061,2026-02-01,Indonesia,Pasar Petisah,IDR,16825.67
4062,2026-03-01,Indonesia,Pasar Petisah,IDR,16932.1
4063,2026-04-01,Indonesia,Pasar Petisah,IDR,17014.61
4064,2026-01-01,Indonesia,Pasar Peunayong,IDR,16828.1
4065,2026-02-01,Indonesia,Pasar Peunayong,IDR,16825.67
4066,2026-03-01,Indonesia,Pasar Peunayong,IDR,16932.1
4067,2026-04-01,Indonesia,Pasar Peunayong,IDR,17014.61
4068,2026-01-01,Indonesia,Pasar Pon,IDR,16828.1
4069,2026-02-01,Indonesia,Pasar Pon,IDR,16825.67
4070,2026-03-01,Indonesia,Pasar Pon,IDR,16932.1
4071,2026-04-01,Indonesia,Pasar Pon,IDR,17014.61
4072,2026-01-01,Indonesia,Pasar Pondok Gede (Kota Bekasi),IDR,16828.1
4073,2026-02-01,Indonesia,Pasar Pondok Gede (Kota Bekasi),IDR,16825.67
4074,2026-03-01,Indonesia,Pasar Pondok Gede (Kota Bekasi),IDR,16932.1
4075,2026-04-01,Indonesia,Pasar Pondok Gede (Kota Bekasi),IDR,17014.61
4076,2026-01-01,Indonesia,Pasar Potikelek,IDR,16828.1
4077,2026-02-01,Indonesia,Pasar Potikelek,IDR,16825.67
4078,2026-03-01,Indonesia,Pasar Potikelek,IDR,16932.1
4079,2026-04-01,Indonesia,Pasar Potikelek,IDR,17014.61
4080,2026-01-01,Indonesia,Pasar Poyowa Kecil,IDR,16828.1
4081,2026-02-01,Indonesia,Pasar Poyowa Kecil,IDR,16825.67
4082,2026-03-01,Indonesia,Pasar Poyowa Kecil,IDR,16932.1
4083,2026-04-01,Indonesia,Pasar Poyowa Kecil,IDR,17014.61
4084,2026-01-01,Indonesia,Pasar Pulau Payung,IDR,16828.1
4085,2026-02-01,Indonesia,Pasar Pulau Payung,IDR,16825.67
4086,2026-03-01,Indonesia,Pasar Pulau Payung,IDR,16932.1
4087,2026-04-01,Indonesia,Pasar Pulau Payung,IDR,17014.61
4088,2026-01-01,Indonesia,Pasar Puring,IDR,16828.1
4089,2026-02-01,Indonesia,Pasar Puring,IDR,16825.67
4090,2026-03-01,Indonesia,Pasar Puring,IDR,16932.1
4091,2026-04-01,Indonesia,Pasar Puring,IDR,17014.61
4092,2026-01-01,Indonesia,Pasar Pusat Pembelanjaan Mentaya (ppm),IDR,16828.1
4093,2026-02-01,Indonesia,Pasar Pusat Pembelanjaan Mentaya (ppm),IDR,16825.67
4094,2026-03-01,Indonesia,Pasar Pusat Pembelanjaan Mentaya (ppm),IDR,16932.1
4095,2026-04-01,Indonesia,Pasar Pusat Pembelanjaan Mentaya (ppm),IDR,17014.61
4096,2026-01-01,Indonesia,Pasar Rawa Indah,IDR,16828.1
4097,2026-02-01,Indonesia,Pasar Rawa Indah,IDR,16825.67
4098,2026-03-01,Indonesia,Pasar Rawa Indah,IDR,16932.1
4099,2026-04-01,Indonesia,Pasar Rawa Indah,IDR,17014.61
4100,2026-01-01,Indonesia,Pasar Rawu,IDR,16828.1
4101,2026-02-01,Indonesia,Pasar Rawu,IDR,16825.67
4102,2026-03-01,Indonesia,Pasar Rawu,IDR,16932.1
4103,2026-04-01,Indonesia,Pasar Rawu,IDR,17014.61
4104,2026-01-01,Indonesia,Pasar Raya,IDR,16828.1
4105,2026-02-01,Indonesia,Pasar Raya,IDR,16825.67
4106,2026-03-01,Indonesia,Pasar Raya,IDR,16932.1
4107,2026-04-01,Indonesia,Pasar Raya,IDR,17014.61
4108,2026-01-01,Indonesia,Pasar Remu,IDR,16828.1
4109,2026-02-01,Indonesia,Pasar Remu,IDR,16825.67
4110,2026-03-01,Indonesia,Pasar Remu,IDR,16932.1
4111,2026-04-01,Indonesia,Pasar Remu,IDR,17014.61
4112,2026-01-01,Indonesia,Pasar Rogojampi,IDR,16828.1
4113,2026-02-01,Indonesia,Pasar Rogojampi,IDR,16825.67
4114,2026-03-01,Indonesia,Pasar Rogojampi,IDR,16932.1
4115,2026-04-01,Indonesia,Pasar Rogojampi,IDR,17014.61
4116,2026-01-01,Indonesia,Pasar Royal Lama,IDR,16828.1
4117,2026-02-01,Indonesia,Pasar Royal Lama,IDR,16825.67
4118,2026-03-01,Indonesia,Pasar Royal Lama,IDR,16932.1
4119,2026-04-01,Indonesia,Pasar Royal Lama,IDR,17014.61
4120,2026-01-01,Indonesia,Pasar Sagulung,IDR,16828.1
4121,2026-02-01,Indonesia,Pasar Sagulung,IDR,16825.67
4122,2026-03-01,Indonesia,Pasar Sagulung,IDR,16932.1
4123,2026-04-01,Indonesia,Pasar Sagulung,IDR,17014.61
4124,2026-01-01,Indonesia,Pasar Sanggeng,IDR,16828.1
4125,2026-02-01,Indonesia,Pasar Sanggeng,IDR,16825.67
4126,2026-03-01,Indonesia,Pasar Sanggeng,IDR,16932.1
4127,2026-04-01,Indonesia,Pasar Sanggeng,IDR,17014.61
4128,2026-01-01,Indonesia,Pasar Sangkumpal Bonang,IDR,16828.1
4129,2026-02-01,Indonesia,Pasar Sangkumpal Bonang,IDR,16825.67
4130,2026-03-01,Indonesia,Pasar Sangkumpal Bonang,IDR,16932.1
4131,2026-04-01,Indonesia,Pasar Sangkumpal Bonang,IDR,17014.61
4132,2026-01-01,Indonesia,Pasar Segiri,IDR,16828.1
4133,2026-02-01,Indonesia,Pasar Segiri,IDR,16825.67
4134,2026-03-01,Indonesia,Pasar Segiri,IDR,16932.1
4135,2026-04-01,Indonesia,Pasar Segiri,IDR,17014.61
4136,2026-01-01,Indonesia,Pasar Seketeng,IDR,16828.1
4137,2026-02-01,Indonesia,Pasar Seketeng,IDR,16825.67
4138,2026-03-01,Indonesia,Pasar Seketeng,IDR,16932.1
4139,2026-04-01,Indonesia,Pasar Seketeng,IDR,17014.61
4140,2026-01-01,Indonesia,Pasar Senggol,IDR,16828.1
4141,2026-02-01,Indonesia,Pasar Senggol,IDR,16825.67
4142,2026-03-01,Indonesia,Pasar Senggol,IDR,16932.1
4143,2026-04-01,Indonesia,Pasar Senggol,IDR,17014.61
4144,2026-01-01,Indonesia,Pasar Sentral (Kab. Bone),IDR,16828.1
4145,2026-02-01,Indonesia,Pasar Sentral (Kab. Bone),IDR,16825.67
4146,2026-03-01,Indonesia,Pasar Sentral (Kab. Bone),IDR,16932.1
4147,2026-04-01,Indonesia,Pasar Sentral (Kab. Bone),IDR,17014.61
4148,2026-01-01,Indonesia,Pasar Sentral (Kab. Bulukumba),IDR,16828.1
4149,2026-02-01,Indonesia,Pasar Sentral (Kab. Bulukumba),IDR,16825.67
4150,2026-03-01,Indonesia,Pasar Sentral (Kab. Bulukumba),IDR,16932.1
4151,2026-04-01,Indonesia,Pasar Sentral (Kab. Bulukumba),IDR,17014.61
4152,2026-01-01,Indonesia,Pasar Sentral (Kota Gorontalo),IDR,16828.1
4153,2026-02-01,Indonesia,Pasar Sentral (Kota Gorontalo),IDR,16825.67
4154,2026-03-01,Indonesia,Pasar Sentral (Kota Gorontalo),IDR,16932.1
4155,2026-04-01,Indonesia,Pasar Sentral (Kota Gorontalo),IDR,17014.61
4156,2026-01-01,Indonesia,Pasar Sentral (Kota Palopo),IDR,16828.1
4157,2026-02-01,Indonesia,Pasar Sentral (Kota Palopo),IDR,16825.67
4158,2026-03-01,Indonesia,Pasar Sentral (Kota Palopo),IDR,16932.1
4159,2026-04-01,Indonesia,Pasar Sentral (Kota Palopo),IDR,17014.61
4160,2026-01-01,Indonesia,Pasar Serasi,IDR,16828.1
4161,2026-02-01,Indonesia,Pasar Serasi,IDR,16825.67
4162,2026-03-01,Indonesia,Pasar Serasi,IDR,16932.1
4163,2026-04-01,Indonesia,Pasar Serasi,IDR,17014.61
4164,2026-01-01,Indonesia,Pasar Seroja,IDR,16828.1
4165,2026-02-01,Indonesia,Pasar Seroja,IDR,16825.67
4166,2026-03-01,Indonesia,Pasar Seroja,IDR,16932.1
4167,2026-04-01,Indonesia,Pasar Seroja,IDR,17014.61
4168,2026-01-01,Indonesia,Pasar Setono Betek,IDR,16828.1
4169,2026-02-01,Indonesia,Pasar Setono Betek,IDR,16825.67
4170,2026-03-01,Indonesia,Pasar Setono Betek,IDR,16932.1
4171,2026-04-01,Indonesia,Pasar Setono Betek,IDR,17014.61
4172,2026-01-01,Indonesia,Pasar Sidodadi,IDR,16828.1
4173,2026-02-01,Indonesia,Pasar Sidodadi,IDR,16825.67
4174,2026-03-01,Indonesia,Pasar Sidodadi,IDR,16932.1
4175,2026-04-01,Indonesia,Pasar Sidodadi,IDR,17014.61
4176,2026-01-01,Indonesia,Pasar Simpong,IDR,16828.1
4177,2026-02-01,Indonesia,Pasar Simpong,IDR,16825.67
4178,2026-03-01,Indonesia,Pasar Simpong,IDR,16932.1
4179,2026-04-01,Indonesia,Pasar Simpong,IDR,17014.61
4180,2026-01-01,Indonesia,Pasar Singaparna,IDR,16828.1
4181,2026-02-01,Indonesia,Pasar Singaparna,IDR,16825.67
4182,2026-03-01,Indonesia,Pasar Singaparna,IDR,16932.1
4183,2026-04-01,Indonesia,Pasar Singaparna,IDR,17014.61
4184,2026-01-01,Indonesia,Pasar Siteba,IDR,16828.1
4185,2026-02-01,Indonesia,Pasar Siteba,IDR,16825.67
4186,2026-03-01,Indonesia,Pasar Siteba,IDR,16932.1
4187,2026-04-01,Indonesia,Pasar Siteba,IDR,17014.61
4188,2026-01-01,Indonesia,Pasar Sleko,IDR,16828.1
4189,2026-02-01,Indonesia,Pasar Sleko,IDR,16825.67
4190,2026-03-01,Indonesia,Pasar Sleko,IDR,16932.1
4191,2026-04-01,Indonesia,Pasar Sleko,IDR,17014.61
4192,2026-01-01,Indonesia,Pasar Smep,IDR,16828.1
4193,2026-02-01,Indonesia,Pasar Smep,IDR,16825.67
4194,2026-03-01,Indonesia,Pasar Smep,IDR,16932.1
4195,2026-04-01,Indonesia,Pasar Smep,IDR,17014.61
4196,2026-01-01,Indonesia,Pasar Subuh Sampit,IDR,16828.1
4197,2026-02-01,Indonesia,Pasar Subuh Sampit,IDR,16825.67
4198,2026-03-01,Indonesia,Pasar Subuh Sampit,IDR,16932.1
4199,2026-04-01,Indonesia,Pasar Subuh Sampit,IDR,17014.61
4200,2026-01-01,Indonesia,Pasar Sukaramai (Kab. Kampar),IDR,16828.1
4201,2026-02-01,Indonesia,Pasar Sukaramai (Kab. Kampar),IDR,16825.67
4202,2026-03-01,Indonesia,Pasar Sukaramai (Kab. Kampar),IDR,16932.1
4203,2026-04-01,Indonesia,Pasar Sukaramai (Kab. Kampar),IDR,17014.61
4204,2026-01-01,Indonesia,Pasar Sukaramai (Kota Medan),IDR,16828.1
4205,2026-02-01,Indonesia,Pasar Sukaramai (Kota Medan),IDR,16825.67
4206,2026-03-01,Indonesia,Pasar Sukaramai (Kota Medan),IDR,16932.1
4207,2026-04-01,Indonesia,Pasar Sukaramai (Kota Medan),IDR,17014.61
4208,2026-01-01,Indonesia,Pasar Sukoharjo,IDR,16828.1
4209,2026-02-01,Indonesia,Pasar Sukoharjo,IDR,16825.67
4210,2026-03-01,Indonesia,Pasar Sukoharjo,IDR,16932.1
4211,2026-04-01,Indonesia,Pasar Sukoharjo,IDR,17014.61
4212,2026-01-01,Indonesia,Pasar Sunggingan (Kab. Boyolali),IDR,16828.1
4213,2026-02-01,Indonesia,Pasar Sunggingan (Kab. Boyolali),IDR,16825.67
4214,2026-03-01,Indonesia,Pasar Sunggingan (Kab. Boyolali),IDR,16932.1
4215,2026-04-01,Indonesia,Pasar Sunggingan (Kab. Boyolali),IDR,17014.61
4216,2026-01-01,Indonesia,Pasar Talang Banjar Jambi,IDR,16828.1
4217,2026-02-01,Indonesia,Pasar Talang Banjar Jambi,IDR,16825.67
4218,2026-03-01,Indonesia,Pasar Talang Banjar Jambi,IDR,16932.1
4219,2026-04-01,Indonesia,Pasar Talang Banjar Jambi,IDR,17014.61
4220,2026-01-01,Indonesia,Pasar Tambah Rejo,IDR,16828.1
4221,2026-02-01,Indonesia,Pasar Tambah Rejo,IDR,16825.67
4222,2026-03-01,Indonesia,Pasar Tambah Rejo,IDR,16932.1
4223,2026-04-01,Indonesia,Pasar Tambah Rejo,IDR,17014.61
4224,2026-01-01,Indonesia,Pasar Tanjung (Kab. Jember),IDR,16828.1
4225,2026-02-01,Indonesia,Pasar Tanjung (Kab. Jember),IDR,16825.67
4226,2026-03-01,Indonesia,Pasar Tanjung (Kab. Jember),IDR,16932.1
4227,2026-04-01,Indonesia,Pasar Tanjung (Kab. Jember),IDR,17014.61
4228,2026-01-01,Indonesia,Pasar Tanjung (Kab. Tabalong),IDR,16828.1
4229,2026-02-01,Indonesia,Pasar Tanjung (Kab. Tabalong),IDR,16825.67
4230,2026-03-01,Indonesia,Pasar Tanjung (Kab. Tabalong),IDR,16932.1
4231,2026-04-01,Indonesia,Pasar Tanjung (Kab. Tabalong),IDR,17014.61
4232,2026-01-01,Indonesia,Pasar Tanjungpandan (Kab. Belitung),IDR,16828.1
4233,2026-02-01,Indonesia,Pasar Tanjungpandan (Kab. Belitung),IDR,16825.67
4234,2026-03-01,Indonesia,Pasar Tanjungpandan (Kab. Belitung),IDR,16932.1
4235,2026-04-01,Indonesia,Pasar Tanjungpandan (Kab. Belitung),IDR,17014.61
4236,2026-01-01,Indonesia,Pasar Tejo Agung 24,IDR,16828.1
4237,2026-02-01,Indonesia,Pasar Tejo Agung 24,IDR,16825.67
4238,2026-03-01,Indonesia,Pasar Tejo Agung 24,IDR,16932.1
4239,2026-04-01,Indonesia,Pasar Tejo Agung 24,IDR,17014.61
4240,2026-01-01,Indonesia,Pasar Tenguyun,IDR,16828.1
4241,2026-02-01,Indonesia,Pasar Tenguyun,IDR,16825.67
4242,2026-03-01,Indonesia,Pasar Tenguyun,IDR,16932.1
4243,2026-04-01,Indonesia,Pasar Tenguyun,IDR,17014.61
4244,2026-01-01,Indonesia,Pasar Terapung,IDR,16828.1
4245,2026-02-01,Indonesia,Pasar Terapung,IDR,16825.67
4246,2026-03-01,Indonesia,Pasar Terapung,IDR,16932.1
4247,2026-04-01,Indonesia,Pasar Terapung,IDR,17014.61
4248,2026-01-01,Indonesia,Pasar Teratai,IDR,16828.1
4249,2026-02-01,Indonesia,Pasar Teratai,IDR,16825.67
4250,2026-03-01,Indonesia,Pasar Teratai,IDR,16932.1
4251,2026-04-01,Indonesia,Pasar Teratai,IDR,17014.61
4252,2026-01-01,Indonesia,Pasar Tingkat,IDR,16828.1
4253,2026-02-01,Indonesia,Pasar Tingkat,IDR,16825.67
4254,2026-03-01,Indonesia,Pasar Tingkat,IDR,16932.1
4255,2026-04-01,Indonesia,Pasar Tingkat,IDR,17014.61
4256,2026-01-01,Indonesia,Pasar Tos 3000 Jodoh,IDR,16828.1
4257,2026-02-01,Indonesia,Pasar Tos 3000 Jodoh,IDR,16825.67
4258,2026-03-01,Indonesia,Pasar Tos 3000 Jodoh,IDR,16932.1
4259,2026-04-01,Indonesia,Pasar Tos 3000 Jodoh,IDR,17014.61
4260,2026-01-01,Indonesia,Pasar Tua Biawu,IDR,16828.1
4261,2026-02-01,Indonesia,Pasar Tua Biawu,IDR,16825.67
4262,2026-03-01,Indonesia,Pasar Tua Biawu,IDR,16932.1
4263,2026-04-01,Indonesia,Pasar Tua Biawu,IDR,17014.61
4264,2026-01-01,Indonesia,Pasar Tual,IDR,16828.1
4265,2026-02-01,Indonesia,Pasar Tual,IDR,16825.67
4266,2026-03-01,Indonesia,Pasar Tual,IDR,16932.1
4267,2026-04-01,Indonesia,Pasar Tual,IDR,17014.61
4268,2026-01-01,Indonesia,Pasar Tugu,IDR,16828.1
4269,2026-02-01,Indonesia,Pasar Tugu,IDR,16825.67
4270,2026-03-01,Indonesia,Pasar Tugu,IDR,16932.1
4271,2026-04-01,Indonesia,Pasar Tugu,IDR,17014.61
4272,2026-01-01,Indonesia,Pasar Ujong Baro,IDR,16828.1
4273,2026-02-01,Indonesia,Pasar Ujong Baro,IDR,16825.67
4274,2026-03-01,Indonesia,Pasar Ujong Baro,IDR,16932.1
4275,2026-04-01,Indonesia,Pasar Ujong Baro,IDR,17014.61
4276,2026-01-01,Indonesia,Pasar Ulee Kareng,IDR,16828.1
4277,2026-02-01,Indonesia,Pasar Ulee Kareng,IDR,16825.67
4278,2026-03-01,Indonesia,Pasar Ulee Kareng,IDR,16932.1
4279,2026-04-01,Indonesia,Pasar Ulee Kareng,IDR,17014.61
4280,2026-01-01,Indonesia,Pasar Wage,IDR,16828.1
4281,2026-02-01,Indonesia,Pasar Wage,IDR,16825.67
4282,2026-03-01,Indonesia,Pasar Wage,IDR,16932.1
4283,2026-04-01,Indonesia,Pasar Wage,IDR,17014.61
4284,2026-01-01,Indonesia,Pasar Wamanggu,IDR,16828.1
4285,2026-02-01,Indonesia,Pasar Wamanggu,IDR,16825.67
4286,2026-03-01,Indonesia,Pasar Wamanggu,IDR,16932.1
4287,2026-04-01,Indonesia,Pasar Wamanggu,IDR,17014.61
4288,2026-01-01,Indonesia,Pasar Wameo,IDR,16828.1
4289,2026-02-01,Indonesia,Pasar Wameo,IDR,16825.67
4290,2026-03-01,Indonesia,Pasar Wameo,IDR,16932.1
4291,2026-04-01,Indonesia,Pasar Wameo,IDR,17014.61
4292,2026-01-01,Indonesia,Pasar Warung Jambu 2,IDR,16828.1
4293,2026-02-01,Indonesia,Pasar Warung Jambu 2,IDR,16825.67
4294,2026-03-01,Indonesia,Pasar Warung Jambu 2,IDR,16932.1
4295,2026-04-01,Indonesia,Pasar Warung Jambu 2,IDR,17014.61
4296,2026-01-01,Indonesia,Pasar Weru,IDR,16828.1
4297,2026-02-01,Indonesia,Pasar Weru,IDR,16825.67
4298,2026-03-01,Indonesia,Pasar Weru,IDR,16932.1
4299,2026-04-01,Indonesia,Pasar Weru,IDR,17014.61
4300,2026-01-01,Indonesia,Pasar Wonoasih,IDR,16828.1
4301,2026-02-01,Indonesia,Pasar Wonoasih,IDR,16825.67
4302,2026-03-01,Indonesia,Pasar Wonoasih,IDR,16932.1
4303,2026-04-01,Indonesia,Pasar Wonoasih,IDR,17014.61
4304,2026-01-01,Indonesia,Pasar Wonokromo,IDR,16828.1
4305,2026-02-01,Indonesia,Pasar Wonokromo,IDR,16825.67
4306,2026-03-01,Indonesia,Pasar Wonokromo,IDR,16932.1
4307,2026-04-01,Indonesia,Pasar Wonokromo,IDR,17014.61
4308,2026-01-01,Indonesia,Pasar Wonomulyo,IDR,16828.1
4309,2026-02-01,Indonesia,Pasar Wonomulyo,IDR,16825.67
4310,2026-03-01,Indonesia,Pasar Wonomulyo,IDR,16932.1
4311,2026-04-01,Indonesia,Pasar Wonomulyo,IDR,17014.61
4312,2026-01-01,Indonesia,Pasar Wosi,IDR,16828.1
4313,2026-02-01,Indonesia,Pasar Wosi,IDR,16825.67
4314,2026-03-01,Indonesia,Pasar Wosi,IDR,16932.1
4315,2026-04-01,Indonesia,Pasar Wosi,IDR,17014.61
4316,2026-01-01,Indonesia,Pasar Yotefa Abepura,IDR,16828.1
4317,2026-02-01,Indonesia,Pasar Yotefa Abepura,IDR,16825.67
4318,2026-03-01,Indonesia,Pasar Yotefa Abepura,IDR,16932.1
4319,2026-04-01,Indonesia,Pasar Yotefa Abepura,IDR,17014.61
4320,2026-01-01,Indonesia,Pusat Pasar,IDR,16828.1
4321,2026-02-01,Indonesia,Pusat Pasar,IDR,16825.67
4322,2026-03-01,Indonesia,Pusat Pasar,IDR,16932.1
4323,2026-04-01,Indonesia,Pusat Pasar,IDR,17014.61
4324,2026-01-01,Indonesia,Market Average,IDR,16828.1
4325,2026-02-01,Indonesia,Market Average,IDR,16825.67
4326,2026-03-01,Indonesia,Market Average,IDR,16932.1
4327,2026-04-01,Indonesia,Market Average,IDR,17014.61
4328,2026-01-01,Iraq,Anbar,IQD,1293.43
4329,2026-02-01,Iraq,Anbar,IQD,1310.18
4330,2026-03-01,Iraq,Anbar,IQD,1310.24
4331,2026-04-01,Iraq,Anbar,IQD,1307.82
4332,2026-01-01,Iraq,Babylon,IQD,1293.43
4333,2026-02-01,Iraq,Babylon,IQD,1310.18
4334,2026-03-01,Iraq,Babylon,IQD,1310.24
4335,2026-04-01,Iraq,Babylon,IQD,1307.82
4336,2026-01-01,Iraq,Baghdad,IQD,1293.43
4337,2026-02-01,Iraq,Baghdad,IQD,1310.18
4338,2026-03-01,Iraq,Baghdad,IQD,1310.24
4339,2026-04-01,Iraq,Baghdad,IQD,1307.82
4340,2026-01-01,Iraq,Basrah,IQD,1293.43
4341,2026-02-01,Iraq,Basrah,IQD,1310.18
4342,2026-03-01,Iraq,Basrah,IQD,1310.24
4343,2026-04-01,Iraq,Basrah,IQD,1307.82
4344,2026-01-01,Iraq,Diyala,IQD,1293.43
4345,2026-02-01,Iraq,Diyala,IQD,1310.18
4346,2026-03-01,Iraq,Diyala,IQD,1310.24
4347,2026-04-01,Iraq,Diyala,IQD,1307.82
4348,2026-01-01,Iraq,Dohuk,IQD,1293.43
4349,2026-02-01,Iraq,Dohuk,IQD,1310.18
4350,2026-03-01,Iraq,Dohuk,IQD,1310.24
4351,2026-04-01,Iraq,Dohuk,IQD,1307.82
4352,2026-01-01,Iraq,Erbil,IQD,1293.43
4353,2026-02-01,Iraq,Erbil,IQD,1310.18
4354,2026-03-01,Iraq,Erbil,IQD,1310.24
4355,2026-04-01,Iraq,Erbil,IQD,1307.82
4356,2026-01-01,Iraq,Jadaa town,IQD,1293.43
4357,2026-02-01,Iraq,Jadaa town,IQD,1310.18
4358,2026-03-01,Iraq,Jadaa town,IQD,1310.24
4359,2026-04-01,Iraq,Jadaa town,IQD,1307.82
4360,2026-01-01,Iraq,Kerbela,IQD,1293.43
4361,2026-02-01,Iraq,Kerbela,IQD,1310.18
4362,2026-03-01,Iraq,Kerbela,IQD,1310.24
4363,2026-04-01,Iraq,Kerbela,IQD,1307.82
4364,2026-01-01,Iraq,Kirkuk,IQD,1293.43
4365,2026-02-01,Iraq,Kirkuk,IQD,1310.18
4366,2026-03-01,Iraq,Kirkuk,IQD,1310.24
4367,2026-04-01,Iraq,Kirkuk,IQD,1307.82
4368,2026-01-01,Iraq,Maysan,IQD,1293.43
4369,2026-02-01,Iraq,Maysan,IQD,1310.18
4370,2026-03-01,Iraq,Maysan,IQD,1310.24
4371,2026-04-01,Iraq,Maysan,IQD,1307.82
4372,2026-01-01,Iraq,Muthanna,IQD,1293.43
4373,2026-02-01,Iraq,Muthanna,IQD,1310.18
4374,2026-03-01,Iraq,Muthanna,IQD,1310.24
4375,2026-04-01,Iraq,Muthanna,IQD,1307.82
4376,2026-01-01,Iraq,Nainawa,IQD,1293.43
4377,2026-02-01,Iraq,Nainawa,IQD,1310.18
4378,2026-03-01,Iraq,Nainawa,IQD,1310.24
4379,2026-04-01,Iraq,Nainawa,IQD,1307.82
4380,2026-01-01,Iraq,Najaf,IQD,1293.43
4381,2026-02-01,Iraq,Najaf,IQD,1310.18
4382,2026-03-01,Iraq,Najaf,IQD,1310.24
4383,2026-04-01,Iraq,Najaf,IQD,1307.82
4384,2026-01-01,Iraq,Qadisiya,IQD,1293.43
4385,2026-02-01,Iraq,Qadisiya,IQD,1310.18
4386,2026-03-01,Iraq,Qadisiya,IQD,1310.24
4387,2026-04-01,Iraq,Qadisiya,IQD,1307.82
4388,2026-01-01,Iraq,Salah al-deen,IQD,1293.43
4389,2026-02-01,Iraq,Salah al-deen,IQD,1310.18
4390,2026-03-01,Iraq,Salah al-deen,IQD,1310.24
4391,2026-04-01,Iraq,Salah al-deen,IQD,1307.82
4392,2026-01-01,Iraq,Sulaimaniyah,IQD,1293.43
4393,2026-02-01,Iraq,Sulaimaniyah,IQD,1310.18
4394,2026-03-01,Iraq,Sulaimaniyah,IQD,1310.24
4395,2026-04-01,Iraq,Sulaimaniyah,IQD,1307.82
4396,2026-01-01,Iraq,Thi-Qar,IQD,1293.43
4397,2026-02-01,Iraq,Thi-Qar,IQD,1310.18
4398,2026-03-01,Iraq,Thi-Qar,IQD,1310.24
4399,2026-04-01,Iraq,Thi-Qar,IQD,1307.82
4400,2026-01-01,Iraq,Wasit,IQD,1293.43
4401,2026-02-01,Iraq,Wasit,IQD,1310.18
4402,2026-03-01,Iraq,Wasit,IQD,1310.24
4403,2026-04-01,Iraq,Wasit,IQD,1307.82
4404,2026-01-01,Iraq,Market Average,IQD,1293.43
4405,2026-02-01,Iraq,Market Average,IQD,1310.18
4406,2026-03-01,Iraq,Market Average,IQD,1310.24
4407,2026-04-01,Iraq,Market Average,IQD,1307.82
4408,2026-01-01,Kenya,Adele Center,KES,128.21
4409,2026-02-01,Kenya,Adele Center,KES,128.99
4410,2026-03-01,Kenya,Adele Center,KES,129.44
4411,2026-04-01,Kenya,Adele Center,KES,130.33
4412,2026-01-01,Kenya,Alango Arba,KES,128.21
4413,2026-02-01,Kenya,Alango Arba,KES,128.99
4414,2026-03-01,Kenya,Alango Arba,KES,129.44
4415,2026-04-01,Kenya,Alango Arba,KES,130.33
4416,2026-01-01,Kenya,Alemsekon,KES,128.21
4417,2026-02-01,Kenya,Alemsekon,KES,128.99
4418,2026-03-01,Kenya,Alemsekon,KES,129.44
4419,2026-04-01,Kenya,Alemsekon,KES,130.33
4420,2026-01-01,Kenya,Alinjugur,KES,128.21
4421,2026-02-01,Kenya,Alinjugur,KES,128.99
4422,2026-03-01,Kenya,Alinjugur,KES,129.44
4423,2026-04-01,Kenya,Alinjugur,KES,130.33
4424,2026-01-01,Kenya,Alungu,KES,128.21
4425,2026-02-01,Kenya,Alungu,KES,128.99
4426,2026-03-01,Kenya,Alungu,KES,129.44
4427,2026-04-01,Kenya,Alungu,KES,130.33
4428,2026-01-01,Kenya,Amaya,KES,128.21
4429,2026-02-01,Kenya,Amaya,KES,128.99
4430,2026-03-01,Kenya,Amaya,KES,129.44
4431,2026-04-01,Kenya,Amaya,KES,130.33
4432,2026-01-01,Kenya,Aposta,KES,128.21
4433,2026-02-01,Kenya,Aposta,KES,128.99
4434,2026-03-01,Kenya,Aposta,KES,129.44
4435,2026-04-01,Kenya,Aposta,KES,130.33
4436,2026-01-01,Kenya,Archers Post,KES,128.21
4437,2026-02-01,Kenya,Archers Post,KES,128.99
4438,2026-03-01,Kenya,Archers Post,KES,129.44
4439,2026-04-01,Kenya,Archers Post,KES,130.33
4440,2026-01-01,Kenya,Ashabito,KES,128.21
4441,2026-02-01,Kenya,Ashabito,KES,128.99
4442,2026-03-01,Kenya,Ashabito,KES,129.44
4443,2026-04-01,Kenya,Ashabito,KES,130.33
4444,2026-01-01,Kenya,Bangale,KES,128.21
4445,2026-02-01,Kenya,Bangale,KES,128.99
4446,2026-03-01,Kenya,Bangale,KES,129.44
4447,2026-04-01,Kenya,Bangale,KES,130.33
4448,2026-01-01,Kenya,Bangladesh (Mombasa),KES,128.21
4449,2026-02-01,Kenya,Bangladesh (Mombasa),KES,128.99
4450,2026-03-01,Kenya,Bangladesh (Mombasa),KES,129.44
4451,2026-04-01,Kenya,Bangladesh (Mombasa),KES,130.33
4452,2026-01-01,Kenya,Banissa,KES,128.21
4453,2026-02-01,Kenya,Banissa,KES,128.99
4454,2026-03-01,Kenya,Banissa,KES,129.44
4455,2026-04-01,Kenya,Banissa,KES,130.33
4456,2026-01-01,Kenya,Baragoi,KES,128.21
4457,2026-02-01,Kenya,Baragoi,KES,128.99
4458,2026-03-01,Kenya,Baragoi,KES,129.44
4459,2026-04-01,Kenya,Baragoi,KES,130.33
4460,2026-01-01,Kenya,Baraki,KES,128.21
4461,2026-02-01,Kenya,Baraki,KES,128.99
4462,2026-03-01,Kenya,Baraki,KES,129.44
4463,2026-04-01,Kenya,Baraki,KES,130.33
4464,2026-01-01,Kenya,Benane,KES,128.21
4465,2026-02-01,Kenya,Benane,KES,128.99
4466,2026-03-01,Kenya,Benane,KES,129.44
4467,2026-04-01,Kenya,Benane,KES,130.33
4468,2026-01-01,Kenya,Bilbil,KES,128.21
4469,2026-02-01,Kenya,Bilbil,KES,128.99
4470,2026-03-01,Kenya,Bilbil,KES,129.44
4471,2026-04-01,Kenya,Bilbil,KES,130.33
4472,2026-01-01,Kenya,Biliqo,KES,128.21
4473,2026-02-01,Kenya,Biliqo,KES,128.99
4474,2026-03-01,Kenya,Biliqo,KES,129.44
4475,2026-04-01,Kenya,Biliqo,KES,130.33
4476,2026-01-01,Kenya,Boji,KES,128.21
4477,2026-02-01,Kenya,Boji,KES,128.99
4478,2026-03-01,Kenya,Boji,KES,129.44
4479,2026-04-01,Kenya,Boji,KES,130.33
4480,2026-01-01,Kenya,Boka,KES,128.21
4481,2026-02-01,Kenya,Boka,KES,128.99
4482,2026-03-01,Kenya,Boka,KES,129.44
4483,2026-04-01,Kenya,Boka,KES,130.33
4484,2026-01-01,Kenya,Bulesa Bulesa,KES,128.21
4485,2026-02-01,Kenya,Bulesa Bulesa,KES,128.99
4486,2026-03-01,Kenya,Bulesa Bulesa,KES,129.44
4487,2026-04-01,Kenya,Bulesa Bulesa,KES,130.33
4488,2026-01-01,Kenya,Buna,KES,128.21
4489,2026-02-01,Kenya,Buna,KES,128.99
4490,2026-03-01,Kenya,Buna,KES,129.44
4491,2026-04-01,Kenya,Buna,KES,130.33
4492,2026-01-01,Kenya,Bura,KES,128.21
4493,2026-02-01,Kenya,Bura,KES,128.99
4494,2026-03-01,Kenya,Bura,KES,129.44
4495,2026-04-01,Kenya,Bura,KES,130.33
4496,2026-01-01,Kenya,Bute,KES,128.21
4497,2026-02-01,Kenya,Bute,KES,128.99
4498,2026-03-01,Kenya,Bute,KES,129.44
4499,2026-04-01,Kenya,Bute,KES,130.33
4500,2026-01-01,Kenya,Charidende,KES,128.21
4501,2026-02-01,Kenya,Charidende,KES,128.99
4502,2026-03-01,Kenya,Charidende,KES,129.44
4503,2026-04-01,Kenya,Charidende,KES,130.33
4504,2026-01-01,Kenya,Chemolingot,KES,128.21
4505,2026-02-01,Kenya,Chemolingot,KES,128.99
4506,2026-03-01,Kenya,Chemolingot,KES,129.44
4507,2026-04-01,Kenya,Chemolingot,KES,130.33
4508,2026-01-01,Kenya,Dadaab town,KES,128.21
4509,2026-02-01,Kenya,Dadaab town,KES,128.99
4510,2026-03-01,Kenya,Dadaab town,KES,129.44
4511,2026-04-01,Kenya,Dadaab town,KES,130.33
4512,2026-01-01,Kenya,Dagahaley (Daadab),KES,128.21
4513,2026-02-01,Kenya,Dagahaley (Daadab),KES,128.99
4514,2026-03-01,Kenya,Dagahaley (Daadab),KES,129.44
4515,2026-04-01,Kenya,Dagahaley (Daadab),KES,130.33
4516,2026-01-01,Kenya,Damajale,KES,128.21
4517,2026-02-01,Kenya,Damajale,KES,128.99
4518,2026-03-01,Kenya,Damajale,KES,129.44
4519,2026-04-01,Kenya,Damajale,KES,130.33
4520,2026-01-01,Kenya,Dambala Fachana,KES,128.21
4521,2026-02-01,Kenya,Dambala Fachana,KES,128.99
4522,2026-03-01,Kenya,Dambala Fachana,KES,129.44
4523,2026-04-01,Kenya,Dambala Fachana,KES,130.33
4524,2026-01-01,Kenya,Dandora (Nairobi),KES,128.21
4525,2026-02-01,Kenya,Dandora (Nairobi),KES,128.99
4526,2026-03-01,Kenya,Dandora (Nairobi),KES,129.44
4527,2026-04-01,Kenya,Dandora (Nairobi),KES,130.33
4528,2026-01-01,Kenya,Dertu,KES,128.21
4529,2026-02-01,Kenya,Dertu,KES,128.99
4530,2026-03-01,Kenya,Dertu,KES,129.44
4531,2026-04-01,Kenya,Dertu,KES,130.33
4532,2026-01-01,Kenya,Dirib,KES,128.21
4533,2026-02-01,Kenya,Dirib,KES,128.99
4534,2026-03-01,Kenya,Dirib,KES,129.44
4535,2026-04-01,Kenya,Dirib,KES,130.33
4536,2026-01-01,Kenya,Dub Goba,KES,128.21
4537,2026-02-01,Kenya,Dub Goba,KES,128.99
4538,2026-03-01,Kenya,Dub Goba,KES,129.44
4539,2026-04-01,Kenya,Dub Goba,KES,130.33
4540,2026-01-01,Kenya,Dzikunze,KES,128.21
4541,2026-02-01,Kenya,Dzikunze,KES,128.99
4542,2026-03-01,Kenya,Dzikunze,KES,129.44
4543,2026-04-01,Kenya,Dzikunze,KES,130.33
4544,2026-01-01,Kenya,El Wak,KES,128.21
4545,2026-02-01,Kenya,El Wak,KES,128.99
4546,2026-03-01,Kenya,El Wak,KES,129.44
4547,2026-04-01,Kenya,El Wak,KES,130.33
4548,2026-01-01,Kenya,Eldas,KES,128.21
4549,2026-02-01,Kenya,Eldas,KES,128.99
4550,2026-03-01,Kenya,Eldas,KES,129.44
4551,2026-04-01,Kenya,Eldas,KES,130.33
4552,2026-01-01,Kenya,Eldoret town (Uasin Gishu),KES,128.21
4553,2026-02-01,Kenya,Eldoret town (Uasin Gishu),KES,128.99
4554,2026-03-01,Kenya,Eldoret town (Uasin Gishu),KES,129.44
4555,2026-04-01,Kenya,Eldoret town (Uasin Gishu),KES,130.33
4556,2026-01-01,Kenya,Elelea,KES,128.21
4557,2026-02-01,Kenya,Elelea,KES,128.99
4558,2026-03-01,Kenya,Elelea,KES,129.44
4559,2026-04-01,Kenya,Elelea,KES,130.33
4560,2026-01-01,Kenya,Eliye Centre,KES,128.21
4561,2026-02-01,Kenya,Eliye Centre,KES,128.99
4562,2026-03-01,Kenya,Eliye Centre,KES,129.44
4563,2026-04-01,Kenya,Eliye Centre,KES,130.33
4564,2026-01-01,Kenya,Emali,KES,128.21
4565,2026-02-01,Kenya,Emali,KES,128.99
4566,2026-03-01,Kenya,Emali,KES,129.44
4567,2026-04-01,Kenya,Emali,KES,130.33
4568,2026-01-01,Kenya,Embu-Mbeere,KES,128.21
4569,2026-02-01,Kenya,Embu-Mbeere,KES,128.99
4570,2026-03-01,Kenya,Embu-Mbeere,KES,129.44
4571,2026-04-01,Kenya,Embu-Mbeere,KES,130.33
4572,2026-01-01,Kenya,Ethiopia (Kakuma),KES,128.21
4573,2026-02-01,Kenya,Ethiopia (Kakuma),KES,128.99
4574,2026-03-01,Kenya,Ethiopia (Kakuma),KES,129.44
4575,2026-04-01,Kenya,Ethiopia (Kakuma),KES,130.33
4576,2026-01-01,Kenya,Garbatulla,KES,128.21
4577,2026-02-01,Kenya,Garbatulla,KES,128.99
4578,2026-03-01,Kenya,Garbatulla,KES,129.44
4579,2026-04-01,Kenya,Garbatulla,KES,130.33
4580,2026-01-01,Kenya,Garissa,KES,128.21
4581,2026-02-01,Kenya,Garissa,KES,128.99
4582,2026-03-01,Kenya,Garissa,KES,129.44
4583,2026-04-01,Kenya,Garissa,KES,130.33
4584,2026-01-01,Kenya,Garissa town (Garissa),KES,128.21
4585,2026-02-01,Kenya,Garissa town (Garissa),KES,128.99
4586,2026-03-01,Kenya,Garissa town (Garissa),KES,129.44
4587,2026-04-01,Kenya,Garissa town (Garissa),KES,130.33
4588,2026-01-01,Kenya,Garsen,KES,128.21
4589,2026-02-01,Kenya,Garsen,KES,128.99
4590,2026-03-01,Kenya,Garsen,KES,129.44
4591,2026-04-01,Kenya,Garsen,KES,130.33
4592,2026-01-01,Kenya,Griftu,KES,128.21
4593,2026-02-01,Kenya,Griftu,KES,128.99
4594,2026-03-01,Kenya,Griftu,KES,129.44
4595,2026-04-01,Kenya,Griftu,KES,130.33
4596,2026-01-01,Kenya,Habaswein,KES,128.21
4597,2026-02-01,Kenya,Habaswein,KES,128.99
4598,2026-03-01,Kenya,Habaswein,KES,129.44
4599,2026-04-01,Kenya,Habaswein,KES,130.33
4600,2026-01-01,Kenya,Hadado,KES,128.21
4601,2026-02-01,Kenya,Hadado,KES,128.99
4602,2026-03-01,Kenya,Hadado,KES,129.44
4603,2026-04-01,Kenya,Hadado,KES,130.33
4604,2026-01-01,Kenya,Hagadera (Daadab),KES,128.21
4605,2026-02-01,Kenya,Hagadera (Daadab),KES,128.99
4606,2026-03-01,Kenya,Hagadera (Daadab),KES,129.44
4607,2026-04-01,Kenya,Hagadera (Daadab),KES,130.33
4608,2026-01-01,Kenya,Hara (Garissa),KES,128.21
4609,2026-02-01,Kenya,Hara (Garissa),KES,128.99
4610,2026-03-01,Kenya,Hara (Garissa),KES,129.44
4611,2026-04-01,Kenya,Hara (Garissa),KES,130.33
4612,2026-01-01,Kenya,Hola (Tana River),KES,128.21
4613,2026-02-01,Kenya,Hola (Tana River),KES,128.99
4614,2026-03-01,Kenya,Hola (Tana River),KES,129.44
4615,2026-04-01,Kenya,Hola (Tana River),KES,130.33
4616,2026-01-01,Kenya,Hola town,KES,128.21
4617,2026-02-01,Kenya,Hola town,KES,128.99
4618,2026-03-01,Kenya,Hola town,KES,129.44
4619,2026-04-01,Kenya,Hola town,KES,130.33
4620,2026-01-01,Kenya,HongKong (Kakuma),KES,128.21
4621,2026-02-01,Kenya,HongKong (Kakuma),KES,128.99
4622,2026-03-01,Kenya,HongKong (Kakuma),KES,129.44
4623,2026-04-01,Kenya,HongKong (Kakuma),KES,130.33
4624,2026-01-01,Kenya,IFO (Daadab),KES,128.21
4625,2026-02-01,Kenya,IFO (Daadab),KES,128.99
4626,2026-03-01,Kenya,IFO (Daadab),KES,129.44
4627,2026-04-01,Kenya,IFO (Daadab),KES,130.33
4628,2026-01-01,Kenya,Illbissil Food Market (Kajiado),KES,128.21
4629,2026-02-01,Kenya,Illbissil Food Market (Kajiado),KES,128.99
4630,2026-03-01,Kenya,Illbissil Food Market (Kajiado),KES,129.44
4631,2026-04-01,Kenya,Illbissil Food Market (Kajiado),KES,130.33
4632,2026-01-01,Kenya,Iresaboru Centre,KES,128.21
4633,2026-02-01,Kenya,Iresaboru Centre,KES,128.99
4634,2026-03-01,Kenya,Iresaboru Centre,KES,129.44
4635,2026-04-01,Kenya,Iresaboru Centre,KES,130.33
4636,2026-01-01,Kenya,Isiolo town,KES,128.21
4637,2026-02-01,Kenya,Isiolo town,KES,128.99
4638,2026-03-01,Kenya,Isiolo town,KES,129.44
4639,2026-04-01,Kenya,Isiolo town,KES,130.33
4640,2026-01-01,Kenya,Jarajara,KES,128.21
4641,2026-02-01,Kenya,Jarajara,KES,128.99
4642,2026-03-01,Kenya,Jarajara,KES,129.44
4643,2026-04-01,Kenya,Jarajara,KES,130.33
4644,2026-01-01,Kenya,Junda (Mombasa),KES,128.21
4645,2026-02-01,Kenya,Junda (Mombasa),KES,128.99
4646,2026-03-01,Kenya,Junda (Mombasa),KES,129.44
4647,2026-04-01,Kenya,Junda (Mombasa),KES,130.33
4648,2026-01-01,Kenya,Kaakelai,KES,128.21
4649,2026-02-01,Kenya,Kaakelai,KES,128.99
4650,2026-03-01,Kenya,Kaakelai,KES,129.44
4651,2026-04-01,Kenya,Kaakelai,KES,130.33
4652,2026-01-01,Kenya,Kaanwa (Tharaka Nithi),KES,128.21
4653,2026-02-01,Kenya,Kaanwa (Tharaka Nithi),KES,128.99
4654,2026-03-01,Kenya,Kaanwa (Tharaka Nithi),KES,129.44
4655,2026-04-01,Kenya,Kaanwa (Tharaka Nithi),KES,130.33
4656,2026-01-01,Kenya,Kachororoni,KES,128.21
4657,2026-02-01,Kenya,Kachororoni,KES,128.99
4658,2026-03-01,Kenya,Kachororoni,KES,129.44
4659,2026-04-01,Kenya,Kachororoni,KES,130.33
4660,2026-01-01,Kenya,Kaembeni,KES,128.21
4661,2026-02-01,Kenya,Kaembeni,KES,128.99
4662,2026-03-01,Kenya,Kaembeni,KES,129.44
4663,2026-04-01,Kenya,Kaembeni,KES,130.33
4664,2026-01-01,Kenya,Kaeris,KES,128.21
4665,2026-02-01,Kenya,Kaeris,KES,128.99
4666,2026-03-01,Kenya,Kaeris,KES,129.44
4667,2026-04-01,Kenya,Kaeris,KES,130.33
4668,2026-01-01,Kenya,Kaikor,KES,128.21
4669,2026-02-01,Kenya,Kaikor,KES,128.99
4670,2026-03-01,Kenya,Kaikor,KES,129.44
4671,2026-04-01,Kenya,Kaikor,KES,130.33
4672,2026-01-01,Kenya,Kajiado,KES,128.21
4673,2026-02-01,Kenya,Kajiado,KES,128.99
4674,2026-03-01,Kenya,Kajiado,KES,129.44
4675,2026-04-01,Kenya,Kajiado,KES,130.33
4676,2026-01-01,Kenya,Kakuma 2,KES,128.21
4677,2026-02-01,Kenya,Kakuma 2,KES,128.99
4678,2026-03-01,Kenya,Kakuma 2,KES,129.44
4679,2026-04-01,Kenya,Kakuma 2,KES,130.33
4680,2026-01-01,Kenya,Kakuma 3,KES,128.21
4681,2026-02-01,Kenya,Kakuma 3,KES,128.99
4682,2026-03-01,Kenya,Kakuma 3,KES,129.44
4683,2026-04-01,Kenya,Kakuma 3,KES,130.33
4684,2026-01-01,Kenya,Kakuma 4,KES,128.21
4685,2026-02-01,Kenya,Kakuma 4,KES,128.99
4686,2026-03-01,Kenya,Kakuma 4,KES,129.44
4687,2026-04-01,Kenya,Kakuma 4,KES,130.33
4688,2026-01-01,Kenya,Kakuma town,KES,128.21
4689,2026-02-01,Kenya,Kakuma town,KES,128.99
4690,2026-03-01,Kenya,Kakuma town,KES,129.44
4691,2026-04-01,Kenya,Kakuma town,KES,130.33
4692,2026-01-01,Kenya,Kalahari (Mombasa),KES,128.21
4693,2026-02-01,Kenya,Kalahari (Mombasa),KES,128.99
4694,2026-03-01,Kenya,Kalahari (Mombasa),KES,129.44
4695,2026-04-01,Kenya,Kalahari (Mombasa),KES,130.33
4696,2026-01-01,Kenya,Kalemgorok,KES,128.21
4697,2026-02-01,Kenya,Kalemgorok,KES,128.99
4698,2026-03-01,Kenya,Kalemgorok,KES,129.44
4699,2026-04-01,Kenya,Kalemgorok,KES,130.33
4700,2026-01-01,Kenya,Kalemunyang,KES,128.21
4701,2026-02-01,Kenya,Kalemunyang,KES,128.99
4702,2026-03-01,Kenya,Kalemunyang,KES,129.44
4703,2026-04-01,Kenya,Kalemunyang,KES,130.33
4704,2026-01-01,Kenya,Kaleng,KES,128.21
4705,2026-02-01,Kenya,Kaleng,KES,128.99
4706,2026-03-01,Kenya,Kaleng,KES,129.44
4707,2026-04-01,Kenya,Kaleng,KES,130.33
4708,2026-01-01,Kenya,Kalobeyei (Village 1),KES,128.21
4709,2026-02-01,Kenya,Kalobeyei (Village 1),KES,128.99
4710,2026-03-01,Kenya,Kalobeyei (Village 1),KES,129.44
4711,2026-04-01,Kenya,Kalobeyei (Village 1),KES,130.33
4712,2026-01-01,Kenya,Kalobeyei (Village 2),KES,128.21
4713,2026-02-01,Kenya,Kalobeyei (Village 2),KES,128.99
4714,2026-03-01,Kenya,Kalobeyei (Village 2),KES,129.44
4715,2026-04-01,Kenya,Kalobeyei (Village 2),KES,130.33
4716,2026-01-01,Kenya,Kalobeyei (Village 3),KES,128.21
4717,2026-02-01,Kenya,Kalobeyei (Village 3),KES,128.99
4718,2026-03-01,Kenya,Kalobeyei (Village 3),KES,129.44
4719,2026-04-01,Kenya,Kalobeyei (Village 3),KES,130.33
4720,2026-01-01,Kenya,Kalobeyei town,KES,128.21
4721,2026-02-01,Kenya,Kalobeyei town,KES,128.99
4722,2026-03-01,Kenya,Kalobeyei town,KES,129.44
4723,2026-04-01,Kenya,Kalobeyei town,KES,130.33
4724,2026-01-01,Kenya,Kalokol,KES,128.21
4725,2026-02-01,Kenya,Kalokol,KES,128.99
4726,2026-03-01,Kenya,Kalokol,KES,129.44
4727,2026-04-01,Kenya,Kalokol,KES,130.33
4728,2026-01-01,Kenya,Kang'akipur,KES,128.21
4729,2026-02-01,Kenya,Kang'akipur,KES,128.99
4730,2026-03-01,Kenya,Kang'akipur,KES,129.44
4731,2026-04-01,Kenya,Kang'akipur,KES,130.33
4732,2026-01-01,Kenya,Kangemi (Nairobi),KES,128.21
4733,2026-02-01,Kenya,Kangemi (Nairobi),KES,128.99
4734,2026-03-01,Kenya,Kangemi (Nairobi),KES,129.44
4735,2026-04-01,Kenya,Kangemi (Nairobi),KES,130.33
4736,2026-01-01,Kenya,Karare,KES,128.21
4737,2026-02-01,Kenya,Karare,KES,128.99
4738,2026-03-01,Kenya,Karare,KES,129.44
4739,2026-04-01,Kenya,Karare,KES,130.33
4740,2026-01-01,Kenya,Karatina (Nyeri),KES,128.21
4741,2026-02-01,Kenya,Karatina (Nyeri),KES,128.99
4742,2026-03-01,Kenya,Karatina (Nyeri),KES,129.44
4743,2026-04-01,Kenya,Karatina (Nyeri),KES,130.33
4744,2026-01-01,Kenya,Kargi,KES,128.21
4745,2026-02-01,Kenya,Kargi,KES,128.99
4746,2026-03-01,Kenya,Kargi,KES,129.44
4747,2026-04-01,Kenya,Kargi,KES,130.33
4748,2026-01-01,Kenya,Kargi South Horr,KES,128.21
4749,2026-02-01,Kenya,Kargi South Horr,KES,128.99
4750,2026-03-01,Kenya,Kargi South Horr,KES,129.44
4751,2026-04-01,Kenya,Kargi South Horr,KES,130.33
4752,2026-01-01,Kenya,Kasuroi,KES,128.21
4753,2026-02-01,Kenya,Kasuroi,KES,128.99
4754,2026-03-01,Kenya,Kasuroi,KES,129.44
4755,2026-04-01,Kenya,Kasuroi,KES,130.33
4756,2026-01-01,Kenya,Kataboi,KES,128.21
4757,2026-02-01,Kenya,Kataboi,KES,128.99
4758,2026-03-01,Kenya,Kataboi,KES,129.44
4759,2026-04-01,Kenya,Kataboi,KES,130.33
4760,2026-01-01,Kenya,Kathonzweni (Makueni),KES,128.21
4761,2026-02-01,Kenya,Kathonzweni (Makueni),KES,128.99
4762,2026-03-01,Kenya,Kathonzweni (Makueni),KES,129.44
4763,2026-04-01,Kenya,Kathonzweni (Makueni),KES,130.33
4764,2026-01-01,Kenya,Katilia,KES,128.21
4765,2026-02-01,Kenya,Katilia,KES,128.99
4766,2026-03-01,Kenya,Katilia,KES,129.44
4767,2026-04-01,Kenya,Katilia,KES,130.33
4768,2026-01-01,Kenya,Kawangware (Nairobi),KES,128.21
4769,2026-02-01,Kenya,Kawangware (Nairobi),KES,128.99
4770,2026-03-01,Kenya,Kawangware (Nairobi),KES,129.44
4771,2026-04-01,Kenya,Kawangware (Nairobi),KES,130.33
4772,2026-01-01,Kenya,Kibish,KES,128.21
4773,2026-02-01,Kenya,Kibish,KES,128.99
4774,2026-03-01,Kenya,Kibish,KES,129.44
4775,2026-04-01,Kenya,Kibish,KES,130.33
4776,2026-01-01,Kenya,Kibra (Nairobi),KES,128.21
4777,2026-02-01,Kenya,Kibra (Nairobi),KES,128.99
4778,2026-03-01,Kenya,Kibra (Nairobi),KES,129.44
4779,2026-04-01,Kenya,Kibra (Nairobi),KES,130.33
4780,2026-01-01,Kenya,Kibuye (Kisumu),KES,128.21
4781,2026-02-01,Kenya,Kibuye (Kisumu),KES,128.99
4782,2026-03-01,Kenya,Kibuye (Kisumu),KES,129.44
4783,2026-04-01,Kenya,Kibuye (Kisumu),KES,130.33
4784,2026-01-01,Kenya,Kibwezi,KES,128.21
4785,2026-02-01,Kenya,Kibwezi,KES,128.99
4786,2026-03-01,Kenya,Kibwezi,KES,129.44
4787,2026-04-01,Kenya,Kibwezi,KES,130.33
4788,2026-01-01,Kenya,Kilifi,KES,128.21
4789,2026-02-01,Kenya,Kilifi,KES,128.99
4790,2026-03-01,Kenya,Kilifi,KES,129.44
4791,2026-04-01,Kenya,Kilifi,KES,130.33
4792,2026-01-01,Kenya,Kiliwaheri,KES,128.21
4793,2026-02-01,Kenya,Kiliwaheri,KES,128.99
4794,2026-03-01,Kenya,Kiliwaheri,KES,129.44
4795,2026-04-01,Kenya,Kiliwaheri,KES,130.33
4796,2026-01-01,Kenya,Kimalel Center,KES,128.21
4797,2026-02-01,Kenya,Kimalel Center,KES,128.99
4798,2026-03-01,Kenya,Kimalel Center,KES,129.44
4799,2026-04-01,Kenya,Kimalel Center,KES,130.33
4800,2026-01-01,Kenya,Kinna,KES,128.21
4801,2026-02-01,Kenya,Kinna,KES,128.99
4802,2026-03-01,Kenya,Kinna,KES,129.44
4803,2026-04-01,Kenya,Kinna,KES,130.33
4804,2026-01-01,Kenya,Kipini,KES,128.21
4805,2026-02-01,Kenya,Kipini,KES,128.99
4806,2026-03-01,Kenya,Kipini,KES,129.44
4807,2026-04-01,Kenya,Kipini,KES,130.33
4808,2026-01-01,Kenya,Kipsing CENTER,KES,128.21
4809,2026-02-01,Kenya,Kipsing CENTER,KES,128.99
4810,2026-03-01,Kenya,Kipsing CENTER,KES,129.44
4811,2026-04-01,Kenya,Kipsing CENTER,KES,130.33
4812,2026-01-01,Kenya,Kisima,KES,128.21
4813,2026-02-01,Kenya,Kisima,KES,128.99
4814,2026-03-01,Kenya,Kisima,KES,129.44
4815,2026-04-01,Kenya,Kisima,KES,130.33
4816,2026-01-01,Kenya,Kisumu,KES,128.21
4817,2026-02-01,Kenya,Kisumu,KES,128.99
4818,2026-03-01,Kenya,Kisumu,KES,129.44
4819,2026-04-01,Kenya,Kisumu,KES,130.33
4820,2026-01-01,Kenya,Kisumu Ndogo (Mombasa),KES,128.21
4821,2026-02-01,Kenya,Kisumu Ndogo (Mombasa),KES,128.99
4822,2026-03-01,Kenya,Kisumu Ndogo (Mombasa),KES,129.44
4823,2026-04-01,Kenya,Kisumu Ndogo (Mombasa),KES,130.33
4824,2026-01-01,Kenya,Kitengela (Kajiado),KES,128.21
4825,2026-02-01,Kenya,Kitengela (Kajiado),KES,128.99
4826,2026-03-01,Kenya,Kitengela (Kajiado),KES,129.44
4827,2026-04-01,Kenya,Kitengela (Kajiado),KES,130.33
4828,2026-01-01,Kenya,Kitui,KES,128.21
4829,2026-02-01,Kenya,Kitui,KES,128.99
4830,2026-03-01,Kenya,Kitui,KES,129.44
4831,2026-04-01,Kenya,Kitui,KES,130.33
4832,2026-01-01,Kenya,Kitui town (Kitui),KES,128.21
4833,2026-02-01,Kenya,Kitui town (Kitui),KES,128.99
4834,2026-03-01,Kenya,Kitui town (Kitui),KES,129.44
4835,2026-04-01,Kenya,Kitui town (Kitui),KES,130.33
4836,2026-01-01,Kenya,Kiwanja,KES,128.21
4837,2026-02-01,Kenya,Kiwanja,KES,128.99
4838,2026-03-01,Kenya,Kiwanja,KES,129.44
4839,2026-04-01,Kenya,Kiwanja,KES,130.33
4840,2026-01-01,Kenya,Kokuro,KES,128.21
4841,2026-02-01,Kenya,Kokuro,KES,128.99
4842,2026-03-01,Kenya,Kokuro,KES,129.44
4843,2026-04-01,Kenya,Kokuro,KES,130.33
4844,2026-01-01,Kenya,Kongowea (Mombasa),KES,128.21
4845,2026-02-01,Kenya,Kongowea (Mombasa),KES,128.99
4846,2026-03-01,Kenya,Kongowea (Mombasa),KES,129.44
4847,2026-04-01,Kenya,Kongowea (Mombasa),KES,130.33
4848,2026-01-01,Kenya,Korakora,KES,128.21
4849,2026-02-01,Kenya,Korakora,KES,128.99
4850,2026-03-01,Kenya,Korakora,KES,129.44
4851,2026-04-01,Kenya,Korakora,KES,130.33
4852,2026-01-01,Kenya,Koriema,KES,128.21
4853,2026-02-01,Kenya,Koriema,KES,128.99
4854,2026-03-01,Kenya,Koriema,KES,129.44
4855,2026-04-01,Kenya,Koriema,KES,130.33
4856,2026-01-01,Kenya,Korr,KES,128.21
4857,2026-02-01,Kenya,Korr,KES,128.99
4858,2026-03-01,Kenya,Korr,KES,129.44
4859,2026-04-01,Kenya,Korr,KES,130.33
4860,2026-01-01,Kenya,Kotile,KES,128.21
4861,2026-02-01,Kenya,Kotile,KES,128.99
4862,2026-03-01,Kenya,Kotile,KES,129.44
4863,2026-04-01,Kenya,Kotile,KES,130.33
4864,2026-01-01,Kenya,Kulamawe,KES,128.21
4865,2026-02-01,Kenya,Kulamawe,KES,128.99
4866,2026-03-01,Kenya,Kulamawe,KES,129.44
4867,2026-04-01,Kenya,Kulamawe,KES,130.33
4868,2026-01-01,Kenya,Kwale,KES,128.21
4869,2026-02-01,Kenya,Kwale,KES,128.99
4870,2026-03-01,Kenya,Kwale,KES,129.44
4871,2026-04-01,Kenya,Kwale,KES,130.33
4872,2026-01-01,Kenya,Lagbogol,KES,128.21
4873,2026-02-01,Kenya,Lagbogol,KES,128.99
4874,2026-03-01,Kenya,Lagbogol,KES,129.44
4875,2026-04-01,Kenya,Lagbogol,KES,130.33
4876,2026-01-01,Kenya,Laisamis Town,KES,128.21
4877,2026-02-01,Kenya,Laisamis Town,KES,128.99
4878,2026-03-01,Kenya,Laisamis Town,KES,129.44
4879,2026-04-01,Kenya,Laisamis Town,KES,130.33
4880,2026-01-01,Kenya,Lamu,KES,128.21
4881,2026-02-01,Kenya,Lamu,KES,128.99
4882,2026-03-01,Kenya,Lamu,KES,129.44
4883,2026-04-01,Kenya,Lamu,KES,130.33
4884,2026-01-01,Kenya,Lengusaka,KES,128.21
4885,2026-02-01,Kenya,Lengusaka,KES,128.99
4886,2026-03-01,Kenya,Lengusaka,KES,129.44
4887,2026-04-01,Kenya,Lengusaka,KES,130.33
4888,2026-01-01,Kenya,Lesirkan,KES,128.21
4889,2026-02-01,Kenya,Lesirkan,KES,128.99
4890,2026-03-01,Kenya,Lesirkan,KES,129.44
4891,2026-04-01,Kenya,Lesirkan,KES,130.33
4892,2026-01-01,Kenya,Letea,KES,128.21
4893,2026-02-01,Kenya,Letea,KES,128.99
4894,2026-03-01,Kenya,Letea,KES,129.44
4895,2026-04-01,Kenya,Letea,KES,130.33
4896,2026-01-01,Kenya,Liboi,KES,128.21
4897,2026-02-01,Kenya,Liboi,KES,128.99
4898,2026-03-01,Kenya,Liboi,KES,129.44
4899,2026-04-01,Kenya,Liboi,KES,130.33
4900,2026-01-01,Kenya,Loboi Center,KES,128.21
4901,2026-02-01,Kenya,Loboi Center,KES,128.99
4902,2026-03-01,Kenya,Loboi Center,KES,129.44
4903,2026-04-01,Kenya,Loboi Center,KES,130.33
4904,2026-01-01,Kenya,Lodungokwe,KES,128.21
4905,2026-02-01,Kenya,Lodungokwe,KES,128.99
4906,2026-03-01,Kenya,Lodungokwe,KES,129.44
4907,2026-04-01,Kenya,Lodungokwe,KES,130.33
4908,2026-01-01,Kenya,Lodwar (Turkana),KES,128.21
4909,2026-02-01,Kenya,Lodwar (Turkana),KES,128.99
4910,2026-03-01,Kenya,Lodwar (Turkana),KES,129.44
4911,2026-04-01,Kenya,Lodwar (Turkana),KES,130.33
4912,2026-01-01,Kenya,Lodwar town,KES,128.21
4913,2026-02-01,Kenya,Lodwar town,KES,128.99
4914,2026-03-01,Kenya,Lodwar town,KES,129.44
4915,2026-04-01,Kenya,Lodwar town,KES,130.33
4916,2026-01-01,Kenya,Loglogo,KES,128.21
4917,2026-02-01,Kenya,Loglogo,KES,128.99
4918,2026-03-01,Kenya,Loglogo,KES,129.44
4919,2026-04-01,Kenya,Loglogo,KES,130.33
4920,2026-01-01,Kenya,Lokangae,KES,128.21
4921,2026-02-01,Kenya,Lokangae,KES,128.99
4922,2026-03-01,Kenya,Lokangae,KES,129.44
4923,2026-04-01,Kenya,Lokangae,KES,130.33
4924,2026-01-01,Kenya,Lokapel,KES,128.21
4925,2026-02-01,Kenya,Lokapel,KES,128.99
4926,2026-03-01,Kenya,Lokapel,KES,129.44
4927,2026-04-01,Kenya,Lokapel,KES,130.33
4928,2026-01-01,Kenya,Lokichar (Turkana),KES,128.21
4929,2026-02-01,Kenya,Lokichar (Turkana),KES,128.99
4930,2026-03-01,Kenya,Lokichar (Turkana),KES,129.44
4931,2026-04-01,Kenya,Lokichar (Turkana),KES,130.33
4932,2026-01-01,Kenya,Lokichoggio,KES,128.21
4933,2026-02-01,Kenya,Lokichoggio,KES,128.99
4934,2026-03-01,Kenya,Lokichoggio,KES,129.44
4935,2026-04-01,Kenya,Lokichoggio,KES,130.33
4936,2026-01-01,Kenya,Lokipoto,KES,128.21
4937,2026-02-01,Kenya,Lokipoto,KES,128.99
4938,2026-03-01,Kenya,Lokipoto,KES,129.44
4939,2026-04-01,Kenya,Lokipoto,KES,130.33
4940,2026-01-01,Kenya,Lokiriama,KES,128.21
4941,2026-02-01,Kenya,Lokiriama,KES,128.99
4942,2026-03-01,Kenya,Lokiriama,KES,129.44
4943,2026-04-01,Kenya,Lokiriama,KES,130.33
4944,2026-01-01,Kenya,Lokitaung,KES,128.21
4945,2026-02-01,Kenya,Lokitaung,KES,128.99
4946,2026-03-01,Kenya,Lokitaung,KES,129.44
4947,2026-04-01,Kenya,Lokitaung,KES,130.33
4948,2026-01-01,Kenya,Lokori,KES,128.21
4949,2026-02-01,Kenya,Lokori,KES,128.99
4950,2026-03-01,Kenya,Lokori,KES,129.44
4951,2026-04-01,Kenya,Lokori,KES,130.33
4952,2026-01-01,Kenya,Lokwii,KES,128.21
4953,2026-02-01,Kenya,Lokwii,KES,128.99
4954,2026-03-01,Kenya,Lokwii,KES,129.44
4955,2026-04-01,Kenya,Lokwii,KES,130.33
4956,2026-01-01,Kenya,Lolkuniyani,KES,128.21
4957,2026-02-01,Kenya,Lolkuniyani,KES,128.99
4958,2026-03-01,Kenya,Lolkuniyani,KES,129.44
4959,2026-04-01,Kenya,Lolkuniyani,KES,130.33
4960,2026-01-01,Kenya,Lolkunono,KES,128.21
4961,2026-02-01,Kenya,Lolkunono,KES,128.99
4962,2026-03-01,Kenya,Lolkunono,KES,129.44
4963,2026-04-01,Kenya,Lolkunono,KES,130.33
4964,2026-01-01,Kenya,Lolupe,KES,128.21
4965,2026-02-01,Kenya,Lolupe,KES,128.99
4966,2026-03-01,Kenya,Lolupe,KES,129.44
4967,2026-04-01,Kenya,Lolupe,KES,130.33
4968,2026-01-01,Kenya,Lomut (West Pokot),KES,128.21
4969,2026-02-01,Kenya,Lomut (West Pokot),KES,128.99
4970,2026-03-01,Kenya,Lomut (West Pokot),KES,129.44
4971,2026-04-01,Kenya,Lomut (West Pokot),KES,130.33
4972,2026-01-01,Kenya,Loosuk,KES,128.21
4973,2026-02-01,Kenya,Loosuk,KES,128.99
4974,2026-03-01,Kenya,Loosuk,KES,129.44
4975,2026-04-01,Kenya,Loosuk,KES,130.33
4976,2026-01-01,Kenya,Lopur,KES,128.21
4977,2026-02-01,Kenya,Lopur,KES,128.99
4978,2026-03-01,Kenya,Lopur,KES,129.44
4979,2026-04-01,Kenya,Lopur,KES,130.33
4980,2026-01-01,Kenya,Lorengipi,KES,128.21
4981,2026-02-01,Kenya,Lorengipi,KES,128.99
4982,2026-03-01,Kenya,Lorengipi,KES,129.44
4983,2026-04-01,Kenya,Lorengipi,KES,130.33
4984,2026-01-01,Kenya,Lororo Centre,KES,128.21
4985,2026-02-01,Kenya,Lororo Centre,KES,128.99
4986,2026-03-01,Kenya,Lororo Centre,KES,129.44
4987,2026-04-01,Kenya,Lororo Centre,KES,130.33
4988,2026-01-01,Kenya,Lorugum,KES,128.21
4989,2026-02-01,Kenya,Lorugum,KES,128.99
4990,2026-03-01,Kenya,Lorugum,KES,129.44
4991,2026-04-01,Kenya,Lorugum,KES,130.33
4992,2026-01-01,Kenya,Lotubae,KES,128.21
4993,2026-02-01,Kenya,Lotubae,KES,128.99
4994,2026-03-01,Kenya,Lotubae,KES,129.44
4995,2026-04-01,Kenya,Lotubae,KES,130.33
4996,2026-01-01,Kenya,Loturerei,KES,128.21
4997,2026-02-01,Kenya,Loturerei,KES,128.99
4998,2026-03-01,Kenya,Loturerei,KES,129.44
4999,2026-04-01,Kenya,Loturerei,KES,130.33
5000,2026-01-01,Kenya,Lowarengak,KES,128.21
5001,2026-02-01,Kenya,Lowarengak,KES,128.99
5002,2026-03-01,Kenya,Lowarengak,KES,129.44
5003,2026-04-01,Kenya,Lowarengak,KES,130.33
5004,2026-01-01,Kenya,Loyangalani,KES,128.21
5005,2026-02-01,Kenya,Loyangalani,KES,128.99
5006,2026-03-01,Kenya,Loyangalani,KES,129.44
5007,2026-04-01,Kenya,Loyangalani,KES,130.33
5008,2026-01-01,Kenya,Lpus,KES,128.21
5009,2026-02-01,Kenya,Lpus,KES,128.99
5010,2026-03-01,Kenya,Lpus,KES,129.44
5011,2026-04-01,Kenya,Lpus,KES,130.33
5012,2026-01-01,Kenya,Maalamin,KES,128.21
5013,2026-02-01,Kenya,Maalamin,KES,128.99
5014,2026-03-01,Kenya,Maalamin,KES,129.44
5015,2026-04-01,Kenya,Maalamin,KES,130.33
5016,2026-01-01,Kenya,Maikona,KES,128.21
5017,2026-02-01,Kenya,Maikona,KES,128.99
5018,2026-03-01,Kenya,Maikona,KES,129.44
5019,2026-04-01,Kenya,Maikona,KES,130.33
5020,2026-01-01,Kenya,Makere,KES,128.21
5021,2026-02-01,Kenya,Makere,KES,128.99
5022,2026-03-01,Kenya,Makere,KES,129.44
5023,2026-04-01,Kenya,Makere,KES,130.33
5024,2026-01-01,Kenya,Makueni,KES,128.21
5025,2026-02-01,Kenya,Makueni,KES,128.99
5026,2026-03-01,Kenya,Makueni,KES,129.44
5027,2026-04-01,Kenya,Makueni,KES,130.33
5028,2026-01-01,Kenya,Makutano (West Pokot),KES,128.21
5029,2026-02-01,Kenya,Makutano (West Pokot),KES,128.99
5030,2026-03-01,Kenya,Makutano (West Pokot),KES,129.44
5031,2026-04-01,Kenya,Makutano (West Pokot),KES,130.33
5032,2026-01-01,Kenya,Malka GALLA,KES,128.21
5033,2026-02-01,Kenya,Malka GALLA,KES,128.99
5034,2026-03-01,Kenya,Malka GALLA,KES,129.44
5035,2026-04-01,Kenya,Malka GALLA,KES,130.33
5036,2026-01-01,Kenya,Malkadaka,KES,128.21
5037,2026-02-01,Kenya,Malkadaka,KES,128.99
5038,2026-03-01,Kenya,Malkadaka,KES,129.44
5039,2026-04-01,Kenya,Malkadaka,KES,130.33
5040,2026-01-01,Kenya,Mandera,KES,128.21
5041,2026-02-01,Kenya,Mandera,KES,128.99
5042,2026-03-01,Kenya,Mandera,KES,129.44
5043,2026-04-01,Kenya,Mandera,KES,130.33
5044,2026-01-01,Kenya,Mandera town,KES,128.21
5045,2026-02-01,Kenya,Mandera town,KES,128.99
5046,2026-03-01,Kenya,Mandera town,KES,129.44
5047,2026-04-01,Kenya,Mandera town,KES,130.33
5048,2026-01-01,Kenya,Maralal,KES,128.21
5049,2026-02-01,Kenya,Maralal,KES,128.99
5050,2026-03-01,Kenya,Maralal,KES,129.44
5051,2026-04-01,Kenya,Maralal,KES,130.33
5052,2026-01-01,Kenya,Marigat (Baringo),KES,128.21
5053,2026-02-01,Kenya,Marigat (Baringo),KES,128.99
5054,2026-03-01,Kenya,Marigat (Baringo),KES,129.44
5055,2026-04-01,Kenya,Marigat (Baringo),KES,130.33
5056,2026-01-01,Kenya,Marigat town (Baringo),KES,128.21
5057,2026-02-01,Kenya,Marigat town (Baringo),KES,128.99
5058,2026-03-01,Kenya,Marigat town (Baringo),KES,129.44
5059,2026-04-01,Kenya,Marigat town (Baringo),KES,130.33
5060,2026-01-01,Kenya,Marsabit,KES,128.21
5061,2026-02-01,Kenya,Marsabit,KES,128.99
5062,2026-03-01,Kenya,Marsabit,KES,129.44
5063,2026-04-01,Kenya,Marsabit,KES,130.33
5064,2026-01-01,Kenya,Marsabit town,KES,128.21
5065,2026-02-01,Kenya,Marsabit town,KES,128.99
5066,2026-03-01,Kenya,Marsabit town,KES,129.44
5067,2026-04-01,Kenya,Marsabit town,KES,130.33
5068,2026-01-01,Kenya,Masalani,KES,128.21
5069,2026-02-01,Kenya,Masalani,KES,128.99
5070,2026-03-01,Kenya,Masalani,KES,129.44
5071,2026-04-01,Kenya,Masalani,KES,130.33
5072,2026-01-01,Kenya,Masikita,KES,128.21
5073,2026-02-01,Kenya,Masikita,KES,128.99
5074,2026-03-01,Kenya,Masikita,KES,129.44
5075,2026-04-01,Kenya,Masikita,KES,130.33
5076,2026-01-01,Kenya,Matanomanne,KES,128.21
5077,2026-02-01,Kenya,Matanomanne,KES,128.99
5078,2026-03-01,Kenya,Matanomanne,KES,129.44
5079,2026-04-01,Kenya,Matanomanne,KES,130.33
5080,2026-01-01,Kenya,Mathare (Nairobi),KES,128.21
5081,2026-02-01,Kenya,Mathare (Nairobi),KES,128.99
5082,2026-03-01,Kenya,Mathare (Nairobi),KES,129.44
5083,2026-04-01,Kenya,Mathare (Nairobi),KES,130.33
5084,2026-01-01,Kenya,Mathaxgesi,KES,128.21
5085,2026-02-01,Kenya,Mathaxgesi,KES,128.99
5086,2026-03-01,Kenya,Mathaxgesi,KES,129.44
5087,2026-04-01,Kenya,Mathaxgesi,KES,130.33
5088,2026-01-01,Kenya,Merille Town,KES,128.21
5089,2026-02-01,Kenya,Merille Town,KES,128.99
5090,2026-03-01,Kenya,Merille Town,KES,129.44
5091,2026-04-01,Kenya,Merille Town,KES,130.33
5092,2026-01-01,Kenya,Merti CENTER,KES,128.21
5093,2026-02-01,Kenya,Merti CENTER,KES,128.99
5094,2026-03-01,Kenya,Merti CENTER,KES,129.44
5095,2026-04-01,Kenya,Merti CENTER,KES,130.33
5096,2026-01-01,Kenya,Meru,KES,128.21
5097,2026-02-01,Kenya,Meru,KES,128.99
5098,2026-03-01,Kenya,Meru,KES,129.44
5099,2026-04-01,Kenya,Meru,KES,130.33
5100,2026-01-01,Kenya,Minjila,KES,128.21
5101,2026-02-01,Kenya,Minjila,KES,128.99
5102,2026-03-01,Kenya,Minjila,KES,129.44
5103,2026-04-01,Kenya,Minjila,KES,130.33
5104,2026-01-01,Kenya,Modogashe,KES,128.21
5105,2026-02-01,Kenya,Modogashe,KES,128.99
5106,2026-03-01,Kenya,Modogashe,KES,129.44
5107,2026-04-01,Kenya,Modogashe,KES,130.33
5108,2026-01-01,Kenya,Mogadishu (Kakuma),KES,128.21
5109,2026-02-01,Kenya,Mogadishu (Kakuma),KES,128.99
5110,2026-03-01,Kenya,Mogadishu (Kakuma),KES,129.44
5111,2026-04-01,Kenya,Mogadishu (Kakuma),KES,130.33
5112,2026-01-01,Kenya,Mombasa,KES,128.21
5113,2026-02-01,Kenya,Mombasa,KES,128.99
5114,2026-03-01,Kenya,Mombasa,KES,129.44
5115,2026-04-01,Kenya,Mombasa,KES,130.33
5116,2026-01-01,Kenya,Moroto (Mombasa),KES,128.21
5117,2026-02-01,Kenya,Moroto (Mombasa),KES,128.99
5118,2026-03-01,Kenya,Moroto (Mombasa),KES,129.44
5119,2026-04-01,Kenya,Moroto (Mombasa),KES,130.33
5120,2026-01-01,Kenya,Morulem,KES,128.21
5121,2026-02-01,Kenya,Morulem,KES,128.99
5122,2026-03-01,Kenya,Morulem,KES,129.44
5123,2026-04-01,Kenya,Morulem,KES,130.33
5124,2026-01-01,Kenya,Moyale town,KES,128.21
5125,2026-02-01,Kenya,Moyale town,KES,128.99
5126,2026-03-01,Kenya,Moyale town,KES,129.44
5127,2026-04-01,Kenya,Moyale town,KES,130.33
5128,2026-01-01,Kenya,Mtito Andei,KES,128.21
5129,2026-02-01,Kenya,Mtito Andei,KES,128.99
5130,2026-03-01,Kenya,Mtito Andei,KES,129.44
5131,2026-04-01,Kenya,Mtito Andei,KES,130.33
5132,2026-01-01,Kenya,Mukuru (Nairobi),KES,128.21
5133,2026-02-01,Kenya,Mukuru (Nairobi),KES,128.99
5134,2026-03-01,Kenya,Mukuru (Nairobi),KES,129.44
5135,2026-04-01,Kenya,Mukuru (Nairobi),KES,130.33
5136,2026-01-01,Kenya,Naakalei,KES,128.21
5137,2026-02-01,Kenya,Naakalei,KES,128.99
5138,2026-03-01,Kenya,Naakalei,KES,129.44
5139,2026-04-01,Kenya,Naakalei,KES,130.33
5140,2026-01-01,Kenya,Nachola,KES,128.21
5141,2026-02-01,Kenya,Nachola,KES,128.99
5142,2026-03-01,Kenya,Nachola,KES,129.44
5143,2026-04-01,Kenya,Nachola,KES,130.33
5144,2026-01-01,Kenya,Naduat,KES,128.21
5145,2026-02-01,Kenya,Naduat,KES,128.99
5146,2026-03-01,Kenya,Naduat,KES,129.44
5147,2026-04-01,Kenya,Naduat,KES,130.33
5148,2026-01-01,Kenya,Nairobi,KES,128.21
5149,2026-02-01,Kenya,Nairobi,KES,128.99
5150,2026-03-01,Kenya,Nairobi,KES,129.44
5151,2026-04-01,Kenya,Nairobi,KES,130.33
5152,2026-01-01,Kenya,Nakinomet,KES,128.21
5153,2026-02-01,Kenya,Nakinomet,KES,128.99
5154,2026-03-01,Kenya,Nakinomet,KES,129.44
5155,2026-04-01,Kenya,Nakinomet,KES,130.33
5156,2026-01-01,Kenya,Nakukulas,KES,128.21
5157,2026-02-01,Kenya,Nakukulas,KES,128.99
5158,2026-03-01,Kenya,Nakukulas,KES,129.44
5159,2026-04-01,Kenya,Nakukulas,KES,130.33
5160,2026-01-01,Kenya,Nakuru,KES,128.21
5161,2026-02-01,Kenya,Nakuru,KES,128.99
5162,2026-03-01,Kenya,Nakuru,KES,129.44
5163,2026-04-01,Kenya,Nakuru,KES,130.33
5164,2026-01-01,Kenya,Namoruputh,KES,128.21
5165,2026-02-01,Kenya,Namoruputh,KES,128.99
5166,2026-03-01,Kenya,Namoruputh,KES,129.44
5167,2026-04-01,Kenya,Namoruputh,KES,130.33
5168,2026-01-01,Kenya,Nanigi,KES,128.21
5169,2026-02-01,Kenya,Nanigi,KES,128.99
5170,2026-03-01,Kenya,Nanigi,KES,129.44
5171,2026-04-01,Kenya,Nanigi,KES,130.33
5172,2026-01-01,Kenya,Napak,KES,128.21
5173,2026-02-01,Kenya,Napak,KES,128.99
5174,2026-03-01,Kenya,Napak,KES,129.44
5175,2026-04-01,Kenya,Napak,KES,130.33
5176,2026-01-01,Kenya,Ngaremara,KES,128.21
5177,2026-02-01,Kenya,Ngaremara,KES,128.99
5178,2026-03-01,Kenya,Ngaremara,KES,129.44
5179,2026-04-01,Kenya,Ngaremara,KES,130.33
5180,2026-01-01,Kenya,Ngilai,KES,128.21
5181,2026-02-01,Kenya,Ngilai,KES,128.99
5182,2026-03-01,Kenya,Ngilai,KES,129.44
5183,2026-04-01,Kenya,Ngilai,KES,130.33
5184,2026-01-01,Kenya,Nginyang,KES,128.21
5185,2026-02-01,Kenya,Nginyang,KES,128.99
5186,2026-03-01,Kenya,Nginyang,KES,129.44
5187,2026-04-01,Kenya,Nginyang,KES,130.33
5188,2026-01-01,Kenya,Ngurunit,KES,128.21
5189,2026-02-01,Kenya,Ngurunit,KES,128.99
5190,2026-03-01,Kenya,Ngurunit,KES,129.44
5191,2026-04-01,Kenya,Ngurunit,KES,130.33
5192,2026-01-01,Kenya,North Horr,KES,128.21
5193,2026-02-01,Kenya,North Horr,KES,128.99
5194,2026-03-01,Kenya,North Horr,KES,129.44
5195,2026-04-01,Kenya,North Horr,KES,130.33
5196,2026-01-01,Kenya,Oldonyiro,KES,128.21
5197,2026-02-01,Kenya,Oldonyiro,KES,128.99
5198,2026-03-01,Kenya,Oldonyiro,KES,129.44
5199,2026-04-01,Kenya,Oldonyiro,KES,130.33
5200,2026-01-01,Kenya,Ongata Rongai,KES,128.21
5201,2026-02-01,Kenya,Ongata Rongai,KES,128.99
5202,2026-03-01,Kenya,Ongata Rongai,KES,129.44
5203,2026-04-01,Kenya,Ongata Rongai,KES,130.33
5204,2026-01-01,Kenya,Porro,KES,128.21
5205,2026-02-01,Kenya,Porro,KES,128.99
5206,2026-03-01,Kenya,Porro,KES,129.44
5207,2026-04-01,Kenya,Porro,KES,130.33
5208,2026-01-01,Kenya,Rhamu,KES,128.21
5209,2026-02-01,Kenya,Rhamu,KES,128.99
5210,2026-03-01,Kenya,Rhamu,KES,129.44
5211,2026-04-01,Kenya,Rhamu,KES,130.33
5212,2026-01-01,Kenya,Saka Town,KES,128.21
5213,2026-02-01,Kenya,Saka Town,KES,128.99
5214,2026-03-01,Kenya,Saka Town,KES,129.44
5215,2026-04-01,Kenya,Saka Town,KES,130.33
5216,2026-01-01,Kenya,Saretho,KES,128.21
5217,2026-02-01,Kenya,Saretho,KES,128.99
5218,2026-03-01,Kenya,Saretho,KES,129.44
5219,2026-04-01,Kenya,Saretho,KES,130.33
5220,2026-01-01,Kenya,Sericho Center,KES,128.21
5221,2026-02-01,Kenya,Sericho Center,KES,128.99
5222,2026-03-01,Kenya,Sericho Center,KES,129.44
5223,2026-04-01,Kenya,Sericho Center,KES,130.33
5224,2026-01-01,Kenya,Shanta Abak,KES,128.21
5225,2026-02-01,Kenya,Shanta Abak,KES,128.99
5226,2026-03-01,Kenya,Shanta Abak,KES,129.44
5227,2026-04-01,Kenya,Shanta Abak,KES,130.33
5228,2026-01-01,Kenya,Shauri Yako,KES,128.21
5229,2026-02-01,Kenya,Shauri Yako,KES,128.99
5230,2026-03-01,Kenya,Shauri Yako,KES,129.44
5231,2026-04-01,Kenya,Shauri Yako,KES,130.33
5232,2026-01-01,Kenya,Shonda (Mombasa),KES,128.21
5233,2026-02-01,Kenya,Shonda (Mombasa),KES,128.99
5234,2026-03-01,Kenya,Shonda (Mombasa),KES,129.44
5235,2026-04-01,Kenya,Shonda (Mombasa),KES,130.33
5236,2026-01-01,Kenya,Simale,KES,128.21
5237,2026-02-01,Kenya,Simale,KES,128.99
5238,2026-03-01,Kenya,Simale,KES,129.44
5239,2026-04-01,Kenya,Simale,KES,130.33
5240,2026-01-01,Kenya,Sololo,KES,128.21
5241,2026-02-01,Kenya,Sololo,KES,128.99
5242,2026-03-01,Kenya,Sololo,KES,129.44
5243,2026-04-01,Kenya,Sololo,KES,130.33
5244,2026-01-01,Kenya,Songa,KES,128.21
5245,2026-02-01,Kenya,Songa,KES,128.99
5246,2026-03-01,Kenya,Songa,KES,129.44
5247,2026-04-01,Kenya,Songa,KES,130.33
5248,2026-01-01,Kenya,Suguta,KES,128.21
5249,2026-02-01,Kenya,Suguta,KES,128.99
5250,2026-03-01,Kenya,Suguta,KES,129.44
5251,2026-04-01,Kenya,Suguta,KES,130.33
5252,2026-01-01,Kenya,Suq Jini,KES,128.21
5253,2026-02-01,Kenya,Suq Jini,KES,128.99
5254,2026-03-01,Kenya,Suq Jini,KES,129.44
5255,2026-04-01,Kenya,Suq Jini,KES,130.33
5256,2026-01-01,Kenya,Taita Taveta,KES,128.21
5257,2026-02-01,Kenya,Taita Taveta,KES,128.99
5258,2026-03-01,Kenya,Taita Taveta,KES,129.44
5259,2026-04-01,Kenya,Taita Taveta,KES,130.33
5260,2026-01-01,Kenya,Takaba (Mandera),KES,128.21
5261,2026-02-01,Kenya,Takaba (Mandera),KES,128.99
5262,2026-03-01,Kenya,Takaba (Mandera),KES,129.44
5263,2026-04-01,Kenya,Takaba (Mandera),KES,130.33
5264,2026-01-01,Kenya,Tala Centre Market (Machakos),KES,128.21
5265,2026-02-01,Kenya,Tala Centre Market (Machakos),KES,128.99
5266,2026-03-01,Kenya,Tala Centre Market (Machakos),KES,129.44
5267,2026-04-01,Kenya,Tala Centre Market (Machakos),KES,130.33
5268,2026-01-01,Kenya,Tarasaa,KES,128.21
5269,2026-02-01,Kenya,Tarasaa,KES,128.99
5270,2026-03-01,Kenya,Tarasaa,KES,129.44
5271,2026-04-01,Kenya,Tarasaa,KES,130.33
5272,2026-01-01,Kenya,Tarbaj,KES,128.21
5273,2026-02-01,Kenya,Tarbaj,KES,128.99
5274,2026-03-01,Kenya,Tarbaj,KES,129.44
5275,2026-04-01,Kenya,Tarbaj,KES,130.33
5276,2026-01-01,Kenya,Tharaka Nithi,KES,128.21
5277,2026-02-01,Kenya,Tharaka Nithi,KES,128.99
5278,2026-03-01,Kenya,Tharaka Nithi,KES,129.44
5279,2026-04-01,Kenya,Tharaka Nithi,KES,130.33
5280,2026-01-01,Kenya,Todonyang,KES,128.21
5281,2026-02-01,Kenya,Todonyang,KES,128.99
5282,2026-03-01,Kenya,Todonyang,KES,129.44
5283,2026-04-01,Kenya,Todonyang,KES,130.33
5284,2026-01-01,Kenya,Turkwel Centre,KES,128.21
5285,2026-02-01,Kenya,Turkwel Centre,KES,128.99
5286,2026-03-01,Kenya,Turkwel Centre,KES,129.44
5287,2026-04-01,Kenya,Turkwel Centre,KES,130.33
5288,2026-01-01,Kenya,Tuum,KES,128.21
5289,2026-02-01,Kenya,Tuum,KES,128.99
5290,2026-03-01,Kenya,Tuum,KES,129.44
5291,2026-04-01,Kenya,Tuum,KES,130.33
5292,2026-01-01,Kenya,Urum,KES,128.21
5293,2026-02-01,Kenya,Urum,KES,128.99
5294,2026-03-01,Kenya,Urum,KES,129.44
5295,2026-04-01,Kenya,Urum,KES,130.33
5296,2026-01-01,Kenya,Vanga (Kwale),KES,128.21
5297,2026-02-01,Kenya,Vanga (Kwale),KES,128.99
5298,2026-03-01,Kenya,Vanga (Kwale),KES,129.44
5299,2026-04-01,Kenya,Vanga (Kwale),KES,130.33
5300,2026-01-01,Kenya,Wajir town,KES,128.21
5301,2026-02-01,Kenya,Wajir town,KES,128.99
5302,2026-03-01,Kenya,Wajir town,KES,129.44
5303,2026-04-01,Kenya,Wajir town,KES,130.33
5304,2026-01-01,Kenya,Wakulima (Nairobi),KES,128.21
5305,2026-02-01,Kenya,Wakulima (Nairobi),KES,128.99
5306,2026-03-01,Kenya,Wakulima (Nairobi),KES,129.44
5307,2026-04-01,Kenya,Wakulima (Nairobi),KES,130.33
5308,2026-01-01,Kenya,Wakulima (Nakuru),KES,128.21
5309,2026-02-01,Kenya,Wakulima (Nakuru),KES,128.99
5310,2026-03-01,Kenya,Wakulima (Nakuru),KES,129.44
5311,2026-04-01,Kenya,Wakulima (Nakuru),KES,130.33
5312,2026-01-01,Kenya,Walda,KES,128.21
5313,2026-02-01,Kenya,Walda,KES,128.99
5314,2026-03-01,Kenya,Walda,KES,129.44
5315,2026-04-01,Kenya,Walda,KES,130.33
5316,2026-01-01,Kenya,Waldena,KES,128.21
5317,2026-02-01,Kenya,Waldena,KES,128.99
5318,2026-03-01,Kenya,Waldena,KES,129.44
5319,2026-04-01,Kenya,Waldena,KES,130.33
5320,2026-01-01,Kenya,Wamba,KES,128.21
5321,2026-02-01,Kenya,Wamba,KES,128.99
5322,2026-03-01,Kenya,Wamba,KES,129.44
5323,2026-04-01,Kenya,Wamba,KES,130.33
5324,2026-01-01,Kenya,Warankara,KES,128.21
5325,2026-02-01,Kenya,Warankara,KES,128.99
5326,2026-03-01,Kenya,Warankara,KES,129.44
5327,2026-04-01,Kenya,Warankara,KES,130.33
5328,2026-01-01,Kenya,Wargadud,KES,128.21
5329,2026-02-01,Kenya,Wargadud,KES,128.99
5330,2026-03-01,Kenya,Wargadud,KES,129.44
5331,2026-04-01,Kenya,Wargadud,KES,130.33
5332,2026-01-01,Kenya,Wayu,KES,128.21
5333,2026-02-01,Kenya,Wayu,KES,128.99
5334,2026-03-01,Kenya,Wayu,KES,129.44
5335,2026-04-01,Kenya,Wayu,KES,130.33
5336,2026-01-01,Kenya,Wote town (Makueni),KES,128.21
5337,2026-02-01,Kenya,Wote town (Makueni),KES,128.99
5338,2026-03-01,Kenya,Wote town (Makueni),KES,129.44
5339,2026-04-01,Kenya,Wote town (Makueni),KES,130.33
5340,2026-01-01,Kenya,Market Average,KES,128.21
5341,2026-02-01,Kenya,Market Average,KES,128.99
5342,2026-03-01,Kenya,Market Average,KES,129.44
5343,2026-04-01,Kenya,Market Average,KES,130.33
5344,2026-01-01,Lao PDR,Attapeu,LAK,21483.0
5345,2026-02-01,Lao PDR,Attapeu,LAK,21454.0
5346,2026-03-01,Lao PDR,Attapeu,LAK,21520.7
5347,2026-04-01,Lao PDR,Attapeu,LAK,21595.16
5348,2026-01-01,Lao PDR,Ban Vieng kham,LAK,21483.0
5349,2026-02-01,Lao PDR,Ban Vieng kham,LAK,21454.0
5350,2026-03-01,Lao PDR,Ban Vieng kham,LAK,21520.7
5351,2026-04-01,Lao PDR,Ban Vieng kham,LAK,21595.16
5352,2026-01-01,Lao PDR,Daoheuang,LAK,21483.0
5353,2026-02-01,Lao PDR,Daoheuang,LAK,21454.0
5354,2026-03-01,Lao PDR,Daoheuang,LAK,21520.7
5355,2026-04-01,Lao PDR,Daoheuang,LAK,21595.16
5356,2026-01-01,Lao PDR,Huoixai,LAK,21483.0
5357,2026-02-01,Lao PDR,Huoixai,LAK,21454.0
5358,2026-03-01,Lao PDR,Huoixai,LAK,21520.7
5359,2026-04-01,Lao PDR,Huoixai,LAK,21595.16
5360,2026-01-01,Lao PDR,Indochina,LAK,21483.0
5361,2026-02-01,Lao PDR,Indochina,LAK,21454.0
5362,2026-03-01,Lao PDR,Indochina,LAK,21520.7
5363,2026-04-01,Lao PDR,Indochina,LAK,21595.16
5364,2026-01-01,Lao PDR,Lak2,LAK,21483.0
5365,2026-02-01,Lao PDR,Lak2,LAK,21454.0
5366,2026-03-01,Lao PDR,Lak2,LAK,21520.7
5367,2026-04-01,Lao PDR,Lak2,LAK,21595.16
5368,2026-01-01,Lao PDR,Nongmengda,LAK,21483.0
5369,2026-02-01,Lao PDR,Nongmengda,LAK,21454.0
5370,2026-03-01,Lao PDR,Nongmengda,LAK,21520.7
5371,2026-04-01,Lao PDR,Nongmengda,LAK,21595.16
5372,2026-01-01,Lao PDR,Phongsaly,LAK,21483.0
5373,2026-02-01,Lao PDR,Phongsaly,LAK,21454.0
5374,2026-03-01,Lao PDR,Phongsaly,LAK,21520.7
5375,2026-04-01,Lao PDR,Phongsaly,LAK,21595.16
5376,2026-01-01,Lao PDR,Phonhong,LAK,21483.0
5377,2026-02-01,Lao PDR,Phonhong,LAK,21454.0
5378,2026-03-01,Lao PDR,Phonhong,LAK,21520.7
5379,2026-04-01,Lao PDR,Phonhong,LAK,21595.16
5380,2026-01-01,Lao PDR,Phonsavan,LAK,21483.0
5381,2026-02-01,Lao PDR,Phonsavan,LAK,21454.0
5382,2026-03-01,Lao PDR,Phonsavan,LAK,21520.7
5383,2026-04-01,Lao PDR,Phonsavan,LAK,21595.16
5384,2026-01-01,Lao PDR,Phosy,LAK,21483.0
5385,2026-02-01,Lao PDR,Phosy,LAK,21454.0
5386,2026-03-01,Lao PDR,Phosy,LAK,21520.7
5387,2026-04-01,Lao PDR,Phosy,LAK,21595.16
5388,2026-01-01,Lao PDR,Saravane,LAK,21483.0
5389,2026-02-01,Lao PDR,Saravane,LAK,21454.0
5390,2026-03-01,Lao PDR,Saravane,LAK,21520.7
5391,2026-04-01,Lao PDR,Saravane,LAK,21595.16
5392,2026-01-01,Lao PDR,Savanxay,LAK,21483.0
5393,2026-02-01,Lao PDR,Savanxay,LAK,21454.0
5394,2026-03-01,Lao PDR,Savanxay,LAK,21520.7
5395,2026-04-01,Lao PDR,Savanxay,LAK,21595.16
5396,2026-01-01,Lao PDR,Sekong,LAK,21483.0
5397,2026-02-01,Lao PDR,Sekong,LAK,21454.0
5398,2026-03-01,Lao PDR,Sekong,LAK,21520.7
5399,2026-04-01,Lao PDR,Sekong,LAK,21595.16
5400,2026-01-01,Lao PDR,Vientiane Municipality,LAK,21483.0
5401,2026-02-01,Lao PDR,Vientiane Municipality,LAK,21454.0
5402,2026-03-01,Lao PDR,Vientiane Municipality,LAK,21520.7
5403,2026-04-01,Lao PDR,Vientiane Municipality,LAK,21595.16
5404,2026-01-01,Lao PDR,Xamneua,LAK,21483.0
5405,2026-02-01,Lao PDR,Xamneua,LAK,21454.0
5406,2026-03-01,Lao PDR,Xamneua,LAK,21520.7
5407,2026-04-01,Lao PDR,Xamneua,LAK,21595.16
5408,2026-01-01,Lao PDR,Xayabury,LAK,21483.0
5409,2026-02-01,Lao PDR,Xayabury,LAK,21454.0
5410,2026-03-01,Lao PDR,Xayabury,LAK,21520.7
5411,2026-04-01,Lao PDR,Xayabury,LAK,21595.16
5412,2026-01-01,Lao PDR,Market Average,LAK,21483.0
5413,2026-02-01,Lao PDR,Market Average,LAK,21454.0
5414,2026-03-01,Lao PDR,Market Average,LAK,21520.7
5415,2026-04-01,Lao PDR,Market Average,LAK,21595.16
5416,2026-01-01,Lebanon,Akkar,LBP,89500.0
5417,2026-02-01,Lebanon,Akkar,LBP,89500.0
5418,2026-03-01,Lebanon,Akkar,LBP,89500.75
5419,2026-04-01,Lebanon,Akkar,LBP,89523.01
5420,2026-01-01,Lebanon,Aley,LBP,89500.0
5421,2026-02-01,Lebanon,Aley,LBP,89500.0
5422,2026-03-01,Lebanon,Aley,LBP,89500.75
5423,2026-04-01,Lebanon,Aley,LBP,89523.01
5424,2026-01-01,Lebanon,Baabda,LBP,89500.0
5425,2026-02-01,Lebanon,Baabda,LBP,89500.0
5426,2026-03-01,Lebanon,Baabda,LBP,89500.75
5427,2026-04-01,Lebanon,Baabda,LBP,89523.01
5428,2026-01-01,Lebanon,Baalbek-El Hermel,LBP,89500.0
5429,2026-02-01,Lebanon,Baalbek-El Hermel,LBP,89500.0
5430,2026-03-01,Lebanon,Baalbek-El Hermel,LBP,89500.75
5431,2026-04-01,Lebanon,Baalbek-El Hermel,LBP,89523.01
5432,2026-01-01,Lebanon,Batroun,LBP,89500.0
5433,2026-02-01,Lebanon,Batroun,LBP,89500.0
5434,2026-03-01,Lebanon,Batroun,LBP,89500.75
5435,2026-04-01,Lebanon,Batroun,LBP,89523.01
5436,2026-01-01,Lebanon,Bechare,LBP,89500.0
5437,2026-02-01,Lebanon,Bechare,LBP,89500.0
5438,2026-03-01,Lebanon,Bechare,LBP,89500.75
5439,2026-04-01,Lebanon,Bechare,LBP,89523.01
5440,2026-01-01,Lebanon,Beirut,LBP,89500.0
5441,2026-02-01,Lebanon,Beirut,LBP,89500.0
5442,2026-03-01,Lebanon,Beirut,LBP,89500.75
5443,2026-04-01,Lebanon,Beirut,LBP,89523.01
5444,2026-01-01,Lebanon,Bekaa,LBP,89500.0
5445,2026-02-01,Lebanon,Bekaa,LBP,89500.0
5446,2026-03-01,Lebanon,Bekaa,LBP,89500.75
5447,2026-04-01,Lebanon,Bekaa,LBP,89523.01
5448,2026-01-01,Lebanon,Bint Jbeil,LBP,89500.0
5449,2026-02-01,Lebanon,Bint Jbeil,LBP,89500.0
5450,2026-03-01,Lebanon,Bint Jbeil,LBP,89500.75
5451,2026-04-01,Lebanon,Bint Jbeil,LBP,89523.01
5452,2026-01-01,Lebanon,Chouf,LBP,89500.0
5453,2026-02-01,Lebanon,Chouf,LBP,89500.0
5454,2026-03-01,Lebanon,Chouf,LBP,89500.75
5455,2026-04-01,Lebanon,Chouf,LBP,89523.01
5456,2026-01-01,Lebanon,El Metn,LBP,89500.0
5457,2026-02-01,Lebanon,El Metn,LBP,89500.0
5458,2026-03-01,Lebanon,El Metn,LBP,89500.75
5459,2026-04-01,Lebanon,El Metn,LBP,89523.01
5460,2026-01-01,Lebanon,El Nabatieh,LBP,89500.0
5461,2026-02-01,Lebanon,El Nabatieh,LBP,89500.0
5462,2026-03-01,Lebanon,El Nabatieh,LBP,89500.75
5463,2026-04-01,Lebanon,El Nabatieh,LBP,89523.01
5464,2026-01-01,Lebanon,Hasbaya,LBP,89500.0
5465,2026-02-01,Lebanon,Hasbaya,LBP,89500.0
5466,2026-03-01,Lebanon,Hasbaya,LBP,89500.75
5467,2026-04-01,Lebanon,Hasbaya,LBP,89523.01
5468,2026-01-01,Lebanon,Hermel,LBP,89500.0
5469,2026-02-01,Lebanon,Hermel,LBP,89500.0
5470,2026-03-01,Lebanon,Hermel,LBP,89500.75
5471,2026-04-01,Lebanon,Hermel,LBP,89523.01
5472,2026-01-01,Lebanon,Jbeil,LBP,89500.0
5473,2026-02-01,Lebanon,Jbeil,LBP,89500.0
5474,2026-03-01,Lebanon,Jbeil,LBP,89500.75
5475,2026-04-01,Lebanon,Jbeil,LBP,89523.01
5476,2026-01-01,Lebanon,Jezzine,LBP,89500.0
5477,2026-02-01,Lebanon,Jezzine,LBP,89500.0
5478,2026-03-01,Lebanon,Jezzine,LBP,89500.75
5479,2026-04-01,Lebanon,Jezzine,LBP,89523.01
5480,2026-01-01,Lebanon,Kesrwane,LBP,89500.0
5481,2026-02-01,Lebanon,Kesrwane,LBP,89500.0
5482,2026-03-01,Lebanon,Kesrwane,LBP,89500.75
5483,2026-04-01,Lebanon,Kesrwane,LBP,89523.01
5484,2026-01-01,Lebanon,Koura,LBP,89500.0
5485,2026-02-01,Lebanon,Koura,LBP,89500.0
5486,2026-03-01,Lebanon,Koura,LBP,89500.75
5487,2026-04-01,Lebanon,Koura,LBP,89523.01
5488,2026-01-01,Lebanon,Marjayoun,LBP,89500.0
5489,2026-02-01,Lebanon,Marjayoun,LBP,89500.0
5490,2026-03-01,Lebanon,Marjayoun,LBP,89500.75
5491,2026-04-01,Lebanon,Marjayoun,LBP,89523.01
5492,2026-01-01,Lebanon,Minieh-Dannieh,LBP,89500.0
5493,2026-02-01,Lebanon,Minieh-Dannieh,LBP,89500.0
5494,2026-03-01,Lebanon,Minieh-Dannieh,LBP,89500.75
5495,2026-04-01,Lebanon,Minieh-Dannieh,LBP,89523.01
5496,2026-01-01,Lebanon,Mount Lebanon,LBP,89500.0
5497,2026-02-01,Lebanon,Mount Lebanon,LBP,89500.0
5498,2026-03-01,Lebanon,Mount Lebanon,LBP,89500.75
5499,2026-04-01,Lebanon,Mount Lebanon,LBP,89523.01
5500,2026-01-01,Lebanon,North,LBP,89500.0
5501,2026-02-01,Lebanon,North,LBP,89500.0
5502,2026-03-01,Lebanon,North,LBP,89500.75
5503,2026-04-01,Lebanon,North,LBP,89523.01
5504,2026-01-01,Lebanon,Rashaya,LBP,89500.0
5505,2026-02-01,Lebanon,Rashaya,LBP,89500.0
5506,2026-03-01,Lebanon,Rashaya,LBP,89500.75
5507,2026-04-01,Lebanon,Rashaya,LBP,89523.01
5508,2026-01-01,Lebanon,Sour,LBP,89500.0
5509,2026-02-01,Lebanon,Sour,LBP,89500.0
5510,2026-03-01,Lebanon,Sour,LBP,89500.75
5511,2026-04-01,Lebanon,Sour,LBP,89523.01
5512,2026-01-01,Lebanon,South,LBP,89500.0
5513,2026-02-01,Lebanon,South,LBP,89500.0
5514,2026-03-01,Lebanon,South,LBP,89500.75
5515,2026-04-01,Lebanon,South,LBP,89523.01
5516,2026-01-01,Lebanon,West Beqaa,LBP,89500.0
5517,2026-02-01,Lebanon,West Beqaa,LBP,89500.0
5518,2026-03-01,Lebanon,West Beqaa,LBP,89500.75
5519,2026-04-01,Lebanon,West Beqaa,LBP,89523.01
5520,2026-01-01,Lebanon,Zgharta,LBP,89500.0
5521,2026-02-01,Lebanon,Zgharta,LBP,89500.0
5522,2026-03-01,Lebanon,Zgharta,LBP,89500.75
5523,2026-04-01,Lebanon,Zgharta,LBP,89523.01
5524,2026-01-01,Lebanon,Market Average,LBP,89500.0
5525,2026-02-01,Lebanon,Market Average,LBP,89500.0
5526,2026-03-01,Lebanon,Market Average,LBP,89500.75
5527,2026-04-01,Lebanon,Market Average,LBP,89523.01
5636,2026-01-01,Libya,Abusliem,LYD,5.71
5637,2026-02-01,Libya,Abusliem,LYD,6.32
5638,2026-03-01,Libya,Abusliem,LYD,6.38
5639,2026-04-01,Libya,Abusliem,LYD,6.44
5640,2026-01-01,Libya,Ain Zara,LYD,5.71
5641,2026-02-01,Libya,Ain Zara,LYD,6.32
5642,2026-03-01,Libya,Ain Zara,LYD,6.38
5643,2026-04-01,Libya,Ain Zara,LYD,6.44
5644,2026-01-01,Libya,Al Aziziya,LYD,5.71
5645,2026-02-01,Libya,Al Aziziya,LYD,6.32
5646,2026-03-01,Libya,Al Aziziya,LYD,6.38
5647,2026-04-01,Libya,Al Aziziya,LYD,6.44
5648,2026-01-01,Libya,Albayda,LYD,5.71
5649,2026-02-01,Libya,Albayda,LYD,6.32
5650,2026-03-01,Libya,Albayda,LYD,6.38
5651,2026-04-01,Libya,Albayda,LYD,6.44
5652,2026-01-01,Libya,Algatroun,LYD,5.71
5653,2026-02-01,Libya,Algatroun,LYD,6.32
5654,2026-03-01,Libya,Algatroun,LYD,6.38
5655,2026-04-01,Libya,Algatroun,LYD,6.44
5656,2026-01-01,Libya,Aljufra,LYD,5.71
5657,2026-02-01,Libya,Aljufra,LYD,6.32
5658,2026-03-01,Libya,Aljufra,LYD,6.38
5659,2026-04-01,Libya,Aljufra,LYD,6.44
5660,2026-01-01,Libya,Alkhums,LYD,5.71
5661,2026-02-01,Libya,Alkhums,LYD,6.32
5662,2026-03-01,Libya,Alkhums,LYD,6.38
5663,2026-04-01,Libya,Alkhums,LYD,6.44
5664,2026-01-01,Libya,Alkufra,LYD,5.71
5665,2026-02-01,Libya,Alkufra,LYD,6.32
5666,2026-03-01,Libya,Alkufra,LYD,6.38
5667,2026-04-01,Libya,Alkufra,LYD,6.44
5668,2026-01-01,Libya,AlMarj,LYD,5.71
5669,2026-02-01,Libya,AlMarj,LYD,6.32
5670,2026-03-01,Libya,AlMarj,LYD,6.38
5671,2026-04-01,Libya,AlMarj,LYD,6.44
5672,2026-01-01,Libya,Ashshgega,LYD,5.71
5673,2026-02-01,Libya,Ashshgega,LYD,6.32
5674,2026-03-01,Libya,Ashshgega,LYD,6.38
5675,2026-04-01,Libya,Ashshgega,LYD,6.44
5676,2026-01-01,Libya,Azzawya,LYD,5.71
5677,2026-02-01,Libya,Azzawya,LYD,6.32
5678,2026-03-01,Libya,Azzawya,LYD,6.38
5679,2026-04-01,Libya,Azzawya,LYD,6.44
5680,2026-01-01,Libya,Azzintan,LYD,5.71
5681,2026-02-01,Libya,Azzintan,LYD,6.32
5682,2026-03-01,Libya,Azzintan,LYD,6.38
5683,2026-04-01,Libya,Azzintan,LYD,6.44
5684,2026-01-01,Libya,Bani Waleed,LYD,5.71
5685,2026-02-01,Libya,Bani Waleed,LYD,6.32
5686,2026-03-01,Libya,Bani Waleed,LYD,6.38
5687,2026-04-01,Libya,Bani Waleed,LYD,6.44
5688,2026-01-01,Libya,Benghazi,LYD,5.71
5689,2026-02-01,Libya,Benghazi,LYD,6.32
5690,2026-03-01,Libya,Benghazi,LYD,6.38
5691,2026-04-01,Libya,Benghazi,LYD,6.44
5692,2026-01-01,Libya,Derna,LYD,5.71
5693,2026-02-01,Libya,Derna,LYD,6.32
5694,2026-03-01,Libya,Derna,LYD,6.38
5695,2026-04-01,Libya,Derna,LYD,6.44
5696,2026-01-01,Libya,Ejdabia,LYD,5.71
5697,2026-02-01,Libya,Ejdabia,LYD,6.32
5698,2026-03-01,Libya,Ejdabia,LYD,6.38
5699,2026-04-01,Libya,Ejdabia,LYD,6.44
5700,2026-01-01,Libya,Ghadamis,LYD,5.71
5701,2026-02-01,Libya,Ghadamis,LYD,6.32
5702,2026-03-01,Libya,Ghadamis,LYD,6.38
5703,2026-04-01,Libya,Ghadamis,LYD,6.44
5704,2026-01-01,Libya,Ghat,LYD,5.71
5705,2026-02-01,Libya,Ghat,LYD,6.32
5706,2026-03-01,Libya,Ghat,LYD,6.38
5707,2026-04-01,Libya,Ghat,LYD,6.44
5708,2026-01-01,Libya,Ghiryan,LYD,5.71
5709,2026-02-01,Libya,Ghiryan,LYD,6.32
5710,2026-03-01,Libya,Ghiryan,LYD,6.38
5711,2026-04-01,Libya,Ghiryan,LYD,6.44
5712,2026-01-01,Libya,Hai Alandalus,LYD,5.71
5713,2026-02-01,Libya,Hai Alandalus,LYD,6.32
5714,2026-03-01,Libya,Hai Alandalus,LYD,6.38
5715,2026-04-01,Libya,Hai Alandalus,LYD,6.44
5716,2026-01-01,Libya,Janzour,LYD,5.71
5717,2026-02-01,Libya,Janzour,LYD,6.32
5718,2026-03-01,Libya,Janzour,LYD,6.38
5719,2026-04-01,Libya,Janzour,LYD,6.44
5720,2026-01-01,Libya,Misrata,LYD,5.71
5721,2026-02-01,Libya,Misrata,LYD,6.32
5722,2026-03-01,Libya,Misrata,LYD,6.38
5723,2026-04-01,Libya,Misrata,LYD,6.44
5724,2026-01-01,Libya,Msallata,LYD,5.71
5725,2026-02-01,Libya,Msallata,LYD,6.32
5726,2026-03-01,Libya,Msallata,LYD,6.38
5727,2026-04-01,Libya,Msallata,LYD,6.44
5728,2026-01-01,Libya,Murzuq,LYD,5.71
5729,2026-02-01,Libya,Murzuq,LYD,6.32
5730,2026-03-01,Libya,Murzuq,LYD,6.38
5731,2026-04-01,Libya,Murzuq,LYD,6.44
5732,2026-01-01,Libya,Nalut,LYD,5.71
5733,2026-02-01,Libya,Nalut,LYD,6.32
5734,2026-03-01,Libya,Nalut,LYD,6.38
5735,2026-04-01,Libya,Nalut,LYD,6.44
5736,2026-01-01,Libya,Sabratha,LYD,5.71
5737,2026-02-01,Libya,Sabratha,LYD,6.32
5738,2026-03-01,Libya,Sabratha,LYD,6.38
5739,2026-04-01,Libya,Sabratha,LYD,6.44
5740,2026-01-01,Libya,Sebha,LYD,5.71
5741,2026-02-01,Libya,Sebha,LYD,6.32
5742,2026-03-01,Libya,Sebha,LYD,6.38
5743,2026-04-01,Libya,Sebha,LYD,6.44
5744,2026-01-01,Libya,Sirt,LYD,5.71
5745,2026-02-01,Libya,Sirt,LYD,6.32
5746,2026-03-01,Libya,Sirt,LYD,6.38
5747,2026-04-01,Libya,Sirt,LYD,6.44
5748,2026-01-01,Libya,Suq Aljumaa,LYD,5.71
5749,2026-02-01,Libya,Suq Aljumaa,LYD,6.32
5750,2026-03-01,Libya,Suq Aljumaa,LYD,6.38
5751,2026-04-01,Libya,Suq Aljumaa,LYD,6.44
5752,2026-01-01,Libya,Suq Aljumaa (FAO location),LYD,5.71
5753,2026-02-01,Libya,Suq Aljumaa (FAO location),LYD,6.32
5754,2026-03-01,Libya,Suq Aljumaa (FAO location),LYD,6.38
5755,2026-04-01,Libya,Suq Aljumaa (FAO location),LYD,6.44
5756,2026-01-01,Libya,Tajoura,LYD,5.71
5757,2026-02-01,Libya,Tajoura,LYD,6.32
5758,2026-03-01,Libya,Tajoura,LYD,6.38
5759,2026-04-01,Libya,Tajoura,LYD,6.44
5760,2026-01-01,Libya,Tarhuna,LYD,5.71
5761,2026-02-01,Libya,Tarhuna,LYD,6.32
5762,2026-03-01,Libya,Tarhuna,LYD,6.38
5763,2026-04-01,Libya,Tarhuna,LYD,6.44
5764,2026-01-01,Libya,Tobruk,LYD,5.71
5765,2026-02-01,Libya,Tobruk,LYD,6.32
5766,2026-03-01,Libya,Tobruk,LYD,6.38
5767,2026-04-01,Libya,Tobruk,LYD,6.44
5768,2026-01-01,Libya,Tripoli center,LYD,5.71
5769,2026-02-01,Libya,Tripoli center,LYD,6.32
5770,2026-03-01,Libya,Tripoli center,LYD,6.38
5771,2026-04-01,Libya,Tripoli center,LYD,6.44
5772,2026-01-01,Libya,Tripoli center (FAO location),LYD,5.71
5773,2026-02-01,Libya,Tripoli center (FAO location),LYD,6.32
5774,2026-03-01,Libya,Tripoli center (FAO location),LYD,6.38
5775,2026-04-01,Libya,Tripoli center (FAO location),LYD,6.44
5776,2026-01-01,Libya,Ubari,LYD,5.71
5777,2026-02-01,Libya,Ubari,LYD,6.32
5778,2026-03-01,Libya,Ubari,LYD,6.38
5779,2026-04-01,Libya,Ubari,LYD,6.44
5780,2026-01-01,Libya,Wadi Alshati,LYD,5.71
5781,2026-02-01,Libya,Wadi Alshati,LYD,6.32
5782,2026-03-01,Libya,Wadi Alshati,LYD,6.38
5783,2026-04-01,Libya,Wadi Alshati,LYD,6.44
5784,2026-01-01,Libya,Wadi Etba,LYD,5.71
5785,2026-02-01,Libya,Wadi Etba,LYD,6.32
5786,2026-03-01,Libya,Wadi Etba,LYD,6.38
5787,2026-04-01,Libya,Wadi Etba,LYD,6.44
5788,2026-01-01,Libya,Yefren,LYD,5.71
5789,2026-02-01,Libya,Yefren,LYD,6.32
5790,2026-03-01,Libya,Yefren,LYD,6.38
5791,2026-04-01,Libya,Yefren,LYD,6.44
5792,2026-01-01,Libya,Zliten,LYD,5.71
5793,2026-02-01,Libya,Zliten,LYD,6.32
5794,2026-03-01,Libya,Zliten,LYD,6.38
5795,2026-04-01,Libya,Zliten,LYD,6.44
5796,2026-01-01,Libya,Zwara,LYD,5.71
5797,2026-02-01,Libya,Zwara,LYD,6.32
5798,2026-03-01,Libya,Zwara,LYD,6.38
5799,2026-04-01,Libya,Zwara,LYD,6.44
5800,2026-01-01,Libya,Market Average,LYD,5.71
5801,2026-02-01,Libya,Market Average,LYD,6.32
5802,2026-03-01,Libya,Market Average,LYD,6.38
5803,2026-04-01,Libya,Market Average,LYD,6.44
5804,2026-01-01,Sri Lanka,Ampara,LKR,308.1
5805,2026-02-01,Sri Lanka,Ampara,LKR,309.42
5806,2026-03-01,Sri Lanka,Ampara,LKR,312.04
5807,2026-04-01,Sri Lanka,Ampara,LKR,314.83
5808,2026-01-01,Sri Lanka,Anuradhapura,LKR,308.1
5809,2026-02-01,Sri Lanka,Anuradhapura,LKR,309.42
5810,2026-03-01,Sri Lanka,Anuradhapura,LKR,312.04
5811,2026-04-01,Sri Lanka,Anuradhapura,LKR,314.83
5812,2026-01-01,Sri Lanka,Badulla,LKR,308.1
5813,2026-02-01,Sri Lanka,Badulla,LKR,309.42
5814,2026-03-01,Sri Lanka,Badulla,LKR,312.04
5815,2026-04-01,Sri Lanka,Badulla,LKR,314.83
5816,2026-01-01,Sri Lanka,Bandarawela,LKR,308.1
5817,2026-02-01,Sri Lanka,Bandarawela,LKR,309.42
5818,2026-03-01,Sri Lanka,Bandarawela,LKR,312.04
5819,2026-04-01,Sri Lanka,Bandarawela,LKR,314.83
5820,2026-01-01,Sri Lanka,Batticaloa,LKR,308.1
5821,2026-02-01,Sri Lanka,Batticaloa,LKR,309.42
5822,2026-03-01,Sri Lanka,Batticaloa,LKR,312.04
5823,2026-04-01,Sri Lanka,Batticaloa,LKR,314.83
5824,2026-01-01,Sri Lanka,Colombo City,LKR,308.1
5825,2026-02-01,Sri Lanka,Colombo City,LKR,309.42
5826,2026-03-01,Sri Lanka,Colombo City,LKR,312.04
5827,2026-04-01,Sri Lanka,Colombo City,LKR,314.83
5828,2026-01-01,Sri Lanka,Dammbagalla,LKR,308.1
5829,2026-02-01,Sri Lanka,Dammbagalla,LKR,309.42
5830,2026-03-01,Sri Lanka,Dammbagalla,LKR,312.04
5831,2026-04-01,Sri Lanka,Dammbagalla,LKR,314.83
5832,2026-01-01,Sri Lanka,Dehiattakandiya,LKR,308.1
5833,2026-02-01,Sri Lanka,Dehiattakandiya,LKR,309.42
5834,2026-03-01,Sri Lanka,Dehiattakandiya,LKR,312.04
5835,2026-04-01,Sri Lanka,Dehiattakandiya,LKR,314.83
5836,2026-01-01,Sri Lanka,Economic Centre - Peliyagoda,LKR,308.1
5837,2026-02-01,Sri Lanka,Economic Centre - Peliyagoda,LKR,309.42
5838,2026-03-01,Sri Lanka,Economic Centre - Peliyagoda,LKR,312.04
5839,2026-04-01,Sri Lanka,Economic Centre - Peliyagoda,LKR,314.83
5840,2026-01-01,Sri Lanka,Economic Centre-Dambulla,LKR,308.1
5841,2026-02-01,Sri Lanka,Economic Centre-Dambulla,LKR,309.42
5842,2026-03-01,Sri Lanka,Economic Centre-Dambulla,LKR,312.04
5843,2026-04-01,Sri Lanka,Economic Centre-Dambulla,LKR,314.83
5844,2026-01-01,Sri Lanka,Economic Centre-Maradagahamula,LKR,308.1
5845,2026-02-01,Sri Lanka,Economic Centre-Maradagahamula,LKR,309.42
5846,2026-03-01,Sri Lanka,Economic Centre-Maradagahamula,LKR,312.04
5847,2026-04-01,Sri Lanka,Economic Centre-Maradagahamula,LKR,314.83
5848,2026-01-01,Sri Lanka,Economic Centre-Pettah,LKR,308.1
5849,2026-02-01,Sri Lanka,Economic Centre-Pettah,LKR,309.42
5850,2026-03-01,Sri Lanka,Economic Centre-Pettah,LKR,312.04
5851,2026-04-01,Sri Lanka,Economic Centre-Pettah,LKR,314.83
5852,2026-01-01,Sri Lanka,Embilipitiya,LKR,308.1
5853,2026-02-01,Sri Lanka,Embilipitiya,LKR,309.42
5854,2026-03-01,Sri Lanka,Embilipitiya,LKR,312.04
5855,2026-04-01,Sri Lanka,Embilipitiya,LKR,314.83
5856,2026-01-01,Sri Lanka,Fish market-Negombo,LKR,308.1
5857,2026-02-01,Sri Lanka,Fish market-Negombo,LKR,309.42
5858,2026-03-01,Sri Lanka,Fish market-Negombo,LKR,312.04
5859,2026-04-01,Sri Lanka,Fish market-Negombo,LKR,314.83
5860,2026-01-01,Sri Lanka,Fish market-Peliyagoda,LKR,308.1
5861,2026-02-01,Sri Lanka,Fish market-Peliyagoda,LKR,309.42
5862,2026-03-01,Sri Lanka,Fish market-Peliyagoda,LKR,312.04
5863,2026-04-01,Sri Lanka,Fish market-Peliyagoda,LKR,314.83
5864,2026-01-01,Sri Lanka,Galenbindunuwewa,LKR,308.1
5865,2026-02-01,Sri Lanka,Galenbindunuwewa,LKR,309.42
5866,2026-03-01,Sri Lanka,Galenbindunuwewa,LKR,312.04
5867,2026-04-01,Sri Lanka,Galenbindunuwewa,LKR,314.83
5868,2026-01-01,Sri Lanka,Galle,LKR,308.1
5869,2026-02-01,Sri Lanka,Galle,LKR,309.42
5870,2026-03-01,Sri Lanka,Galle,LKR,312.04
5871,2026-04-01,Sri Lanka,Galle,LKR,314.83
5872,2026-01-01,Sri Lanka,Gampaha,LKR,308.1
5873,2026-02-01,Sri Lanka,Gampaha,LKR,309.42
5874,2026-03-01,Sri Lanka,Gampaha,LKR,312.04
5875,2026-04-01,Sri Lanka,Gampaha,LKR,314.83
5876,2026-01-01,Sri Lanka,Hambantota,LKR,308.1
5877,2026-02-01,Sri Lanka,Hambantota,LKR,309.42
5878,2026-03-01,Sri Lanka,Hambantota,LKR,312.04
5879,2026-04-01,Sri Lanka,Hambantota,LKR,314.83
5880,2026-01-01,Sri Lanka,Hanguranketha,LKR,308.1
5881,2026-02-01,Sri Lanka,Hanguranketha,LKR,309.42
5882,2026-03-01,Sri Lanka,Hanguranketha,LKR,312.04
5883,2026-04-01,Sri Lanka,Hanguranketha,LKR,314.83
5884,2026-01-01,Sri Lanka,Jaffna,LKR,308.1
5885,2026-02-01,Sri Lanka,Jaffna,LKR,309.42
5886,2026-03-01,Sri Lanka,Jaffna,LKR,312.04
5887,2026-04-01,Sri Lanka,Jaffna,LKR,314.83
5888,2026-01-01,Sri Lanka,Kalutara,LKR,308.1
5889,2026-02-01,Sri Lanka,Kalutara,LKR,309.42
5890,2026-03-01,Sri Lanka,Kalutara,LKR,312.04
5891,2026-04-01,Sri Lanka,Kalutara,LKR,314.83
5892,2026-01-01,Sri Lanka,Kandy,LKR,308.1
5893,2026-02-01,Sri Lanka,Kandy,LKR,309.42
5894,2026-03-01,Sri Lanka,Kandy,LKR,312.04
5895,2026-04-01,Sri Lanka,Kandy,LKR,314.83
5896,2026-01-01,Sri Lanka,Kegalle,LKR,308.1
5897,2026-02-01,Sri Lanka,Kegalle,LKR,309.42
5898,2026-03-01,Sri Lanka,Kegalle,LKR,312.04
5899,2026-04-01,Sri Lanka,Kegalle,LKR,314.83
5900,2026-01-01,Sri Lanka,Keppetipola (DEC},LKR,308.1
5901,2026-02-01,Sri Lanka,Keppetipola (DEC},LKR,309.42
5902,2026-03-01,Sri Lanka,Keppetipola (DEC},LKR,312.04
5903,2026-04-01,Sri Lanka,Keppetipola (DEC},LKR,314.83
5904,2026-01-01,Sri Lanka,Kilinochchi,LKR,308.1
5905,2026-02-01,Sri Lanka,Kilinochchi,LKR,309.42
5906,2026-03-01,Sri Lanka,Kilinochchi,LKR,312.04
5907,2026-04-01,Sri Lanka,Kilinochchi,LKR,314.83
5908,2026-01-01,Sri Lanka,Kurunegala,LKR,308.1
5909,2026-02-01,Sri Lanka,Kurunegala,LKR,309.42
5910,2026-03-01,Sri Lanka,Kurunegala,LKR,312.04
5911,2026-04-01,Sri Lanka,Kurunegala,LKR,314.83
5912,2026-01-01,Sri Lanka,Mannar,LKR,308.1
5913,2026-02-01,Sri Lanka,Mannar,LKR,309.42
5914,2026-03-01,Sri Lanka,Mannar,LKR,312.04
5915,2026-04-01,Sri Lanka,Mannar,LKR,314.83
5916,2026-01-01,Sri Lanka,Matale,LKR,308.1
5917,2026-02-01,Sri Lanka,Matale,LKR,309.42
5918,2026-03-01,Sri Lanka,Matale,LKR,312.04
5919,2026-04-01,Sri Lanka,Matale,LKR,314.83
5920,2026-01-01,Sri Lanka,Matara,LKR,308.1
5921,2026-02-01,Sri Lanka,Matara,LKR,309.42
5922,2026-03-01,Sri Lanka,Matara,LKR,312.04
5923,2026-04-01,Sri Lanka,Matara,LKR,314.83
5924,2026-01-01,Sri Lanka,Meegoda(DEC),LKR,308.1
5925,2026-02-01,Sri Lanka,Meegoda(DEC),LKR,309.42
5926,2026-03-01,Sri Lanka,Meegoda(DEC),LKR,312.04
5927,2026-04-01,Sri Lanka,Meegoda(DEC),LKR,314.83
5928,2026-01-01,Sri Lanka,Monaragala,LKR,308.1
5929,2026-02-01,Sri Lanka,Monaragala,LKR,309.42
5930,2026-03-01,Sri Lanka,Monaragala,LKR,312.04
5931,2026-04-01,Sri Lanka,Monaragala,LKR,314.83
5932,2026-01-01,Sri Lanka,Mulaitivu,LKR,308.1
5933,2026-02-01,Sri Lanka,Mulaitivu,LKR,309.42
5934,2026-03-01,Sri Lanka,Mulaitivu,LKR,312.04
5935,2026-04-01,Sri Lanka,Mulaitivu,LKR,314.83
5936,2026-01-01,Sri Lanka,Mullativu,LKR,308.1
5937,2026-02-01,Sri Lanka,Mullativu,LKR,309.42
5938,2026-03-01,Sri Lanka,Mullativu,LKR,312.04
5939,2026-04-01,Sri Lanka,Mullativu,LKR,314.83
5940,2026-01-01,Sri Lanka,Nikaweratiya,LKR,308.1
5941,2026-02-01,Sri Lanka,Nikaweratiya,LKR,309.42
5942,2026-03-01,Sri Lanka,Nikaweratiya,LKR,312.04
5943,2026-04-01,Sri Lanka,Nikaweratiya,LKR,314.83
5944,2026-01-01,Sri Lanka,Nuwara Eliya,LKR,308.1
5945,2026-02-01,Sri Lanka,Nuwara Eliya,LKR,309.42
5946,2026-03-01,Sri Lanka,Nuwara Eliya,LKR,312.04
5947,2026-04-01,Sri Lanka,Nuwara Eliya,LKR,314.83
5948,2026-01-01,Sri Lanka,Polonnaruwa,LKR,308.1
5949,2026-02-01,Sri Lanka,Polonnaruwa,LKR,309.42
5950,2026-03-01,Sri Lanka,Polonnaruwa,LKR,312.04
5951,2026-04-01,Sri Lanka,Polonnaruwa,LKR,314.83
5952,2026-01-01,Sri Lanka,Puttalam,LKR,308.1
5953,2026-02-01,Sri Lanka,Puttalam,LKR,309.42
5954,2026-03-01,Sri Lanka,Puttalam,LKR,312.04
5955,2026-04-01,Sri Lanka,Puttalam,LKR,314.83
5956,2026-01-01,Sri Lanka,Rathnapura,LKR,308.1
5957,2026-02-01,Sri Lanka,Rathnapura,LKR,309.42
5958,2026-03-01,Sri Lanka,Rathnapura,LKR,312.04
5959,2026-04-01,Sri Lanka,Rathnapura,LKR,314.83
5960,2026-01-01,Sri Lanka,Thambuttegama,LKR,308.1
5961,2026-02-01,Sri Lanka,Thambuttegama,LKR,309.42
5962,2026-03-01,Sri Lanka,Thambuttegama,LKR,312.04
5963,2026-04-01,Sri Lanka,Thambuttegama,LKR,314.83
5964,2026-01-01,Sri Lanka,Tissamaharama,LKR,308.1
5965,2026-02-01,Sri Lanka,Tissamaharama,LKR,309.42
5966,2026-03-01,Sri Lanka,Tissamaharama,LKR,312.04
5967,2026-04-01,Sri Lanka,Tissamaharama,LKR,314.83
5968,2026-01-01,Sri Lanka,Trincomalee,LKR,308.1
5969,2026-02-01,Sri Lanka,Trincomalee,LKR,309.42
5970,2026-03-01,Sri Lanka,Trincomalee,LKR,312.04
5971,2026-04-01,Sri Lanka,Trincomalee,LKR,314.83
5972,2026-01-01,Sri Lanka,Vavuniya,LKR,308.1
5973,2026-02-01,Sri Lanka,Vavuniya,LKR,309.42
5974,2026-03-01,Sri Lanka,Vavuniya,LKR,312.04
5975,2026-04-01,Sri Lanka,Vavuniya,LKR,314.83
5976,2026-01-01,Sri Lanka,Market Average,LKR,308.1
5977,2026-02-01,Sri Lanka,Market Average,LKR,309.42
5978,2026-03-01,Sri Lanka,Market Average,LKR,312.04
5979,2026-04-01,Sri Lanka,Market Average,LKR,314.83
5980,2026-01-01,Madagascar,Alakamisy,MGA,4537.24
5981,2026-02-01,Madagascar,Alakamisy,MGA,4369.62
5982,2026-03-01,Madagascar,Alakamisy,MGA,4169.27
5983,2026-04-01,Madagascar,Alakamisy,MGA,4155.45
5984,2026-01-01,Madagascar,Alaotra Mangoro (Region),MGA,4537.24
5985,2026-02-01,Madagascar,Alaotra Mangoro (Region),MGA,4369.62
5986,2026-03-01,Madagascar,Alaotra Mangoro (Region),MGA,4169.27
5987,2026-04-01,Madagascar,Alaotra Mangoro (Region),MGA,4155.45
5988,2026-01-01,Madagascar,Alatsinainy Ibity,MGA,4537.24
5989,2026-02-01,Madagascar,Alatsinainy Ibity,MGA,4369.62
5990,2026-03-01,Madagascar,Alatsinainy Ibity,MGA,4169.27
5991,2026-04-01,Madagascar,Alatsinainy Ibity,MGA,4155.45
5992,2026-01-01,Madagascar,Ambahatrazo,MGA,4537.24
5993,2026-02-01,Madagascar,Ambahatrazo,MGA,4369.62
5994,2026-03-01,Madagascar,Ambahatrazo,MGA,4169.27
5995,2026-04-01,Madagascar,Ambahatrazo,MGA,4155.45
5996,2026-01-01,Madagascar,Ambahikily,MGA,4537.24
5997,2026-02-01,Madagascar,Ambahikily,MGA,4369.62
5998,2026-03-01,Madagascar,Ambahikily,MGA,4169.27
5999,2026-04-01,Madagascar,Ambahikily,MGA,4155.45
6000,2026-01-01,Madagascar,Ambahita,MGA,4537.24
6001,2026-02-01,Madagascar,Ambahita,MGA,4369.62
6002,2026-03-01,Madagascar,Ambahita,MGA,4169.27
6003,2026-04-01,Madagascar,Ambahita,MGA,4155.45
6004,2026-01-01,Madagascar,Ambahy,MGA,4537.24
6005,2026-02-01,Madagascar,Ambahy,MGA,4369.62
6006,2026-03-01,Madagascar,Ambahy,MGA,4169.27
6007,2026-04-01,Madagascar,Ambahy,MGA,4155.45
6008,2026-01-01,Madagascar,Ambalakazaha,MGA,4537.24
6009,2026-02-01,Madagascar,Ambalakazaha,MGA,4369.62
6010,2026-03-01,Madagascar,Ambalakazaha,MGA,4169.27
6011,2026-04-01,Madagascar,Ambalakazaha,MGA,4155.45
6012,2026-01-01,Madagascar,Ambalaroka,MGA,4537.24
6013,2026-02-01,Madagascar,Ambalaroka,MGA,4369.62
6014,2026-03-01,Madagascar,Ambalaroka,MGA,4169.27
6015,2026-04-01,Madagascar,Ambalaroka,MGA,4155.45
6016,2026-01-01,Madagascar,Ambalasoa,MGA,4537.24
6017,2026-02-01,Madagascar,Ambalasoa,MGA,4369.62
6018,2026-03-01,Madagascar,Ambalasoa,MGA,4169.27
6019,2026-04-01,Madagascar,Ambalasoa,MGA,4155.45
6020,2026-01-01,Madagascar,Ambalatany,MGA,4537.24
6021,2026-02-01,Madagascar,Ambalatany,MGA,4369.62
6022,2026-03-01,Madagascar,Ambalatany,MGA,4169.27
6023,2026-04-01,Madagascar,Ambalatany,MGA,4155.45
6024,2026-01-01,Madagascar,Ambalatsimiviky,MGA,4537.24
6025,2026-02-01,Madagascar,Ambalatsimiviky,MGA,4369.62
6026,2026-03-01,Madagascar,Ambalatsimiviky,MGA,4169.27
6027,2026-04-01,Madagascar,Ambalatsimiviky,MGA,4155.45
6028,2026-01-01,Madagascar,Ambalavato,MGA,4537.24
6029,2026-02-01,Madagascar,Ambalavato,MGA,4369.62
6030,2026-03-01,Madagascar,Ambalavato,MGA,4169.27
6031,2026-04-01,Madagascar,Ambalavato,MGA,4155.45
6032,2026-01-01,Madagascar,Ambalavato Antevato,MGA,4537.24
6033,2026-02-01,Madagascar,Ambalavato Antevato,MGA,4369.62
6034,2026-03-01,Madagascar,Ambalavato Antevato,MGA,4169.27
6035,2026-04-01,Madagascar,Ambalavato Antevato,MGA,4155.45
6036,2026-01-01,Madagascar,Ambalavero,MGA,4537.24
6037,2026-02-01,Madagascar,Ambalavero,MGA,4369.62
6038,2026-03-01,Madagascar,Ambalavero,MGA,4169.27
6039,2026-04-01,Madagascar,Ambalavero,MGA,4155.45
6040,2026-01-01,Madagascar,Ambanisarika,MGA,4537.24
6041,2026-02-01,Madagascar,Ambanisarika,MGA,4369.62
6042,2026-03-01,Madagascar,Ambanisarika,MGA,4169.27
6043,2026-04-01,Madagascar,Ambanisarika,MGA,4155.45
6044,2026-01-01,Madagascar,Ambano,MGA,4537.24
6045,2026-02-01,Madagascar,Ambano,MGA,4369.62
6046,2026-03-01,Madagascar,Ambano,MGA,4169.27
6047,2026-04-01,Madagascar,Ambano,MGA,4155.45
6048,2026-01-01,Madagascar,Ambatofotsy,MGA,4537.24
6049,2026-02-01,Madagascar,Ambatofotsy,MGA,4369.62
6050,2026-03-01,Madagascar,Ambatofotsy,MGA,4169.27
6051,2026-04-01,Madagascar,Ambatofotsy,MGA,4155.45
6052,2026-01-01,Madagascar,Ambatolahy,MGA,4537.24
6053,2026-02-01,Madagascar,Ambatolahy,MGA,4369.62
6054,2026-03-01,Madagascar,Ambatolahy,MGA,4169.27
6055,2026-04-01,Madagascar,Ambatolahy,MGA,4155.45
6056,2026-01-01,Madagascar,Ambatolava,MGA,4537.24
6057,2026-02-01,Madagascar,Ambatolava,MGA,4369.62
6058,2026-03-01,Madagascar,Ambatolava,MGA,4169.27
6059,2026-04-01,Madagascar,Ambatolava,MGA,4155.45
6060,2026-01-01,Madagascar,Ambatomainty,MGA,4537.24
6061,2026-02-01,Madagascar,Ambatomainty,MGA,4369.62
6062,2026-03-01,Madagascar,Ambatomainty,MGA,4169.27
6063,2026-04-01,Madagascar,Ambatomainty,MGA,4155.45
6064,2026-01-01,Madagascar,Ambatomanjaka,MGA,4537.24
6065,2026-02-01,Madagascar,Ambatomanjaka,MGA,4369.62
6066,2026-03-01,Madagascar,Ambatomanjaka,MGA,4169.27
6067,2026-04-01,Madagascar,Ambatomanjaka,MGA,4155.45
6068,2026-01-01,Madagascar,Ambatomanoina,MGA,4537.24
6069,2026-02-01,Madagascar,Ambatomanoina,MGA,4369.62
6070,2026-03-01,Madagascar,Ambatomanoina,MGA,4169.27
6071,2026-04-01,Madagascar,Ambatomanoina,MGA,4155.45
6072,2026-01-01,Madagascar,Ambatomivary,MGA,4537.24
6073,2026-02-01,Madagascar,Ambatomivary,MGA,4369.62
6074,2026-03-01,Madagascar,Ambatomivary,MGA,4169.27
6075,2026-04-01,Madagascar,Ambatomivary,MGA,4155.45
6076,2026-01-01,Madagascar,Ambatosola,MGA,4537.24
6077,2026-02-01,Madagascar,Ambatosola,MGA,4369.62
6078,2026-03-01,Madagascar,Ambatosola,MGA,4169.27
6079,2026-04-01,Madagascar,Ambatosola,MGA,4155.45
6080,2026-01-01,Madagascar,Ambatotsivala,MGA,4537.24
6081,2026-02-01,Madagascar,Ambatotsivala,MGA,4369.62
6082,2026-03-01,Madagascar,Ambatotsivala,MGA,4169.27
6083,2026-04-01,Madagascar,Ambatotsivala,MGA,4155.45
6084,2026-01-01,Madagascar,Ambatry Mitsinjo,MGA,4537.24
6085,2026-02-01,Madagascar,Ambatry Mitsinjo,MGA,4369.62
6086,2026-03-01,Madagascar,Ambatry Mitsinjo,MGA,4169.27
6087,2026-04-01,Madagascar,Ambatry Mitsinjo,MGA,4155.45
6088,2026-01-01,Madagascar,Ambazoa,MGA,4537.24
6089,2026-02-01,Madagascar,Ambazoa,MGA,4369.62
6090,2026-03-01,Madagascar,Ambazoa,MGA,4169.27
6091,2026-04-01,Madagascar,Ambazoa,MGA,4155.45
6092,2026-01-01,Madagascar,Ambiabe,MGA,4537.24
6093,2026-02-01,Madagascar,Ambiabe,MGA,4369.62
6094,2026-03-01,Madagascar,Ambiabe,MGA,4169.27
6095,2026-04-01,Madagascar,Ambiabe,MGA,4155.45
6096,2026-01-01,Madagascar,Ambila,MGA,4537.24
6097,2026-02-01,Madagascar,Ambila,MGA,4369.62
6098,2026-03-01,Madagascar,Ambila,MGA,4169.27
6099,2026-04-01,Madagascar,Ambila,MGA,4155.45
6100,2026-01-01,Madagascar,Ambinanitromby,MGA,4537.24
6101,2026-02-01,Madagascar,Ambinanitromby,MGA,4369.62
6102,2026-03-01,Madagascar,Ambinanitromby,MGA,4169.27
6103,2026-04-01,Madagascar,Ambinanitromby,MGA,4155.45
6104,2026-01-01,Madagascar,Ambinany,MGA,4537.24
6105,2026-02-01,Madagascar,Ambinany,MGA,4369.62
6106,2026-03-01,Madagascar,Ambinany,MGA,4169.27
6107,2026-04-01,Madagascar,Ambinany,MGA,4155.45
6108,2026-01-01,Madagascar,Amboanjo,MGA,4537.24
6109,2026-02-01,Madagascar,Amboanjo,MGA,4369.62
6110,2026-03-01,Madagascar,Amboanjo,MGA,4169.27
6111,2026-04-01,Madagascar,Amboanjo,MGA,4155.45
6112,2026-01-01,Madagascar,Amboasary Sud,MGA,4537.24
6113,2026-02-01,Madagascar,Amboasary Sud,MGA,4369.62
6114,2026-03-01,Madagascar,Amboasary Sud,MGA,4169.27
6115,2026-04-01,Madagascar,Amboasary Sud,MGA,4155.45
6116,2026-01-01,Madagascar,Ambodiara,MGA,4537.24
6117,2026-02-01,Madagascar,Ambodiara,MGA,4369.62
6118,2026-03-01,Madagascar,Ambodiara,MGA,4169.27
6119,2026-04-01,Madagascar,Ambodiara,MGA,4155.45
6120,2026-01-01,Madagascar,Ambodilafa,MGA,4537.24
6121,2026-02-01,Madagascar,Ambodilafa,MGA,4369.62
6122,2026-03-01,Madagascar,Ambodilafa,MGA,4169.27
6123,2026-04-01,Madagascar,Ambodilafa,MGA,4155.45
6124,2026-01-01,Madagascar,Ambodirano,MGA,4537.24
6125,2026-02-01,Madagascar,Ambodirano,MGA,4369.62
6126,2026-03-01,Madagascar,Ambodirano,MGA,4169.27
6127,2026-04-01,Madagascar,Ambodirano,MGA,4155.45
6128,2026-01-01,Madagascar,Ambodirian'I Sahafary,MGA,4537.24
6129,2026-02-01,Madagascar,Ambodirian'I Sahafary,MGA,4369.62
6130,2026-03-01,Madagascar,Ambodirian'I Sahafary,MGA,4169.27
6131,2026-04-01,Madagascar,Ambodirian'I Sahafary,MGA,4155.45
6132,2026-01-01,Madagascar,Ambodiriana,MGA,4537.24
6133,2026-02-01,Madagascar,Ambodiriana,MGA,4369.62
6134,2026-03-01,Madagascar,Ambodiriana,MGA,4169.27
6135,2026-04-01,Madagascar,Ambodiriana,MGA,4155.45
6136,2026-01-01,Madagascar,Ambohibao Sud,MGA,4537.24
6137,2026-02-01,Madagascar,Ambohibao Sud,MGA,4369.62
6138,2026-03-01,Madagascar,Ambohibao Sud,MGA,4169.27
6139,2026-04-01,Madagascar,Ambohibao Sud,MGA,4155.45
6140,2026-01-01,Madagascar,Ambohigogo,MGA,4537.24
6141,2026-02-01,Madagascar,Ambohigogo,MGA,4369.62
6142,2026-03-01,Madagascar,Ambohigogo,MGA,4169.27
6143,2026-04-01,Madagascar,Ambohigogo,MGA,4155.45
6144,2026-01-01,Madagascar,Ambohimahavelona,MGA,4537.24
6145,2026-02-01,Madagascar,Ambohimahavelona,MGA,4369.62
6146,2026-03-01,Madagascar,Ambohimahavelona,MGA,4169.27
6147,2026-04-01,Madagascar,Ambohimahavelona,MGA,4155.45
6148,2026-01-01,Madagascar,Ambohimalaza,MGA,4537.24
6149,2026-02-01,Madagascar,Ambohimalaza,MGA,4369.62
6150,2026-03-01,Madagascar,Ambohimalaza,MGA,4169.27
6151,2026-04-01,Madagascar,Ambohimalaza,MGA,4155.45
6152,2026-01-01,Madagascar,Ambohimalaza Miray,MGA,4537.24
6153,2026-02-01,Madagascar,Ambohimalaza Miray,MGA,4369.62
6154,2026-03-01,Madagascar,Ambohimalaza Miray,MGA,4169.27
6155,2026-04-01,Madagascar,Ambohimalaza Miray,MGA,4155.45
6156,2026-01-01,Madagascar,Ambohimana,MGA,4537.24
6157,2026-02-01,Madagascar,Ambohimana,MGA,4369.62
6158,2026-03-01,Madagascar,Ambohimana,MGA,4169.27
6159,2026-04-01,Madagascar,Ambohimana,MGA,4155.45
6160,2026-01-01,Madagascar,Ambohimanarivo,MGA,4537.24
6161,2026-02-01,Madagascar,Ambohimanarivo,MGA,4369.62
6162,2026-03-01,Madagascar,Ambohimanarivo,MGA,4169.27
6163,2026-04-01,Madagascar,Ambohimanarivo,MGA,4155.45
6164,2026-01-01,Madagascar,Ambohimandroso,MGA,4537.24
6165,2026-02-01,Madagascar,Ambohimandroso,MGA,4369.62
6166,2026-03-01,Madagascar,Ambohimandroso,MGA,4169.27
6167,2026-04-01,Madagascar,Ambohimandroso,MGA,4155.45
6168,2026-01-01,Madagascar,Ambohimanga Du Sud,MGA,4537.24
6169,2026-02-01,Madagascar,Ambohimanga Du Sud,MGA,4369.62
6170,2026-03-01,Madagascar,Ambohimanga Du Sud,MGA,4169.27
6171,2026-04-01,Madagascar,Ambohimanga Du Sud,MGA,4155.45
6172,2026-01-01,Madagascar,Ambohimangakely,MGA,4537.24
6173,2026-02-01,Madagascar,Ambohimangakely,MGA,4369.62
6174,2026-03-01,Madagascar,Ambohimangakely,MGA,4169.27
6175,2026-04-01,Madagascar,Ambohimangakely,MGA,4155.45
6176,2026-01-01,Madagascar,Ambohimisafy,MGA,4537.24
6177,2026-02-01,Madagascar,Ambohimisafy,MGA,4369.62
6178,2026-03-01,Madagascar,Ambohimisafy,MGA,4169.27
6179,2026-04-01,Madagascar,Ambohimisafy,MGA,4155.45
6180,2026-01-01,Madagascar,Ambohinihaonana,MGA,4537.24
6181,2026-02-01,Madagascar,Ambohinihaonana,MGA,4369.62
6182,2026-03-01,Madagascar,Ambohinihaonana,MGA,4169.27
6183,2026-04-01,Madagascar,Ambohinihaonana,MGA,4155.45
6184,2026-01-01,Madagascar,Ambohipandrano,MGA,4537.24
6185,2026-02-01,Madagascar,Ambohipandrano,MGA,4369.62
6186,2026-03-01,Madagascar,Ambohipandrano,MGA,4169.27
6187,2026-04-01,Madagascar,Ambohipandrano,MGA,4155.45
6188,2026-01-01,Madagascar,Ambohitsara Est,MGA,4537.24
6189,2026-02-01,Madagascar,Ambohitsara Est,MGA,4369.62
6190,2026-03-01,Madagascar,Ambohitsara Est,MGA,4169.27
6191,2026-04-01,Madagascar,Ambohitsara Est,MGA,4155.45
6192,2026-01-01,Madagascar,Ambohitsimanova,MGA,4537.24
6193,2026-02-01,Madagascar,Ambohitsimanova,MGA,4369.62
6194,2026-03-01,Madagascar,Ambohitsimanova,MGA,4169.27
6195,2026-04-01,Madagascar,Ambohitsimanova,MGA,4155.45
6196,2026-01-01,Madagascar,Ambolofoty,MGA,4537.24
6197,2026-02-01,Madagascar,Ambolofoty,MGA,4369.62
6198,2026-03-01,Madagascar,Ambolofoty,MGA,4169.27
6199,2026-04-01,Madagascar,Ambolofoty,MGA,4155.45
6200,2026-01-01,Madagascar,Ambolomadinika,MGA,4537.24
6201,2026-02-01,Madagascar,Ambolomadinika,MGA,4369.62
6202,2026-03-01,Madagascar,Ambolomadinika,MGA,4169.27
6203,2026-04-01,Madagascar,Ambolomadinika,MGA,4155.45
6204,2026-01-01,Madagascar,Ambonaivo,MGA,4537.24
6205,2026-02-01,Madagascar,Ambonaivo,MGA,4369.62
6206,2026-03-01,Madagascar,Ambonaivo,MGA,4169.27
6207,2026-04-01,Madagascar,Ambonaivo,MGA,4155.45
6208,2026-01-01,Madagascar,Ambondro,MGA,4537.24
6209,2026-02-01,Madagascar,Ambondro,MGA,4369.62
6210,2026-03-01,Madagascar,Ambondro,MGA,4169.27
6211,2026-04-01,Madagascar,Ambondro,MGA,4155.45
6212,2026-01-01,Madagascar,Ambongo,MGA,4537.24
6213,2026-02-01,Madagascar,Ambongo,MGA,4369.62
6214,2026-03-01,Madagascar,Ambongo,MGA,4169.27
6215,2026-04-01,Madagascar,Ambongo,MGA,4155.45
6216,2026-01-01,Madagascar,Amborombe,MGA,4537.24
6217,2026-02-01,Madagascar,Amborombe,MGA,4369.62
6218,2026-03-01,Madagascar,Amborombe,MGA,4169.27
6219,2026-04-01,Madagascar,Amborombe,MGA,4155.45
6220,2026-01-01,Madagascar,Amborompotsy,MGA,4537.24
6221,2026-02-01,Madagascar,Amborompotsy,MGA,4369.62
6222,2026-03-01,Madagascar,Amborompotsy,MGA,4169.27
6223,2026-04-01,Madagascar,Amborompotsy,MGA,4155.45
6224,2026-01-01,Madagascar,Amboronabo,MGA,4537.24
6225,2026-02-01,Madagascar,Amboronabo,MGA,4369.62
6226,2026-03-01,Madagascar,Amboronabo,MGA,4169.27
6227,2026-04-01,Madagascar,Amboronabo,MGA,4155.45
6228,2026-01-01,Madagascar,Amboropotsy,MGA,4537.24
6229,2026-02-01,Madagascar,Amboropotsy,MGA,4369.62
6230,2026-03-01,Madagascar,Amboropotsy,MGA,4169.27
6231,2026-04-01,Madagascar,Amboropotsy,MGA,4155.45
6232,2026-01-01,Madagascar,Ambovombe-androy,MGA,4537.24
6233,2026-02-01,Madagascar,Ambovombe-androy,MGA,4369.62
6234,2026-03-01,Madagascar,Ambovombe-androy,MGA,4169.27
6235,2026-04-01,Madagascar,Ambovombe-androy,MGA,4155.45
6236,2026-01-01,Madagascar,Amoron'I Mania (Region),MGA,4537.24
6237,2026-02-01,Madagascar,Amoron'I Mania (Region),MGA,4369.62
6238,2026-03-01,Madagascar,Amoron'I Mania (Region),MGA,4169.27
6239,2026-04-01,Madagascar,Amoron'I Mania (Region),MGA,4155.45
6240,2026-01-01,Madagascar,Ampamata,MGA,4537.24
6241,2026-02-01,Madagascar,Ampamata,MGA,4369.62
6242,2026-03-01,Madagascar,Ampamata,MGA,4169.27
6243,2026-04-01,Madagascar,Ampamata,MGA,4155.45
6244,2026-01-01,Madagascar,Ampaneva,MGA,4537.24
6245,2026-02-01,Madagascar,Ampaneva,MGA,4369.62
6246,2026-03-01,Madagascar,Ampaneva,MGA,4169.27
6247,2026-04-01,Madagascar,Ampaneva,MGA,4155.45
6248,2026-01-01,Madagascar,Ampanihy,MGA,4537.24
6249,2026-02-01,Madagascar,Ampanihy,MGA,4369.62
6250,2026-03-01,Madagascar,Ampanihy,MGA,4169.27
6251,2026-04-01,Madagascar,Ampanihy,MGA,4155.45
6252,2026-01-01,Madagascar,Amparaky,MGA,4537.24
6253,2026-02-01,Madagascar,Amparaky,MGA,4369.62
6254,2026-03-01,Madagascar,Amparaky,MGA,4169.27
6255,2026-04-01,Madagascar,Amparaky,MGA,4155.45
6256,2026-01-01,Madagascar,Ampasimalemy,MGA,4537.24
6257,2026-02-01,Madagascar,Ampasimalemy,MGA,4369.62
6258,2026-03-01,Madagascar,Ampasimalemy,MGA,4169.27
6259,2026-04-01,Madagascar,Ampasimalemy,MGA,4155.45
6260,2026-01-01,Madagascar,Ampasimanjeva,MGA,4537.24
6261,2026-02-01,Madagascar,Ampasimanjeva,MGA,4369.62
6262,2026-03-01,Madagascar,Ampasimanjeva,MGA,4169.27
6263,2026-04-01,Madagascar,Ampasimanjeva,MGA,4155.45
6264,2026-01-01,Madagascar,Ampasinambo,MGA,4537.24
6265,2026-02-01,Madagascar,Ampasinambo,MGA,4369.62
6266,2026-03-01,Madagascar,Ampasinambo,MGA,4169.27
6267,2026-04-01,Madagascar,Ampasinambo,MGA,4155.45
6268,2026-01-01,Madagascar,Ampasindava,MGA,4537.24
6269,2026-02-01,Madagascar,Ampasindava,MGA,4369.62
6270,2026-03-01,Madagascar,Ampasindava,MGA,4169.27
6271,2026-04-01,Madagascar,Ampasindava,MGA,4155.45
6272,2026-01-01,Madagascar,Ampasy Nahampoana,MGA,4537.24
6273,2026-02-01,Madagascar,Ampasy Nahampoana,MGA,4369.62
6274,2026-03-01,Madagascar,Ampasy Nahampoana,MGA,4169.27
6275,2026-04-01,Madagascar,Ampasy Nahampoana,MGA,4155.45
6276,2026-01-01,Madagascar,Ampataka,MGA,4537.24
6277,2026-02-01,Madagascar,Ampataka,MGA,4369.62
6278,2026-03-01,Madagascar,Ampataka,MGA,4169.27
6279,2026-04-01,Madagascar,Ampataka,MGA,4155.45
6280,2026-01-01,Madagascar,Ampefy,MGA,4537.24
6281,2026-02-01,Madagascar,Ampefy,MGA,4369.62
6282,2026-03-01,Madagascar,Ampefy,MGA,4169.27
6283,2026-04-01,Madagascar,Ampefy,MGA,4155.45
6284,2026-01-01,Madagascar,Anakao,MGA,4537.24
6285,2026-02-01,Madagascar,Anakao,MGA,4369.62
6286,2026-03-01,Madagascar,Anakao,MGA,4169.27
6287,2026-04-01,Madagascar,Anakao,MGA,4155.45
6288,2026-01-01,Madagascar,Analamanga (Region),MGA,4537.24
6289,2026-02-01,Madagascar,Analamanga (Region),MGA,4369.62
6290,2026-03-01,Madagascar,Analamanga (Region),MGA,4169.27
6291,2026-04-01,Madagascar,Analamanga (Region),MGA,4155.45
6292,2026-01-01,Madagascar,Analamary,MGA,4537.24
6293,2026-02-01,Madagascar,Analamary,MGA,4369.62
6294,2026-03-01,Madagascar,Analamary,MGA,4169.27
6295,2026-04-01,Madagascar,Analamary,MGA,4155.45
6296,2026-01-01,Madagascar,Analamary Bepia,MGA,4537.24
6297,2026-02-01,Madagascar,Analamary Bepia,MGA,4369.62
6298,2026-03-01,Madagascar,Analamary Bepia,MGA,4169.27
6299,2026-04-01,Madagascar,Analamary Bepia,MGA,4155.45
6300,2026-01-01,Madagascar,Analamisampy,MGA,4537.24
6301,2026-02-01,Madagascar,Analamisampy,MGA,4369.62
6302,2026-03-01,Madagascar,Analamisampy,MGA,4169.27
6303,2026-04-01,Madagascar,Analamisampy,MGA,4155.45
6304,2026-01-01,Madagascar,Analampasina,MGA,4537.24
6305,2026-02-01,Madagascar,Analampasina,MGA,4369.62
6306,2026-03-01,Madagascar,Analampasina,MGA,4169.27
6307,2026-04-01,Madagascar,Analampasina,MGA,4155.45
6308,2026-01-01,Madagascar,Analanjirofo (Region),MGA,4537.24
6309,2026-02-01,Madagascar,Analanjirofo (Region),MGA,4369.62
6310,2026-03-01,Madagascar,Analanjirofo (Region),MGA,4169.27
6311,2026-04-01,Madagascar,Analanjirofo (Region),MGA,4155.45
6312,2026-01-01,Madagascar,Analapatsy,MGA,4537.24
6313,2026-02-01,Madagascar,Analapatsy,MGA,4369.62
6314,2026-03-01,Madagascar,Analapatsy,MGA,4169.27
6315,2026-04-01,Madagascar,Analapatsy,MGA,4155.45
6316,2026-01-01,Madagascar,Analavory,MGA,4537.24
6317,2026-02-01,Madagascar,Analavory,MGA,4369.62
6318,2026-03-01,Madagascar,Analavory,MGA,4169.27
6319,2026-04-01,Madagascar,Analavory,MGA,4155.45
6320,2026-01-01,Madagascar,Anandravy,MGA,4537.24
6321,2026-02-01,Madagascar,Anandravy,MGA,4369.62
6322,2026-03-01,Madagascar,Anandravy,MGA,4169.27
6323,2026-04-01,Madagascar,Anandravy,MGA,4155.45
6324,2026-01-01,Madagascar,Anavoha,MGA,4537.24
6325,2026-02-01,Madagascar,Anavoha,MGA,4369.62
6326,2026-03-01,Madagascar,Anavoha,MGA,4169.27
6327,2026-04-01,Madagascar,Anavoha,MGA,4155.45
6328,2026-01-01,Madagascar,Andakana,MGA,4537.24
6329,2026-02-01,Madagascar,Andakana,MGA,4369.62
6330,2026-03-01,Madagascar,Andakana,MGA,4169.27
6331,2026-04-01,Madagascar,Andakana,MGA,4155.45
6332,2026-01-01,Madagascar,Andalatanosy,MGA,4537.24
6333,2026-02-01,Madagascar,Andalatanosy,MGA,4369.62
6334,2026-03-01,Madagascar,Andalatanosy,MGA,4169.27
6335,2026-04-01,Madagascar,Andalatanosy,MGA,4155.45
6336,2026-01-01,Madagascar,Andamasiny Vineta,MGA,4537.24
6337,2026-02-01,Madagascar,Andamasiny Vineta,MGA,4369.62
6338,2026-03-01,Madagascar,Andamasiny Vineta,MGA,4169.27
6339,2026-04-01,Madagascar,Andamasiny Vineta,MGA,4155.45
6340,2026-01-01,Madagascar,Andara,MGA,4537.24
6341,2026-02-01,Madagascar,Andara,MGA,4369.62
6342,2026-03-01,Madagascar,Andara,MGA,4169.27
6343,2026-04-01,Madagascar,Andara,MGA,4155.45
6344,2026-01-01,Madagascar,Andemaka,MGA,4537.24
6345,2026-02-01,Madagascar,Andemaka,MGA,4369.62
6346,2026-03-01,Madagascar,Andemaka,MGA,4169.27
6347,2026-04-01,Madagascar,Andemaka,MGA,4155.45
6348,2026-01-01,Madagascar,Andonabe,MGA,4537.24
6349,2026-02-01,Madagascar,Andonabe,MGA,4369.62
6350,2026-03-01,Madagascar,Andonabe,MGA,4169.27
6351,2026-04-01,Madagascar,Andonabe,MGA,4155.45
6352,2026-01-01,Madagascar,Andragnanivo,MGA,4537.24
6353,2026-02-01,Madagascar,Andragnanivo,MGA,4369.62
6354,2026-03-01,Madagascar,Andragnanivo,MGA,4169.27
6355,2026-04-01,Madagascar,Andragnanivo,MGA,4155.45
6356,2026-01-01,Madagascar,Andranambolava,MGA,4537.24
6357,2026-02-01,Madagascar,Andranambolava,MGA,4369.62
6358,2026-03-01,Madagascar,Andranambolava,MGA,4169.27
6359,2026-04-01,Madagascar,Andranambolava,MGA,4155.45
6360,2026-01-01,Madagascar,Andranobory,MGA,4537.24
6361,2026-02-01,Madagascar,Andranobory,MGA,4369.62
6362,2026-03-01,Madagascar,Andranobory,MGA,4169.27
6363,2026-04-01,Madagascar,Andranobory,MGA,4155.45
6364,2026-01-01,Madagascar,Andranolalina,MGA,4537.24
6365,2026-02-01,Madagascar,Andranolalina,MGA,4369.62
6366,2026-03-01,Madagascar,Andranolalina,MGA,4169.27
6367,2026-04-01,Madagascar,Andranolalina,MGA,4155.45
6368,2026-01-01,Madagascar,Andranolava,MGA,4537.24
6369,2026-02-01,Madagascar,Andranolava,MGA,4369.62
6370,2026-03-01,Madagascar,Andranolava,MGA,4169.27
6371,2026-04-01,Madagascar,Andranolava,MGA,4155.45
6372,2026-01-01,Madagascar,Andranomangatsiaka,MGA,4537.24
6373,2026-02-01,Madagascar,Andranomangatsiaka,MGA,4369.62
6374,2026-03-01,Madagascar,Andranomangatsiaka,MGA,4169.27
6375,2026-04-01,Madagascar,Andranomangatsiaka,MGA,4155.45
6376,2026-01-01,Madagascar,Andranomavo,MGA,4537.24
6377,2026-02-01,Madagascar,Andranomavo,MGA,4369.62
6378,2026-03-01,Madagascar,Andranomavo,MGA,4169.27
6379,2026-04-01,Madagascar,Andranomavo,MGA,4155.45
6380,2026-01-01,Madagascar,Andranovory,MGA,4537.24
6381,2026-02-01,Madagascar,Andranovory,MGA,4369.62
6382,2026-03-01,Madagascar,Andranovory,MGA,4169.27
6383,2026-04-01,Madagascar,Andranovory,MGA,4155.45
6384,2026-01-01,Madagascar,Andriandampy,MGA,4537.24
6385,2026-02-01,Madagascar,Andriandampy,MGA,4369.62
6386,2026-03-01,Madagascar,Andriandampy,MGA,4169.27
6387,2026-04-01,Madagascar,Andriandampy,MGA,4155.45
6388,2026-01-01,Madagascar,Androimpano,MGA,4537.24
6389,2026-02-01,Madagascar,Androimpano,MGA,4369.62
6390,2026-03-01,Madagascar,Androimpano,MGA,4169.27
6391,2026-04-01,Madagascar,Androimpano,MGA,4155.45
6392,2026-01-01,Madagascar,Androka,MGA,4537.24
6393,2026-02-01,Madagascar,Androka,MGA,4369.62
6394,2026-03-01,Madagascar,Androka,MGA,4169.27
6395,2026-04-01,Madagascar,Androka,MGA,4155.45
6396,2026-01-01,Madagascar,Androrangavola,MGA,4537.24
6397,2026-02-01,Madagascar,Androrangavola,MGA,4369.62
6398,2026-03-01,Madagascar,Androrangavola,MGA,4169.27
6399,2026-04-01,Madagascar,Androrangavola,MGA,4155.45
6400,2026-01-01,Madagascar,Androy (Region),MGA,4537.24
6401,2026-02-01,Madagascar,Androy (Region),MGA,4369.62
6402,2026-03-01,Madagascar,Androy (Region),MGA,4169.27
6403,2026-04-01,Madagascar,Androy (Region),MGA,4155.45
6404,2026-01-01,Madagascar,Anilobe,MGA,4537.24
6405,2026-02-01,Madagascar,Anilobe,MGA,4369.62
6406,2026-03-01,Madagascar,Anilobe,MGA,4169.27
6407,2026-04-01,Madagascar,Anilobe,MGA,4155.45
6408,2026-01-01,Madagascar,Anivorano Mitsinjo,MGA,4537.24
6409,2026-02-01,Madagascar,Anivorano Mitsinjo,MGA,4369.62
6410,2026-03-01,Madagascar,Anivorano Mitsinjo,MGA,4169.27
6411,2026-04-01,Madagascar,Anivorano Mitsinjo,MGA,4155.45
6412,2026-01-01,Madagascar,Anja Nord,MGA,4537.24
6413,2026-02-01,Madagascar,Anja Nord,MGA,4369.62
6414,2026-03-01,Madagascar,Anja Nord,MGA,4169.27
6415,2026-04-01,Madagascar,Anja Nord,MGA,4155.45
6416,2026-01-01,Madagascar,Anjamarotea,MGA,4537.24
6417,2026-02-01,Madagascar,Anjamarotea,MGA,4369.62
6418,2026-03-01,Madagascar,Anjamarotea,MGA,4169.27
6419,2026-04-01,Madagascar,Anjamarotea,MGA,4155.45
6420,2026-01-01,Madagascar,Anjapaly,MGA,4537.24
6421,2026-02-01,Madagascar,Anjapaly,MGA,4369.62
6422,2026-03-01,Madagascar,Anjapaly,MGA,4169.27
6423,2026-04-01,Madagascar,Anjapaly,MGA,4155.45
6424,2026-01-01,Madagascar,Anjeky Ankilikira,MGA,4537.24
6425,2026-02-01,Madagascar,Anjeky Ankilikira,MGA,4369.62
6426,2026-03-01,Madagascar,Anjeky Ankilikira,MGA,4169.27
6427,2026-04-01,Madagascar,Anjeky Ankilikira,MGA,4155.45
6428,2026-01-01,Madagascar,Anjozorobe,MGA,4537.24
6429,2026-02-01,Madagascar,Anjozorobe,MGA,4369.62
6430,2026-03-01,Madagascar,Anjozorobe,MGA,4169.27
6431,2026-04-01,Madagascar,Anjozorobe,MGA,4155.45
6432,2026-01-01,Madagascar,Ankaramena,MGA,4537.24
6433,2026-02-01,Madagascar,Ankaramena,MGA,4369.62
6434,2026-03-01,Madagascar,Ankaramena,MGA,4169.27
6435,2026-04-01,Madagascar,Ankaramena,MGA,4155.45
6436,2026-01-01,Madagascar,Ankaranabo Nord,MGA,4537.24
6437,2026-02-01,Madagascar,Ankaranabo Nord,MGA,4369.62
6438,2026-03-01,Madagascar,Ankaranabo Nord,MGA,4169.27
6439,2026-04-01,Madagascar,Ankaranabo Nord,MGA,4155.45
6440,2026-01-01,Madagascar,Ankariera,MGA,4537.24
6441,2026-02-01,Madagascar,Ankariera,MGA,4369.62
6442,2026-03-01,Madagascar,Ankariera,MGA,4169.27
6443,2026-04-01,Madagascar,Ankariera,MGA,4155.45
6444,2026-01-01,Madagascar,Ankarimbary,MGA,4537.24
6445,2026-02-01,Madagascar,Ankarimbary,MGA,4369.62
6446,2026-03-01,Madagascar,Ankarimbary,MGA,4169.27
6447,2026-04-01,Madagascar,Ankarimbary,MGA,4155.45
6448,2026-01-01,Madagascar,Ankarimbelo,MGA,4537.24
6449,2026-02-01,Madagascar,Ankarimbelo,MGA,4369.62
6450,2026-03-01,Madagascar,Ankarimbelo,MGA,4169.27
6451,2026-04-01,Madagascar,Ankarimbelo,MGA,4155.45
6452,2026-01-01,Madagascar,Ankatafana,MGA,4537.24
6453,2026-02-01,Madagascar,Ankatafana,MGA,4369.62
6454,2026-03-01,Madagascar,Ankatafana,MGA,4169.27
6455,2026-04-01,Madagascar,Ankatafana,MGA,4155.45
6456,2026-01-01,Madagascar,Ankatsakantsa atsimo_Nosy Ambositra,MGA,4537.24
6457,2026-02-01,Madagascar,Ankatsakantsa atsimo_Nosy Ambositra,MGA,4369.62
6458,2026-03-01,Madagascar,Ankatsakantsa atsimo_Nosy Ambositra,MGA,4169.27
6459,2026-04-01,Madagascar,Ankatsakantsa atsimo_Nosy Ambositra,MGA,4155.45
6460,2026-01-01,Madagascar,Ankazoabo Sud,MGA,4537.24
6461,2026-02-01,Madagascar,Ankazoabo Sud,MGA,4369.62
6462,2026-03-01,Madagascar,Ankazoabo Sud,MGA,4169.27
6463,2026-04-01,Madagascar,Ankazoabo Sud,MGA,4155.45
6464,2026-01-01,Madagascar,Ankazomanga Ouest,MGA,4537.24
6465,2026-02-01,Madagascar,Ankazomanga Ouest,MGA,4369.62
6466,2026-03-01,Madagascar,Ankazomanga Ouest,MGA,4169.27
6467,2026-04-01,Madagascar,Ankazomanga Ouest,MGA,4155.45
6468,2026-01-01,Madagascar,Ankazombalala,MGA,4537.24
6469,2026-02-01,Madagascar,Ankazombalala,MGA,4369.62
6470,2026-03-01,Madagascar,Ankazombalala,MGA,4169.27
6471,2026-04-01,Madagascar,Ankazombalala,MGA,4155.45
6472,2026-01-01,Madagascar,Ankazovelo,MGA,4537.24
6473,2026-02-01,Madagascar,Ankazovelo,MGA,4369.62
6474,2026-03-01,Madagascar,Ankazovelo,MGA,4169.27
6475,2026-04-01,Madagascar,Ankazovelo,MGA,4155.45
6476,2026-01-01,Madagascar,Ankeriky,MGA,4537.24
6477,2026-02-01,Madagascar,Ankeriky,MGA,4369.62
6478,2026-03-01,Madagascar,Ankeriky,MGA,4169.27
6479,2026-04-01,Madagascar,Ankeriky,MGA,4155.45
6480,2026-01-01,Madagascar,Ankiliabo,MGA,4537.24
6481,2026-02-01,Madagascar,Ankiliabo,MGA,4369.62
6482,2026-03-01,Madagascar,Ankiliabo,MGA,4169.27
6483,2026-04-01,Madagascar,Ankiliabo,MGA,4155.45
6484,2026-01-01,Madagascar,Ankililoaka,MGA,4537.24
6485,2026-02-01,Madagascar,Ankililoaka,MGA,4369.62
6486,2026-03-01,Madagascar,Ankililoaka,MGA,4169.27
6487,2026-04-01,Madagascar,Ankililoaka,MGA,4155.45
6488,2026-01-01,Madagascar,Ankilimalinike,MGA,4537.24
6489,2026-02-01,Madagascar,Ankilimalinike,MGA,4369.62
6490,2026-03-01,Madagascar,Ankilimalinike,MGA,4169.27
6491,2026-04-01,Madagascar,Ankilimalinike,MGA,4155.45
6492,2026-01-01,Madagascar,Ankilimary,MGA,4537.24
6493,2026-02-01,Madagascar,Ankilimary,MGA,4369.62
6494,2026-03-01,Madagascar,Ankilimary,MGA,4169.27
6495,2026-04-01,Madagascar,Ankilimary,MGA,4155.45
6496,2026-01-01,Madagascar,Ankilimivory,MGA,4537.24
6497,2026-02-01,Madagascar,Ankilimivory,MGA,4369.62
6498,2026-03-01,Madagascar,Ankilimivory,MGA,4169.27
6499,2026-04-01,Madagascar,Ankilimivory,MGA,4155.45
6500,2026-01-01,Madagascar,Ankilivalo,MGA,4537.24
6501,2026-02-01,Madagascar,Ankilivalo,MGA,4369.62
6502,2026-03-01,Madagascar,Ankilivalo,MGA,4169.27
6503,2026-04-01,Madagascar,Ankilivalo,MGA,4155.45
6504,2026-01-01,Madagascar,Ankilivalokely,MGA,4537.24
6505,2026-02-01,Madagascar,Ankilivalokely,MGA,4369.62
6506,2026-03-01,Madagascar,Ankilivalokely,MGA,4169.27
6507,2026-04-01,Madagascar,Ankilivalokely,MGA,4155.45
6508,2026-01-01,Madagascar,Ankilizato,MGA,4537.24
6509,2026-02-01,Madagascar,Ankilizato,MGA,4369.62
6510,2026-03-01,Madagascar,Ankilizato,MGA,4169.27
6511,2026-04-01,Madagascar,Ankilizato,MGA,4155.45
6512,2026-01-01,Madagascar,Ankisabe,MGA,4537.24
6513,2026-02-01,Madagascar,Ankisabe,MGA,4369.62
6514,2026-03-01,Madagascar,Ankisabe,MGA,4169.27
6515,2026-04-01,Madagascar,Ankisabe,MGA,4155.45
6516,2026-01-01,Madagascar,Anoloka,MGA,4537.24
6517,2026-02-01,Madagascar,Anoloka,MGA,4369.62
6518,2026-03-01,Madagascar,Anoloka,MGA,4169.27
6519,2026-04-01,Madagascar,Anoloka,MGA,4155.45
6520,2026-01-01,Madagascar,Anosiala,MGA,4537.24
6521,2026-02-01,Madagascar,Anosiala,MGA,4369.62
6522,2026-03-01,Madagascar,Anosiala,MGA,4169.27
6523,2026-04-01,Madagascar,Anosiala,MGA,4155.45
6524,2026-01-01,Madagascar,Anosibe Ifanja,MGA,4537.24
6525,2026-02-01,Madagascar,Anosibe Ifanja,MGA,4369.62
6526,2026-03-01,Madagascar,Anosibe Ifanja,MGA,4169.27
6527,2026-04-01,Madagascar,Anosibe Ifanja,MGA,4155.45
6528,2026-01-01,Madagascar,Anosimparihy,MGA,4537.24
6529,2026-02-01,Madagascar,Anosimparihy,MGA,4369.62
6530,2026-03-01,Madagascar,Anosimparihy,MGA,4169.27
6531,2026-04-01,Madagascar,Anosimparihy,MGA,4155.45
6532,2026-01-01,Madagascar,Anosivelo,MGA,4537.24
6533,2026-02-01,Madagascar,Anosivelo,MGA,4369.62
6534,2026-03-01,Madagascar,Anosivelo,MGA,4169.27
6535,2026-04-01,Madagascar,Anosivelo,MGA,4155.45
6536,2026-01-01,Madagascar,Anosy (Region),MGA,4537.24
6537,2026-02-01,Madagascar,Anosy (Region),MGA,4369.62
6538,2026-03-01,Madagascar,Anosy (Region),MGA,4169.27
6539,2026-04-01,Madagascar,Anosy (Region),MGA,4155.45
6540,2026-01-01,Madagascar,Anosy Tsararafa,MGA,4537.24
6541,2026-02-01,Madagascar,Anosy Tsararafa,MGA,4369.62
6542,2026-03-01,Madagascar,Anosy Tsararafa,MGA,4169.27
6543,2026-04-01,Madagascar,Anosy Tsararafa,MGA,4155.45
6544,2026-01-01,Madagascar,Antaly,MGA,4537.24
6545,2026-02-01,Madagascar,Antaly,MGA,4369.62
6546,2026-03-01,Madagascar,Antaly,MGA,4169.27
6547,2026-04-01,Madagascar,Antaly,MGA,4155.45
6548,2026-01-01,Madagascar,Antananabo,MGA,4537.24
6549,2026-02-01,Madagascar,Antananabo,MGA,4369.62
6550,2026-03-01,Madagascar,Antananabo,MGA,4169.27
6551,2026-04-01,Madagascar,Antananabo,MGA,4155.45
6552,2026-01-01,Madagascar,Antananarivo,MGA,4537.24
6553,2026-02-01,Madagascar,Antananarivo,MGA,4369.62
6554,2026-03-01,Madagascar,Antananarivo,MGA,4169.27
6555,2026-04-01,Madagascar,Antananarivo,MGA,4155.45
6556,2026-01-01,Madagascar,Antanetibe,MGA,4537.24
6557,2026-02-01,Madagascar,Antanetibe,MGA,4369.62
6558,2026-03-01,Madagascar,Antanetibe,MGA,4169.27
6559,2026-04-01,Madagascar,Antanetibe,MGA,4155.45
6560,2026-01-01,Madagascar,Antanimena Onilahy,MGA,4537.24
6561,2026-02-01,Madagascar,Antanimena Onilahy,MGA,4369.62
6562,2026-03-01,Madagascar,Antanimena Onilahy,MGA,4169.27
6563,2026-04-01,Madagascar,Antanimena Onilahy,MGA,4155.45
6564,2026-01-01,Madagascar,Antanimieva,MGA,4537.24
6565,2026-02-01,Madagascar,Antanimieva,MGA,4369.62
6566,2026-03-01,Madagascar,Antanimieva,MGA,4169.27
6567,2026-04-01,Madagascar,Antanimieva,MGA,4155.45
6568,2026-01-01,Madagascar,Antanimora Atsimo,MGA,4537.24
6569,2026-02-01,Madagascar,Antanimora Atsimo,MGA,4369.62
6570,2026-03-01,Madagascar,Antanimora Atsimo,MGA,4169.27
6571,2026-04-01,Madagascar,Antanimora Atsimo,MGA,4155.45
6572,2026-01-01,Madagascar,Antaninarenina,MGA,4537.24
6573,2026-02-01,Madagascar,Antaninarenina,MGA,4369.62
6574,2026-03-01,Madagascar,Antaninarenina,MGA,4169.27
6575,2026-04-01,Madagascar,Antaninarenina,MGA,4155.45
6576,2026-01-01,Madagascar,Antaritarika,MGA,4537.24
6577,2026-02-01,Madagascar,Antaritarika,MGA,4369.62
6578,2026-03-01,Madagascar,Antaritarika,MGA,4169.27
6579,2026-04-01,Madagascar,Antaritarika,MGA,4155.45
6580,2026-01-01,Madagascar,Antenimbe,MGA,4537.24
6581,2026-02-01,Madagascar,Antenimbe,MGA,4369.62
6582,2026-03-01,Madagascar,Antenimbe,MGA,4169.27
6583,2026-04-01,Madagascar,Antenimbe,MGA,4155.45
6584,2026-01-01,Madagascar,Antoby Est,MGA,4537.24
6585,2026-02-01,Madagascar,Antoby Est,MGA,4369.62
6586,2026-03-01,Madagascar,Antoby Est,MGA,4169.27
6587,2026-04-01,Madagascar,Antoby Est,MGA,4155.45
6588,2026-01-01,Madagascar,Antodinga,MGA,4537.24
6589,2026-02-01,Madagascar,Antodinga,MGA,4369.62
6590,2026-03-01,Madagascar,Antodinga,MGA,4169.27
6591,2026-04-01,Madagascar,Antodinga,MGA,4155.45
6592,2026-01-01,Madagascar,Antohabato,MGA,4537.24
6593,2026-02-01,Madagascar,Antohabato,MGA,4369.62
6594,2026-03-01,Madagascar,Antohabato,MGA,4169.27
6595,2026-04-01,Madagascar,Antohabato,MGA,4155.45
6596,2026-01-01,Madagascar,Antokoboritelo,MGA,4537.24
6597,2026-02-01,Madagascar,Antokoboritelo,MGA,4369.62
6598,2026-03-01,Madagascar,Antokoboritelo,MGA,4169.27
6599,2026-04-01,Madagascar,Antokoboritelo,MGA,4155.45
6600,2026-01-01,Madagascar,Antokonala,MGA,4537.24
6601,2026-02-01,Madagascar,Antokonala,MGA,4369.62
6602,2026-03-01,Madagascar,Antokonala,MGA,4169.27
6603,2026-04-01,Madagascar,Antokonala,MGA,4155.45
6604,2026-01-01,Madagascar,Antondabe,MGA,4537.24
6605,2026-02-01,Madagascar,Antondabe,MGA,4369.62
6606,2026-03-01,Madagascar,Antondabe,MGA,4169.27
6607,2026-04-01,Madagascar,Antondabe,MGA,4155.45
6608,2026-01-01,Madagascar,Antondinga,MGA,4537.24
6609,2026-02-01,Madagascar,Antondinga,MGA,4369.62
6610,2026-03-01,Madagascar,Antondinga,MGA,4169.27
6611,2026-04-01,Madagascar,Antondinga,MGA,4155.45
6612,2026-01-01,Madagascar,Antongo Vaovao,MGA,4537.24
6613,2026-02-01,Madagascar,Antongo Vaovao,MGA,4369.62
6614,2026-03-01,Madagascar,Antongo Vaovao,MGA,4169.27
6615,2026-04-01,Madagascar,Antongo Vaovao,MGA,4155.45
6616,2026-01-01,Madagascar,Antsahalalina,MGA,4537.24
6617,2026-02-01,Madagascar,Antsahalalina,MGA,4369.62
6618,2026-03-01,Madagascar,Antsahalalina,MGA,4169.27
6619,2026-04-01,Madagascar,Antsahalalina,MGA,4155.45
6620,2026-01-01,Madagascar,Antsakoamaro,MGA,4537.24
6621,2026-02-01,Madagascar,Antsakoamaro,MGA,4369.62
6622,2026-03-01,Madagascar,Antsakoamaro,MGA,4169.27
6623,2026-04-01,Madagascar,Antsakoamaro,MGA,4155.45
6624,2026-01-01,Madagascar,Antsapanana,MGA,4537.24
6625,2026-02-01,Madagascar,Antsapanana,MGA,4369.62
6626,2026-03-01,Madagascar,Antsapanana,MGA,4169.27
6627,2026-04-01,Madagascar,Antsapanana,MGA,4155.45
6628,2026-01-01,Madagascar,Antsavoa,MGA,4537.24
6629,2026-02-01,Madagascar,Antsavoa,MGA,4369.62
6630,2026-03-01,Madagascar,Antsavoa,MGA,4169.27
6631,2026-04-01,Madagascar,Antsavoa,MGA,4155.45
6632,2026-01-01,Madagascar,Antsenavolo,MGA,4537.24
6633,2026-02-01,Madagascar,Antsenavolo,MGA,4369.62
6634,2026-03-01,Madagascar,Antsenavolo,MGA,4169.27
6635,2026-04-01,Madagascar,Antsenavolo,MGA,4155.45
6636,2026-01-01,Madagascar,Antseranambe,MGA,4537.24
6637,2026-02-01,Madagascar,Antseranambe,MGA,4369.62
6638,2026-03-01,Madagascar,Antseranambe,MGA,4169.27
6639,2026-04-01,Madagascar,Antseranambe,MGA,4155.45
6640,2026-01-01,Madagascar,Arivonimamo,MGA,4537.24
6641,2026-02-01,Madagascar,Arivonimamo,MGA,4369.62
6642,2026-03-01,Madagascar,Arivonimamo,MGA,4169.27
6643,2026-04-01,Madagascar,Arivonimamo,MGA,4155.45
6644,2026-01-01,Madagascar,Atsimo Andrefana (Region),MGA,4537.24
6645,2026-02-01,Madagascar,Atsimo Andrefana (Region),MGA,4369.62
6646,2026-03-01,Madagascar,Atsimo Andrefana (Region),MGA,4169.27
6647,2026-04-01,Madagascar,Atsimo Andrefana (Region),MGA,4155.45
6648,2026-01-01,Madagascar,Atsimo Atsinanana (Region),MGA,4537.24
6649,2026-02-01,Madagascar,Atsimo Atsinanana (Region),MGA,4369.62
6650,2026-03-01,Madagascar,Atsimo Atsinanana (Region),MGA,4169.27
6651,2026-04-01,Madagascar,Atsimo Atsinanana (Region),MGA,4155.45
6652,2026-01-01,Madagascar,Atsinanana (Region),MGA,4537.24
6653,2026-02-01,Madagascar,Atsinanana (Region),MGA,4369.62
6654,2026-03-01,Madagascar,Atsinanana (Region),MGA,4169.27
6655,2026-04-01,Madagascar,Atsinanana (Region),MGA,4155.45
6656,2026-01-01,Madagascar,Basibasy,MGA,4537.24
6657,2026-02-01,Madagascar,Basibasy,MGA,4369.62
6658,2026-03-01,Madagascar,Basibasy,MGA,4169.27
6659,2026-04-01,Madagascar,Basibasy,MGA,4155.45
6660,2026-01-01,Madagascar,Beahitse,MGA,4537.24
6661,2026-02-01,Madagascar,Beahitse,MGA,4369.62
6662,2026-03-01,Madagascar,Beahitse,MGA,4169.27
6663,2026-04-01,Madagascar,Beahitse,MGA,4155.45
6664,2026-01-01,Madagascar,Beampombo I,MGA,4537.24
6665,2026-02-01,Madagascar,Beampombo I,MGA,4369.62
6666,2026-03-01,Madagascar,Beampombo I,MGA,4169.27
6667,2026-04-01,Madagascar,Beampombo I,MGA,4155.45
6668,2026-01-01,Madagascar,Beampombo II,MGA,4537.24
6669,2026-02-01,Madagascar,Beampombo II,MGA,4369.62
6670,2026-03-01,Madagascar,Beampombo II,MGA,4169.27
6671,2026-04-01,Madagascar,Beampombo II,MGA,4155.45
6672,2026-01-01,Madagascar,Beantake,MGA,4537.24
6673,2026-02-01,Madagascar,Beantake,MGA,4369.62
6674,2026-03-01,Madagascar,Beantake,MGA,4169.27
6675,2026-04-01,Madagascar,Beantake,MGA,4155.45
6676,2026-01-01,Madagascar,Beara,MGA,4537.24
6677,2026-02-01,Madagascar,Beara,MGA,4369.62
6678,2026-03-01,Madagascar,Beara,MGA,4169.27
6679,2026-04-01,Madagascar,Beara,MGA,4155.45
6680,2026-01-01,Madagascar,Befandefa,MGA,4537.24
6681,2026-02-01,Madagascar,Befandefa,MGA,4369.62
6682,2026-03-01,Madagascar,Befandefa,MGA,4169.27
6683,2026-04-01,Madagascar,Befandefa,MGA,4155.45
6684,2026-01-01,Madagascar,Befandriana Sud,MGA,4537.24
6685,2026-02-01,Madagascar,Befandriana Sud,MGA,4369.62
6686,2026-03-01,Madagascar,Befandriana Sud,MGA,4169.27
6687,2026-04-01,Madagascar,Befandriana Sud,MGA,4155.45
6688,2026-01-01,Madagascar,Befotaka Sud,MGA,4537.24
6689,2026-02-01,Madagascar,Befotaka Sud,MGA,4369.62
6690,2026-03-01,Madagascar,Befotaka Sud,MGA,4169.27
6691,2026-04-01,Madagascar,Befotaka Sud,MGA,4155.45
6692,2026-01-01,Madagascar,Behabobo,MGA,4537.24
6693,2026-02-01,Madagascar,Behabobo,MGA,4369.62
6694,2026-03-01,Madagascar,Behabobo,MGA,4169.27
6695,2026-04-01,Madagascar,Behabobo,MGA,4155.45
6696,2026-01-01,Madagascar,Behara,MGA,4537.24
6697,2026-02-01,Madagascar,Behara,MGA,4369.62
6698,2026-03-01,Madagascar,Behara,MGA,4169.27
6699,2026-04-01,Madagascar,Behara,MGA,4155.45
6700,2026-01-01,Madagascar,Beharena,MGA,4537.24
6701,2026-02-01,Madagascar,Beharena,MGA,4369.62
6702,2026-03-01,Madagascar,Beharena,MGA,4169.27
6703,2026-04-01,Madagascar,Beharena,MGA,4155.45
6704,2026-01-01,Madagascar,Behazomanga,MGA,4537.24
6705,2026-02-01,Madagascar,Behazomanga,MGA,4369.62
6706,2026-03-01,Madagascar,Behazomanga,MGA,4169.27
6707,2026-04-01,Madagascar,Behazomanga,MGA,4155.45
6708,2026-01-01,Madagascar,Beheloka,MGA,4537.24
6709,2026-02-01,Madagascar,Beheloka,MGA,4369.62
6710,2026-03-01,Madagascar,Beheloka,MGA,4169.27
6711,2026-04-01,Madagascar,Beheloka,MGA,4155.45
6712,2026-01-01,Madagascar,Behisatsy,MGA,4537.24
6713,2026-02-01,Madagascar,Behisatsy,MGA,4369.62
6714,2026-03-01,Madagascar,Behisatsy,MGA,4169.27
6715,2026-04-01,Madagascar,Behisatsy,MGA,4155.45
6716,2026-01-01,Madagascar,Behompy,MGA,4537.24
6717,2026-02-01,Madagascar,Behompy,MGA,4369.62
6718,2026-03-01,Madagascar,Behompy,MGA,4169.27
6719,2026-04-01,Madagascar,Behompy,MGA,4155.45
6720,2026-01-01,Madagascar,Bekaraoky,MGA,4537.24
6721,2026-02-01,Madagascar,Bekaraoky,MGA,4369.62
6722,2026-03-01,Madagascar,Bekaraoky,MGA,4169.27
6723,2026-04-01,Madagascar,Bekaraoky,MGA,4155.45
6724,2026-01-01,Madagascar,Bekatra,MGA,4537.24
6725,2026-02-01,Madagascar,Bekatra,MGA,4369.62
6726,2026-03-01,Madagascar,Bekatra,MGA,4169.27
6727,2026-04-01,Madagascar,Bekatra,MGA,4155.45
6728,2026-01-01,Madagascar,Bekofafa Sud,MGA,4537.24
6729,2026-02-01,Madagascar,Bekofafa Sud,MGA,4369.62
6730,2026-03-01,Madagascar,Bekofafa Sud,MGA,4169.27
6731,2026-04-01,Madagascar,Bekofafa Sud,MGA,4155.45
6732,2026-01-01,Madagascar,Bekopay,MGA,4537.24
6733,2026-02-01,Madagascar,Bekopay,MGA,4369.62
6734,2026-03-01,Madagascar,Bekopay,MGA,4169.27
6735,2026-04-01,Madagascar,Bekopay,MGA,4155.45
6736,2026-01-01,Madagascar,Bekorobo,MGA,4537.24
6737,2026-02-01,Madagascar,Bekorobo,MGA,4369.62
6738,2026-03-01,Madagascar,Bekorobo,MGA,4169.27
6739,2026-04-01,Madagascar,Bekorobo,MGA,4155.45
6740,2026-01-01,Madagascar,Belafike Haut,MGA,4537.24
6741,2026-02-01,Madagascar,Belafike Haut,MGA,4369.62
6742,2026-03-01,Madagascar,Belafike Haut,MGA,4169.27
6743,2026-04-01,Madagascar,Belafike Haut,MGA,4155.45
6744,2026-01-01,Madagascar,Belalanda,MGA,4537.24
6745,2026-02-01,Madagascar,Belalanda,MGA,4369.62
6746,2026-03-01,Madagascar,Belalanda,MGA,4169.27
6747,2026-04-01,Madagascar,Belalanda,MGA,4155.45
6748,2026-01-01,Madagascar,Belamoty,MGA,4537.24
6749,2026-02-01,Madagascar,Belamoty,MGA,4369.62
6750,2026-03-01,Madagascar,Belamoty,MGA,4169.27
6751,2026-04-01,Madagascar,Belamoty,MGA,4155.45
6752,2026-01-01,Madagascar,Belemoka,MGA,4537.24
6753,2026-02-01,Madagascar,Belemoka,MGA,4369.62
6754,2026-03-01,Madagascar,Belemoka,MGA,4169.27
6755,2026-04-01,Madagascar,Belemoka,MGA,4155.45
6756,2026-01-01,Madagascar,Belindo Mahasoa,MGA,4537.24
6757,2026-02-01,Madagascar,Belindo Mahasoa,MGA,4369.62
6758,2026-03-01,Madagascar,Belindo Mahasoa,MGA,4169.27
6759,2026-04-01,Madagascar,Belindo Mahasoa,MGA,4155.45
6760,2026-01-01,Madagascar,Beloha,MGA,4537.24
6761,2026-02-01,Madagascar,Beloha,MGA,4369.62
6762,2026-03-01,Madagascar,Beloha,MGA,4169.27
6763,2026-04-01,Madagascar,Beloha,MGA,4155.45
6764,2026-01-01,Madagascar,Bema,MGA,4537.24
6765,2026-02-01,Madagascar,Bema,MGA,4369.62
6766,2026-03-01,Madagascar,Bema,MGA,4169.27
6767,2026-04-01,Madagascar,Bema,MGA,4155.45
6768,2026-01-01,Madagascar,Bemavo,MGA,4537.24
6769,2026-02-01,Madagascar,Bemavo,MGA,4369.62
6770,2026-03-01,Madagascar,Bemavo,MGA,4169.27
6771,2026-04-01,Madagascar,Bemavo,MGA,4155.45
6772,2026-01-01,Madagascar,Benato Toby,MGA,4537.24
6773,2026-02-01,Madagascar,Benato Toby,MGA,4369.62
6774,2026-03-01,Madagascar,Benato Toby,MGA,4169.27
6775,2026-04-01,Madagascar,Benato Toby,MGA,4155.45
6776,2026-01-01,Madagascar,Benenitra,MGA,4537.24
6777,2026-02-01,Madagascar,Benenitra,MGA,4369.62
6778,2026-03-01,Madagascar,Benenitra,MGA,4169.27
6779,2026-04-01,Madagascar,Benenitra,MGA,4155.45
6780,2026-01-01,Madagascar,Benonoky,MGA,4537.24
6781,2026-02-01,Madagascar,Benonoky,MGA,4369.62
6782,2026-03-01,Madagascar,Benonoky,MGA,4169.27
6783,2026-04-01,Madagascar,Benonoky,MGA,4155.45
6784,2026-01-01,Madagascar,Beora,MGA,4537.24
6785,2026-02-01,Madagascar,Beora,MGA,4369.62
6786,2026-03-01,Madagascar,Beora,MGA,4169.27
6787,2026-04-01,Madagascar,Beora,MGA,4155.45
6788,2026-01-01,Madagascar,Beraketa,MGA,4537.24
6789,2026-02-01,Madagascar,Beraketa,MGA,4369.62
6790,2026-03-01,Madagascar,Beraketa,MGA,4169.27
6791,2026-04-01,Madagascar,Beraketa,MGA,4155.45
6792,2026-01-01,Madagascar,Berano,MGA,4537.24
6793,2026-02-01,Madagascar,Berano,MGA,4369.62
6794,2026-03-01,Madagascar,Berano,MGA,4169.27
6795,2026-04-01,Madagascar,Berano,MGA,4155.45
6796,2026-01-01,Madagascar,Berenty,MGA,4537.24
6797,2026-02-01,Madagascar,Berenty,MGA,4369.62
6798,2026-03-01,Madagascar,Berenty,MGA,4169.27
6799,2026-04-01,Madagascar,Berenty,MGA,4155.45
6800,2026-01-01,Madagascar,Beroroha,MGA,4537.24
6801,2026-02-01,Madagascar,Beroroha,MGA,4369.62
6802,2026-03-01,Madagascar,Beroroha,MGA,4169.27
6803,2026-04-01,Madagascar,Beroroha,MGA,4155.45
6804,2026-01-01,Madagascar,Beroy Atsimo,MGA,4537.24
6805,2026-02-01,Madagascar,Beroy Atsimo,MGA,4369.62
6806,2026-03-01,Madagascar,Beroy Atsimo,MGA,4169.27
6807,2026-04-01,Madagascar,Beroy Atsimo,MGA,4155.45
6808,2026-01-01,Madagascar,Besakoa,MGA,4537.24
6809,2026-02-01,Madagascar,Besakoa,MGA,4369.62
6810,2026-03-01,Madagascar,Besakoa,MGA,4169.27
6811,2026-04-01,Madagascar,Besakoa,MGA,4155.45
6812,2026-01-01,Madagascar,Besely,MGA,4537.24
6813,2026-02-01,Madagascar,Besely,MGA,4369.62
6814,2026-03-01,Madagascar,Besely,MGA,4169.27
6815,2026-04-01,Madagascar,Besely,MGA,4155.45
6816,2026-01-01,Madagascar,Betampona,MGA,4537.24
6817,2026-02-01,Madagascar,Betampona,MGA,4369.62
6818,2026-03-01,Madagascar,Betampona,MGA,4169.27
6819,2026-04-01,Madagascar,Betampona,MGA,4155.45
6820,2026-01-01,Madagascar,Betanty (Faux Cap),MGA,4537.24
6821,2026-02-01,Madagascar,Betanty (Faux Cap),MGA,4369.62
6822,2026-03-01,Madagascar,Betanty (Faux Cap),MGA,4169.27
6823,2026-04-01,Madagascar,Betanty (Faux Cap),MGA,4155.45
6824,2026-01-01,Madagascar,Betatao,MGA,4537.24
6825,2026-02-01,Madagascar,Betatao,MGA,4369.62
6826,2026-03-01,Madagascar,Betatao,MGA,4169.27
6827,2026-04-01,Madagascar,Betatao,MGA,4155.45
6828,2026-01-01,Madagascar,Betioky,MGA,4537.24
6829,2026-02-01,Madagascar,Betioky,MGA,4369.62
6830,2026-03-01,Madagascar,Betioky,MGA,4169.27
6831,2026-04-01,Madagascar,Betioky,MGA,4155.45
6832,2026-01-01,Madagascar,Betroka,MGA,4537.24
6833,2026-02-01,Madagascar,Betroka,MGA,4369.62
6834,2026-03-01,Madagascar,Betroka,MGA,4169.27
6835,2026-04-01,Madagascar,Betroka,MGA,4155.45
6836,2026-01-01,Madagascar,Betsiboka (Region),MGA,4537.24
6837,2026-02-01,Madagascar,Betsiboka (Region),MGA,4369.62
6838,2026-03-01,Madagascar,Betsiboka (Region),MGA,4169.27
6839,2026-04-01,Madagascar,Betsiboka (Region),MGA,4155.45
6840,2026-01-01,Madagascar,Betsinjaka,MGA,4537.24
6841,2026-02-01,Madagascar,Betsinjaka,MGA,4369.62
6842,2026-03-01,Madagascar,Betsinjaka,MGA,4169.27
6843,2026-04-01,Madagascar,Betsinjaka,MGA,4155.45
6844,2026-01-01,Madagascar,Bevitiky,MGA,4537.24
6845,2026-02-01,Madagascar,Bevitiky,MGA,4369.62
6846,2026-03-01,Madagascar,Bevitiky,MGA,4169.27
6847,2026-04-01,Madagascar,Bevitiky,MGA,4155.45
6848,2026-01-01,Madagascar,Bezaha,MGA,4537.24
6849,2026-02-01,Madagascar,Bezaha,MGA,4369.62
6850,2026-03-01,Madagascar,Bezaha,MGA,4169.27
6851,2026-04-01,Madagascar,Bezaha,MGA,4155.45
6852,2026-01-01,Madagascar,Boeny (Region),MGA,4537.24
6853,2026-02-01,Madagascar,Boeny (Region),MGA,4369.62
6854,2026-03-01,Madagascar,Boeny (Region),MGA,4169.27
6855,2026-04-01,Madagascar,Boeny (Region),MGA,4155.45
6856,2026-01-01,Madagascar,Bongolava (Region),MGA,4537.24
6857,2026-02-01,Madagascar,Bongolava (Region),MGA,4369.62
6858,2026-03-01,Madagascar,Bongolava (Region),MGA,4169.27
6859,2026-04-01,Madagascar,Bongolava (Region),MGA,4155.45
6860,2026-01-01,Madagascar,Diana (Region),MGA,4537.24
6861,2026-02-01,Madagascar,Diana (Region),MGA,4369.62
6862,2026-03-01,Madagascar,Diana (Region),MGA,4169.27
6863,2026-04-01,Madagascar,Diana (Region),MGA,4155.45
6864,2026-01-01,Madagascar,Dondona,MGA,4537.24
6865,2026-02-01,Madagascar,Dondona,MGA,4369.62
6866,2026-03-01,Madagascar,Dondona,MGA,4169.27
6867,2026-04-01,Madagascar,Dondona,MGA,4155.45
6868,2026-01-01,Madagascar,Ebelo,MGA,4537.24
6869,2026-02-01,Madagascar,Ebelo,MGA,4369.62
6870,2026-03-01,Madagascar,Ebelo,MGA,4169.27
6871,2026-04-01,Madagascar,Ebelo,MGA,4155.45
6872,2026-01-01,Madagascar,Efatsy,MGA,4537.24
6873,2026-02-01,Madagascar,Efatsy,MGA,4369.62
6874,2026-03-01,Madagascar,Efatsy,MGA,4169.27
6875,2026-04-01,Madagascar,Efatsy,MGA,4155.45
6876,2026-01-01,Madagascar,Efoetse,MGA,4537.24
6877,2026-02-01,Madagascar,Efoetse,MGA,4369.62
6878,2026-03-01,Madagascar,Efoetse,MGA,4169.27
6879,2026-04-01,Madagascar,Efoetse,MGA,4155.45
6880,2026-01-01,Madagascar,Ehara,MGA,4537.24
6881,2026-02-01,Madagascar,Ehara,MGA,4369.62
6882,2026-03-01,Madagascar,Ehara,MGA,4169.27
6883,2026-04-01,Madagascar,Ehara,MGA,4155.45
6884,2026-01-01,Madagascar,Ejeda,MGA,4537.24
6885,2026-02-01,Madagascar,Ejeda,MGA,4369.62
6886,2026-03-01,Madagascar,Ejeda,MGA,4169.27
6887,2026-04-01,Madagascar,Ejeda,MGA,4155.45
6888,2026-01-01,Madagascar,Erada,MGA,4537.24
6889,2026-02-01,Madagascar,Erada,MGA,4369.62
6890,2026-03-01,Madagascar,Erada,MGA,4169.27
6891,2026-04-01,Madagascar,Erada,MGA,4155.45
6892,2026-01-01,Madagascar,Esira,MGA,4537.24
6893,2026-02-01,Madagascar,Esira,MGA,4369.62
6894,2026-03-01,Madagascar,Esira,MGA,4169.27
6895,2026-04-01,Madagascar,Esira,MGA,4155.45
6896,2026-01-01,Madagascar,Etrotroka Atsimo,MGA,4537.24
6897,2026-02-01,Madagascar,Etrotroka Atsimo,MGA,4369.62
6898,2026-03-01,Madagascar,Etrotroka Atsimo,MGA,4169.27
6899,2026-04-01,Madagascar,Etrotroka Atsimo,MGA,4155.45
6900,2026-01-01,Madagascar,Evato,MGA,4537.24
6901,2026-02-01,Madagascar,Evato,MGA,4369.62
6902,2026-03-01,Madagascar,Evato,MGA,4169.27
6903,2026-04-01,Madagascar,Evato,MGA,4155.45
6904,2026-01-01,Madagascar,Fanivelona,MGA,4537.24
6905,2026-02-01,Madagascar,Fanivelona,MGA,4369.62
6906,2026-03-01,Madagascar,Fanivelona,MGA,4169.27
6907,2026-04-01,Madagascar,Fanivelona,MGA,4155.45
6908,2026-01-01,Madagascar,Fanjakana,MGA,4537.24
6909,2026-02-01,Madagascar,Fanjakana,MGA,4369.62
6910,2026-03-01,Madagascar,Fanjakana,MGA,4169.27
6911,2026-04-01,Madagascar,Fanjakana,MGA,4155.45
6912,2026-01-01,Madagascar,Farafangana,MGA,4537.24
6913,2026-02-01,Madagascar,Farafangana,MGA,4369.62
6914,2026-03-01,Madagascar,Farafangana,MGA,4169.27
6915,2026-04-01,Madagascar,Farafangana,MGA,4155.45
6916,2026-01-01,Madagascar,Fenoambany,MGA,4537.24
6917,2026-02-01,Madagascar,Fenoambany,MGA,4369.62
6918,2026-03-01,Madagascar,Fenoambany,MGA,4169.27
6919,2026-04-01,Madagascar,Fenoambany,MGA,4155.45
6920,2026-01-01,Madagascar,Fenoandala,MGA,4537.24
6921,2026-02-01,Madagascar,Fenoandala,MGA,4369.62
6922,2026-03-01,Madagascar,Fenoandala,MGA,4169.27
6923,2026-04-01,Madagascar,Fenoandala,MGA,4155.45
6924,2026-01-01,Madagascar,Fenoarivo,MGA,4537.24
6925,2026-02-01,Madagascar,Fenoarivo,MGA,4369.62
6926,2026-03-01,Madagascar,Fenoarivo,MGA,4169.27
6927,2026-04-01,Madagascar,Fenoarivo,MGA,4155.45
6928,2026-01-01,Madagascar,Fiadanana,MGA,4537.24
6929,2026-02-01,Madagascar,Fiadanana,MGA,4369.62
6930,2026-03-01,Madagascar,Fiadanana,MGA,4169.27
6931,2026-04-01,Madagascar,Fiadanana,MGA,4155.45
6932,2026-01-01,Madagascar,Fieferana,MGA,4537.24
6933,2026-02-01,Madagascar,Fieferana,MGA,4369.62
6934,2026-03-01,Madagascar,Fieferana,MGA,4169.27
6935,2026-04-01,Madagascar,Fieferana,MGA,4155.45
6936,2026-01-01,Madagascar,Fonilaza,MGA,4537.24
6937,2026-02-01,Madagascar,Fonilaza,MGA,4369.62
6938,2026-03-01,Madagascar,Fonilaza,MGA,4169.27
6939,2026-04-01,Madagascar,Fonilaza,MGA,4155.45
6940,2026-01-01,Madagascar,Fort-Dauphin,MGA,4537.24
6941,2026-02-01,Madagascar,Fort-Dauphin,MGA,4369.62
6942,2026-03-01,Madagascar,Fort-Dauphin,MGA,4169.27
6943,2026-04-01,Madagascar,Fort-Dauphin,MGA,4155.45
6944,2026-01-01,Madagascar,Fotadrevo,MGA,4537.24
6945,2026-02-01,Madagascar,Fotadrevo,MGA,4369.62
6946,2026-03-01,Madagascar,Fotadrevo,MGA,4169.27
6947,2026-04-01,Madagascar,Fotadrevo,MGA,4155.45
6948,2026-01-01,Madagascar,Fotivolo,MGA,4537.24
6949,2026-02-01,Madagascar,Fotivolo,MGA,4369.62
6950,2026-03-01,Madagascar,Fotivolo,MGA,4169.27
6951,2026-04-01,Madagascar,Fotivolo,MGA,4155.45
6952,2026-01-01,Madagascar,Gogogogo,MGA,4537.24
6953,2026-02-01,Madagascar,Gogogogo,MGA,4369.62
6954,2026-03-01,Madagascar,Gogogogo,MGA,4169.27
6955,2026-04-01,Madagascar,Gogogogo,MGA,4155.45
6956,2026-01-01,Madagascar,Haute Matsiatra (Region),MGA,4537.24
6957,2026-02-01,Madagascar,Haute Matsiatra (Region),MGA,4369.62
6958,2026-03-01,Madagascar,Haute Matsiatra (Region),MGA,4169.27
6959,2026-04-01,Madagascar,Haute Matsiatra (Region),MGA,4155.45
6960,2026-01-01,Madagascar,Iabohazo,MGA,4537.24
6961,2026-02-01,Madagascar,Iabohazo,MGA,4369.62
6962,2026-03-01,Madagascar,Iabohazo,MGA,4169.27
6963,2026-04-01,Madagascar,Iabohazo,MGA,4155.45
6964,2026-01-01,Madagascar,Iamonta,MGA,4537.24
6965,2026-02-01,Madagascar,Iamonta,MGA,4369.62
6966,2026-03-01,Madagascar,Iamonta,MGA,4169.27
6967,2026-04-01,Madagascar,Iamonta,MGA,4155.45
6968,2026-01-01,Madagascar,Ianabinda,MGA,4537.24
6969,2026-02-01,Madagascar,Ianabinda,MGA,4369.62
6970,2026-03-01,Madagascar,Ianabinda,MGA,4169.27
6971,2026-04-01,Madagascar,Ianabinda,MGA,4155.45
6972,2026-01-01,Madagascar,Ianakafy,MGA,4537.24
6973,2026-02-01,Madagascar,Ianakafy,MGA,4369.62
6974,2026-03-01,Madagascar,Ianakafy,MGA,4169.27
6975,2026-04-01,Madagascar,Ianakafy,MGA,4155.45
6976,2026-01-01,Madagascar,Ianapera,MGA,4537.24
6977,2026-02-01,Madagascar,Ianapera,MGA,4369.62
6978,2026-03-01,Madagascar,Ianapera,MGA,4169.27
6979,2026-04-01,Madagascar,Ianapera,MGA,4155.45
6980,2026-01-01,Madagascar,Ifanadiana,MGA,4537.24
6981,2026-02-01,Madagascar,Ifanadiana,MGA,4369.62
6982,2026-03-01,Madagascar,Ifanadiana,MGA,4169.27
6983,2026-04-01,Madagascar,Ifanadiana,MGA,4155.45
6984,2026-01-01,Madagascar,Ifanirea,MGA,4537.24
6985,2026-02-01,Madagascar,Ifanirea,MGA,4369.62
6986,2026-03-01,Madagascar,Ifanirea,MGA,4169.27
6987,2026-04-01,Madagascar,Ifanirea,MGA,4155.45
6988,2026-01-01,Madagascar,Ifarantsa,MGA,4537.24
6989,2026-02-01,Madagascar,Ifarantsa,MGA,4369.62
6990,2026-03-01,Madagascar,Ifarantsa,MGA,4169.27
6991,2026-04-01,Madagascar,Ifarantsa,MGA,4155.45
6992,2026-01-01,Madagascar,Ifatsy,MGA,4537.24
6993,2026-02-01,Madagascar,Ifatsy,MGA,4369.62
6994,2026-03-01,Madagascar,Ifatsy,MGA,4169.27
6995,2026-04-01,Madagascar,Ifatsy,MGA,4155.45
6996,2026-01-01,Madagascar,Ifotaka,MGA,4537.24
6997,2026-02-01,Madagascar,Ifotaka,MGA,4369.62
6998,2026-03-01,Madagascar,Ifotaka,MGA,4169.27
6999,2026-04-01,Madagascar,Ifotaka,MGA,4155.45
7000,2026-01-01,Madagascar,Ihorombe (Region),MGA,4537.24
7001,2026-02-01,Madagascar,Ihorombe (Region),MGA,4369.62
7002,2026-03-01,Madagascar,Ihorombe (Region),MGA,4169.27
7003,2026-04-01,Madagascar,Ihorombe (Region),MGA,4155.45
7004,2026-01-01,Madagascar,Ihotry,MGA,4537.24
7005,2026-02-01,Madagascar,Ihotry,MGA,4369.62
7006,2026-03-01,Madagascar,Ihotry,MGA,4169.27
7007,2026-04-01,Madagascar,Ihotry,MGA,4155.45
7008,2026-01-01,Madagascar,Ikongo,MGA,4537.24
7009,2026-02-01,Madagascar,Ikongo,MGA,4369.62
7010,2026-03-01,Madagascar,Ikongo,MGA,4169.27
7011,2026-04-01,Madagascar,Ikongo,MGA,4155.45
7012,2026-01-01,Madagascar,Ilakaka,MGA,4537.24
7013,2026-02-01,Madagascar,Ilakaka,MGA,4369.62
7014,2026-03-01,Madagascar,Ilakaka,MGA,4169.27
7015,2026-04-01,Madagascar,Ilakaka,MGA,4155.45
7016,2026-01-01,Madagascar,Ilakatra,MGA,4537.24
7017,2026-02-01,Madagascar,Ilakatra,MGA,4369.62
7018,2026-03-01,Madagascar,Ilakatra,MGA,4169.27
7019,2026-04-01,Madagascar,Ilakatra,MGA,4155.45
7020,2026-01-01,Madagascar,Imanombo,MGA,4537.24
7021,2026-02-01,Madagascar,Imanombo,MGA,4369.62
7022,2026-03-01,Madagascar,Imanombo,MGA,4169.27
7023,2026-04-01,Madagascar,Imanombo,MGA,4155.45
7024,2026-01-01,Madagascar,Imerintsiatosika,MGA,4537.24
7025,2026-02-01,Madagascar,Imerintsiatosika,MGA,4369.62
7026,2026-03-01,Madagascar,Imerintsiatosika,MGA,4169.27
7027,2026-04-01,Madagascar,Imerintsiatosika,MGA,4155.45
7028,2026-01-01,Madagascar,Imongy,MGA,4537.24
7029,2026-02-01,Madagascar,Imongy,MGA,4369.62
7030,2026-03-01,Madagascar,Imongy,MGA,4169.27
7031,2026-04-01,Madagascar,Imongy,MGA,4155.45
7032,2026-01-01,Madagascar,Inosy,MGA,4537.24
7033,2026-02-01,Madagascar,Inosy,MGA,4369.62
7034,2026-03-01,Madagascar,Inosy,MGA,4169.27
7035,2026-04-01,Madagascar,Inosy,MGA,4155.45
7036,2026-01-01,Madagascar,Isahara,MGA,4537.24
7037,2026-02-01,Madagascar,Isahara,MGA,4369.62
7038,2026-03-01,Madagascar,Isahara,MGA,4169.27
7039,2026-04-01,Madagascar,Isahara,MGA,4155.45
7040,2026-01-01,Madagascar,Isoanala,MGA,4537.24
7041,2026-02-01,Madagascar,Isoanala,MGA,4369.62
7042,2026-03-01,Madagascar,Isoanala,MGA,4169.27
7043,2026-04-01,Madagascar,Isoanala,MGA,4155.45
7044,2026-01-01,Madagascar,Itampolo,MGA,4537.24
7045,2026-02-01,Madagascar,Itampolo,MGA,4369.62
7046,2026-03-01,Madagascar,Itampolo,MGA,4169.27
7047,2026-04-01,Madagascar,Itampolo,MGA,4155.45
7048,2026-01-01,Madagascar,Itasy (Region),MGA,4537.24
7049,2026-02-01,Madagascar,Itasy (Region),MGA,4369.62
7050,2026-03-01,Madagascar,Itasy (Region),MGA,4169.27
7051,2026-04-01,Madagascar,Itasy (Region),MGA,4155.45
7052,2026-01-01,Madagascar,Ivahona,MGA,4537.24
7053,2026-02-01,Madagascar,Ivahona,MGA,4369.62
7054,2026-03-01,Madagascar,Ivahona,MGA,4169.27
7055,2026-04-01,Madagascar,Ivahona,MGA,4155.45
7056,2026-01-01,Madagascar,Ivandrika,MGA,4537.24
7057,2026-02-01,Madagascar,Ivandrika,MGA,4369.62
7058,2026-03-01,Madagascar,Ivandrika,MGA,4169.27
7059,2026-04-01,Madagascar,Ivandrika,MGA,4155.45
7060,2026-01-01,Madagascar,Ivato,MGA,4537.24
7061,2026-02-01,Madagascar,Ivato,MGA,4369.62
7062,2026-03-01,Madagascar,Ivato,MGA,4169.27
7063,2026-04-01,Madagascar,Ivato,MGA,4155.45
7064,2026-01-01,Madagascar,Ivondro,MGA,4537.24
7065,2026-02-01,Madagascar,Ivondro,MGA,4369.62
7066,2026-03-01,Madagascar,Ivondro,MGA,4169.27
7067,2026-04-01,Madagascar,Ivondro,MGA,4155.45
7068,2026-01-01,Madagascar,Jafaro,MGA,4537.24
7069,2026-02-01,Madagascar,Jafaro,MGA,4369.62
7070,2026-03-01,Madagascar,Jafaro,MGA,4169.27
7071,2026-04-01,Madagascar,Jafaro,MGA,4155.45
7072,2026-01-01,Madagascar,Jangany,MGA,4537.24
7073,2026-02-01,Madagascar,Jangany,MGA,4369.62
7074,2026-03-01,Madagascar,Jangany,MGA,4169.27
7075,2026-04-01,Madagascar,Jangany,MGA,4155.45
7076,2026-01-01,Madagascar,Kalafotsy,MGA,4537.24
7077,2026-02-01,Madagascar,Kalafotsy,MGA,4369.62
7078,2026-03-01,Madagascar,Kalafotsy,MGA,4169.27
7079,2026-04-01,Madagascar,Kalafotsy,MGA,4155.45
7080,2026-01-01,Madagascar,Karianga,MGA,4537.24
7081,2026-02-01,Madagascar,Karianga,MGA,4369.62
7082,2026-03-01,Madagascar,Karianga,MGA,4169.27
7083,2026-04-01,Madagascar,Karianga,MGA,4155.45
7084,2026-01-01,Madagascar,Kelilalina,MGA,4537.24
7085,2026-02-01,Madagascar,Kelilalina,MGA,4369.62
7086,2026-03-01,Madagascar,Kelilalina,MGA,4169.27
7087,2026-04-01,Madagascar,Kelilalina,MGA,4155.45
7088,2026-01-01,Madagascar,Kianjavato,MGA,4537.24
7089,2026-02-01,Madagascar,Kianjavato,MGA,4369.62
7090,2026-03-01,Madagascar,Kianjavato,MGA,4169.27
7091,2026-04-01,Madagascar,Kianjavato,MGA,4155.45
7092,2026-01-01,Madagascar,Kopoky,MGA,4537.24
7093,2026-02-01,Madagascar,Kopoky,MGA,4369.62
7094,2026-03-01,Madagascar,Kopoky,MGA,4169.27
7095,2026-04-01,Madagascar,Kopoky,MGA,4155.45
7096,2026-01-01,Madagascar,Lanivo,MGA,4537.24
7097,2026-02-01,Madagascar,Lanivo,MGA,4369.62
7098,2026-03-01,Madagascar,Lanivo,MGA,4169.27
7099,2026-04-01,Madagascar,Lanivo,MGA,4155.45
7100,2026-01-01,Madagascar,Lazarivo,MGA,4537.24
7101,2026-02-01,Madagascar,Lazarivo,MGA,4369.62
7102,2026-03-01,Madagascar,Lazarivo,MGA,4169.27
7103,2026-04-01,Madagascar,Lazarivo,MGA,4155.45
7104,2026-01-01,Madagascar,Lokomby,MGA,4537.24
7105,2026-02-01,Madagascar,Lokomby,MGA,4369.62
7106,2026-03-01,Madagascar,Lokomby,MGA,4169.27
7107,2026-04-01,Madagascar,Lokomby,MGA,4155.45
7108,2026-01-01,Madagascar,Lopary,MGA,4537.24
7109,2026-02-01,Madagascar,Lopary,MGA,4369.62
7110,2026-03-01,Madagascar,Lopary,MGA,4169.27
7111,2026-04-01,Madagascar,Lopary,MGA,4155.45
7112,2026-01-01,Madagascar,Mahabako,MGA,4537.24
7113,2026-02-01,Madagascar,Mahabako,MGA,4369.62
7114,2026-03-01,Madagascar,Mahabako,MGA,4169.27
7115,2026-04-01,Madagascar,Mahabako,MGA,4155.45
7116,2026-01-01,Madagascar,Mahabo,MGA,4537.24
7117,2026-02-01,Madagascar,Mahabo,MGA,4369.62
7118,2026-03-01,Madagascar,Mahabo,MGA,4169.27
7119,2026-04-01,Madagascar,Mahabo,MGA,4155.45
7120,2026-01-01,Madagascar,Mahabo Betroka,MGA,4537.24
7121,2026-02-01,Madagascar,Mahabo Betroka,MGA,4369.62
7122,2026-03-01,Madagascar,Mahabo Betroka,MGA,4169.27
7123,2026-04-01,Madagascar,Mahabo Betroka,MGA,4155.45
7124,2026-01-01,Madagascar,Mahabo Mananivo,MGA,4537.24
7125,2026-02-01,Madagascar,Mahabo Mananivo,MGA,4369.62
7126,2026-03-01,Madagascar,Mahabo Mananivo,MGA,4169.27
7127,2026-04-01,Madagascar,Mahabo Mananivo,MGA,4155.45
7128,2026-01-01,Madagascar,Mahaboboka,MGA,4537.24
7129,2026-02-01,Madagascar,Mahaboboka,MGA,4369.62
7130,2026-03-01,Madagascar,Mahaboboka,MGA,4169.27
7131,2026-04-01,Madagascar,Mahaboboka,MGA,4155.45
7132,2026-01-01,Madagascar,Mahafasa,MGA,4537.24
7133,2026-02-01,Madagascar,Mahafasa,MGA,4369.62
7134,2026-03-01,Madagascar,Mahafasa,MGA,4169.27
7135,2026-04-01,Madagascar,Mahafasa,MGA,4155.45
7136,2026-01-01,Madagascar,Mahahegne,MGA,4537.24
7137,2026-02-01,Madagascar,Mahahegne,MGA,4369.62
7138,2026-03-01,Madagascar,Mahahegne,MGA,4169.27
7139,2026-04-01,Madagascar,Mahahegne,MGA,4155.45
7140,2026-01-01,Madagascar,Mahaly,MGA,4537.24
7141,2026-02-01,Madagascar,Mahaly,MGA,4369.62
7142,2026-03-01,Madagascar,Mahaly,MGA,4169.27
7143,2026-04-01,Madagascar,Mahaly,MGA,4155.45
7144,2026-01-01,Madagascar,Mahasoa Est,MGA,4537.24
7145,2026-02-01,Madagascar,Mahasoa Est,MGA,4369.62
7146,2026-03-01,Madagascar,Mahasoa Est,MGA,4169.27
7147,2026-04-01,Madagascar,Mahasoa Est,MGA,4155.45
7148,2026-01-01,Madagascar,Mahasoabe,MGA,4537.24
7149,2026-02-01,Madagascar,Mahasoabe,MGA,4369.62
7150,2026-03-01,Madagascar,Mahasoabe,MGA,4169.27
7151,2026-04-01,Madagascar,Mahasoabe,MGA,4155.45
7152,2026-01-01,Madagascar,Mahatalaky,MGA,4537.24
7153,2026-02-01,Madagascar,Mahatalaky,MGA,4369.62
7154,2026-03-01,Madagascar,Mahatalaky,MGA,4169.27
7155,2026-04-01,Madagascar,Mahatalaky,MGA,4155.45
7156,2026-01-01,Madagascar,Mahatsara Sud,MGA,4537.24
7157,2026-02-01,Madagascar,Mahatsara Sud,MGA,4369.62
7158,2026-03-01,Madagascar,Mahatsara Sud,MGA,4169.27
7159,2026-04-01,Madagascar,Mahatsara Sud,MGA,4155.45
7160,2026-01-01,Madagascar,Mahatsinjo,MGA,4537.24
7161,2026-02-01,Madagascar,Mahatsinjo,MGA,4369.62
7162,2026-03-01,Madagascar,Mahatsinjo,MGA,4169.27
7163,2026-04-01,Madagascar,Mahatsinjo,MGA,4155.45
7164,2026-01-01,Madagascar,Mahavelo,MGA,4537.24
7165,2026-02-01,Madagascar,Mahavelo,MGA,4369.62
7166,2026-03-01,Madagascar,Mahavelo,MGA,4169.27
7167,2026-04-01,Madagascar,Mahavelo,MGA,4155.45
7168,2026-01-01,Madagascar,Mahavelona,MGA,4537.24
7169,2026-02-01,Madagascar,Mahavelona,MGA,4369.62
7170,2026-03-01,Madagascar,Mahavelona,MGA,4169.27
7171,2026-04-01,Madagascar,Mahavelona,MGA,4155.45
7172,2026-01-01,Madagascar,Mahazoarivo,MGA,4537.24
7173,2026-02-01,Madagascar,Mahazoarivo,MGA,4369.62
7174,2026-03-01,Madagascar,Mahazoarivo,MGA,4169.27
7175,2026-04-01,Madagascar,Mahazoarivo,MGA,4155.45
7176,2026-01-01,Madagascar,Mahela,MGA,4537.24
7177,2026-02-01,Madagascar,Mahela,MGA,4369.62
7178,2026-03-01,Madagascar,Mahela,MGA,4169.27
7179,2026-04-01,Madagascar,Mahela,MGA,4155.45
7180,2026-01-01,Madagascar,Maheriraty,MGA,4537.24
7181,2026-02-01,Madagascar,Maheriraty,MGA,4369.62
7182,2026-03-01,Madagascar,Maheriraty,MGA,4169.27
7183,2026-04-01,Madagascar,Maheriraty,MGA,4155.45
7184,2026-01-01,Madagascar,Maliorano,MGA,4537.24
7185,2026-02-01,Madagascar,Maliorano,MGA,4369.62
7186,2026-03-01,Madagascar,Maliorano,MGA,4169.27
7187,2026-04-01,Madagascar,Maliorano,MGA,4155.45
7188,2026-01-01,Madagascar,Manakara,MGA,4537.24
7189,2026-02-01,Madagascar,Manakara,MGA,4369.62
7190,2026-03-01,Madagascar,Manakara,MGA,4169.27
7191,2026-04-01,Madagascar,Manakara,MGA,4155.45
7192,2026-01-01,Madagascar,Manakompy,MGA,4537.24
7193,2026-02-01,Madagascar,Manakompy,MGA,4369.62
7194,2026-03-01,Madagascar,Manakompy,MGA,4169.27
7195,2026-04-01,Madagascar,Manakompy,MGA,4155.45
7196,2026-01-01,Madagascar,Manalobe,MGA,4537.24
7197,2026-02-01,Madagascar,Manalobe,MGA,4369.62
7198,2026-03-01,Madagascar,Manalobe,MGA,4169.27
7199,2026-04-01,Madagascar,Manalobe,MGA,4155.45
7200,2026-01-01,Madagascar,Manambahy Bekitro,MGA,4537.24
7201,2026-02-01,Madagascar,Manambahy Bekitro,MGA,4369.62
7202,2026-03-01,Madagascar,Manambahy Bekitro,MGA,4169.27
7203,2026-04-01,Madagascar,Manambahy Bekitro,MGA,4155.45
7204,2026-01-01,Madagascar,Manambaro,MGA,4537.24
7205,2026-02-01,Madagascar,Manambaro,MGA,4369.62
7206,2026-03-01,Madagascar,Manambaro,MGA,4169.27
7207,2026-04-01,Madagascar,Manambaro,MGA,4155.45
7208,2026-01-01,Madagascar,Manambidala,MGA,4537.24
7209,2026-02-01,Madagascar,Manambidala,MGA,4369.62
7210,2026-03-01,Madagascar,Manambidala,MGA,4169.27
7211,2026-04-01,Madagascar,Manambidala,MGA,4155.45
7212,2026-01-01,Madagascar,Manambondro,MGA,4537.24
7213,2026-02-01,Madagascar,Manambondro,MGA,4369.62
7214,2026-03-01,Madagascar,Manambondro,MGA,4169.27
7215,2026-04-01,Madagascar,Manambondro,MGA,4155.45
7216,2026-01-01,Madagascar,Manampatrana,MGA,4537.24
7217,2026-02-01,Madagascar,Manampatrana,MGA,4369.62
7218,2026-03-01,Madagascar,Manampatrana,MGA,4169.27
7219,2026-04-01,Madagascar,Manampatrana,MGA,4155.45
7220,2026-01-01,Madagascar,Mananasy,MGA,4537.24
7221,2026-02-01,Madagascar,Mananasy,MGA,4369.62
7222,2026-03-01,Madagascar,Mananasy,MGA,4169.27
7223,2026-04-01,Madagascar,Mananasy,MGA,4155.45
7224,2026-01-01,Madagascar,Mananjary,MGA,4537.24
7225,2026-02-01,Madagascar,Mananjary,MGA,4369.62
7226,2026-03-01,Madagascar,Mananjary,MGA,4169.27
7227,2026-04-01,Madagascar,Mananjary,MGA,4155.45
7228,2026-01-01,Madagascar,Manantenina,MGA,4537.24
7229,2026-02-01,Madagascar,Manantenina,MGA,4369.62
7230,2026-03-01,Madagascar,Manantenina,MGA,4169.27
7231,2026-04-01,Madagascar,Manantenina,MGA,4155.45
7232,2026-01-01,Madagascar,Manato,MGA,4537.24
7233,2026-02-01,Madagascar,Manato,MGA,4369.62
7234,2026-03-01,Madagascar,Manato,MGA,4169.27
7235,2026-04-01,Madagascar,Manato,MGA,4155.45
7236,2026-01-01,Madagascar,Mandiavato,MGA,4537.24
7237,2026-02-01,Madagascar,Mandiavato,MGA,4369.62
7238,2026-03-01,Madagascar,Mandiavato,MGA,4169.27
7239,2026-04-01,Madagascar,Mandiavato,MGA,4155.45
7240,2026-01-01,Madagascar,Mandronarivo,MGA,4537.24
7241,2026-02-01,Madagascar,Mandronarivo,MGA,4369.62
7242,2026-03-01,Madagascar,Mandronarivo,MGA,4169.27
7243,2026-04-01,Madagascar,Mandronarivo,MGA,4155.45
7244,2026-01-01,Madagascar,Manevy,MGA,4537.24
7245,2026-02-01,Madagascar,Manevy,MGA,4369.62
7246,2026-03-01,Madagascar,Manevy,MGA,4169.27
7247,2026-04-01,Madagascar,Manevy,MGA,4155.45
7248,2026-01-01,Madagascar,Mangamila,MGA,4537.24
7249,2026-02-01,Madagascar,Mangamila,MGA,4369.62
7250,2026-03-01,Madagascar,Mangamila,MGA,4169.27
7251,2026-04-01,Madagascar,Mangamila,MGA,4155.45
7252,2026-01-01,Madagascar,Mangatsiotra,MGA,4537.24
7253,2026-02-01,Madagascar,Mangatsiotra,MGA,4369.62
7254,2026-03-01,Madagascar,Mangatsiotra,MGA,4169.27
7255,2026-04-01,Madagascar,Mangatsiotra,MGA,4155.45
7256,2026-01-01,Madagascar,Maniry,MGA,4537.24
7257,2026-02-01,Madagascar,Maniry,MGA,4369.62
7258,2026-03-01,Madagascar,Maniry,MGA,4169.27
7259,2026-04-01,Madagascar,Maniry,MGA,4155.45
7260,2026-01-01,Madagascar,Manjakandriana,MGA,4537.24
7261,2026-02-01,Madagascar,Manjakandriana,MGA,4369.62
7262,2026-03-01,Madagascar,Manjakandriana,MGA,4169.27
7263,2026-04-01,Madagascar,Manjakandriana,MGA,4155.45
7264,2026-01-01,Madagascar,Manombo Sud,MGA,4537.24
7265,2026-02-01,Madagascar,Manombo Sud,MGA,4369.62
7266,2026-03-01,Madagascar,Manombo Sud,MGA,4169.27
7267,2026-04-01,Madagascar,Manombo Sud,MGA,4155.45
7268,2026-01-01,Madagascar,Mantasoa,MGA,4537.24
7269,2026-02-01,Madagascar,Mantasoa,MGA,4369.62
7270,2026-03-01,Madagascar,Mantasoa,MGA,4169.27
7271,2026-04-01,Madagascar,Mantasoa,MGA,4155.45
7272,2026-01-01,Madagascar,Marerano,MGA,4537.24
7273,2026-02-01,Madagascar,Marerano,MGA,4369.62
7274,2026-03-01,Madagascar,Marerano,MGA,4169.27
7275,2026-04-01,Madagascar,Marerano,MGA,4155.45
7276,2026-01-01,Madagascar,Maroalomainty,MGA,4537.24
7277,2026-02-01,Madagascar,Maroalomainty,MGA,4369.62
7278,2026-03-01,Madagascar,Maroalomainty,MGA,4169.27
7279,2026-04-01,Madagascar,Maroalomainty,MGA,4155.45
7280,2026-01-01,Madagascar,Maroalopoty,MGA,4537.24
7281,2026-02-01,Madagascar,Maroalopoty,MGA,4369.62
7282,2026-03-01,Madagascar,Maroalopoty,MGA,4169.27
7283,2026-04-01,Madagascar,Maroalopoty,MGA,4155.45
7284,2026-01-01,Madagascar,Maroarivo,MGA,4537.24
7285,2026-02-01,Madagascar,Maroarivo,MGA,4369.62
7286,2026-03-01,Madagascar,Maroarivo,MGA,4169.27
7287,2026-04-01,Madagascar,Maroarivo,MGA,4155.45
7288,2026-01-01,Madagascar,Marofarihy,MGA,4537.24
7289,2026-02-01,Madagascar,Marofarihy,MGA,4369.62
7290,2026-03-01,Madagascar,Marofarihy,MGA,4169.27
7291,2026-04-01,Madagascar,Marofarihy,MGA,4155.45
7292,2026-01-01,Madagascar,Marofody,MGA,4537.24
7293,2026-02-01,Madagascar,Marofody,MGA,4369.62
7294,2026-03-01,Madagascar,Marofody,MGA,4169.27
7295,2026-04-01,Madagascar,Marofody,MGA,4155.45
7296,2026-01-01,Madagascar,Maroharatra,MGA,4537.24
7297,2026-02-01,Madagascar,Maroharatra,MGA,4369.62
7298,2026-03-01,Madagascar,Maroharatra,MGA,4169.27
7299,2026-04-01,Madagascar,Maroharatra,MGA,4155.45
7300,2026-01-01,Madagascar,Marokibo,MGA,4537.24
7301,2026-02-01,Madagascar,Marokibo,MGA,4369.62
7302,2026-03-01,Madagascar,Marokibo,MGA,4169.27
7303,2026-04-01,Madagascar,Marokibo,MGA,4155.45
7304,2026-01-01,Madagascar,Marolinta,MGA,4537.24
7305,2026-02-01,Madagascar,Marolinta,MGA,4369.62
7306,2026-03-01,Madagascar,Marolinta,MGA,4169.27
7307,2026-04-01,Madagascar,Marolinta,MGA,4155.45
7308,2026-01-01,Madagascar,Maromby,MGA,4537.24
7309,2026-02-01,Madagascar,Maromby,MGA,4369.62
7310,2026-03-01,Madagascar,Maromby,MGA,4169.27
7311,2026-04-01,Madagascar,Maromby,MGA,4155.45
7312,2026-01-01,Madagascar,Maromiandra,MGA,4537.24
7313,2026-02-01,Madagascar,Maromiandra,MGA,4369.62
7314,2026-03-01,Madagascar,Maromiandra,MGA,4169.27
7315,2026-04-01,Madagascar,Maromiandra,MGA,4155.45
7316,2026-01-01,Madagascar,Marosangy,MGA,4537.24
7317,2026-02-01,Madagascar,Marosangy,MGA,4369.62
7318,2026-03-01,Madagascar,Marosangy,MGA,4169.27
7319,2026-04-01,Madagascar,Marosangy,MGA,4155.45
7320,2026-01-01,Madagascar,Marosavoa,MGA,4537.24
7321,2026-02-01,Madagascar,Marosavoa,MGA,4369.62
7322,2026-03-01,Madagascar,Marosavoa,MGA,4169.27
7323,2026-04-01,Madagascar,Marosavoa,MGA,4155.45
7324,2026-01-01,Madagascar,Marotsipoy,MGA,4537.24
7325,2026-02-01,Madagascar,Marotsipoy,MGA,4369.62
7326,2026-03-01,Madagascar,Marotsipoy,MGA,4169.27
7327,2026-04-01,Madagascar,Marotsipoy,MGA,4155.45
7328,2026-01-01,Madagascar,Marotsiraka,MGA,4537.24
7329,2026-02-01,Madagascar,Marotsiraka,MGA,4369.62
7330,2026-03-01,Madagascar,Marotsiraka,MGA,4169.27
7331,2026-04-01,Madagascar,Marotsiraka,MGA,4155.45
7332,2026-01-01,Madagascar,Marovandrika,MGA,4537.24
7333,2026-02-01,Madagascar,Marovandrika,MGA,4369.62
7334,2026-03-01,Madagascar,Marovandrika,MGA,4169.27
7335,2026-04-01,Madagascar,Marovandrika,MGA,4155.45
7336,2026-01-01,Madagascar,Marovato,MGA,4537.24
7337,2026-02-01,Madagascar,Marovato,MGA,4369.62
7338,2026-03-01,Madagascar,Marovato,MGA,4169.27
7339,2026-04-01,Madagascar,Marovato,MGA,4155.45
7340,2026-01-01,Madagascar,Maroviro,MGA,4537.24
7341,2026-02-01,Madagascar,Maroviro,MGA,4369.62
7342,2026-03-01,Madagascar,Maroviro,MGA,4169.27
7343,2026-04-01,Madagascar,Maroviro,MGA,4155.45
7344,2026-01-01,Madagascar,Marovitsika Sud,MGA,4537.24
7345,2026-02-01,Madagascar,Marovitsika Sud,MGA,4369.62
7346,2026-03-01,Madagascar,Marovitsika Sud,MGA,4169.27
7347,2026-04-01,Madagascar,Marovitsika Sud,MGA,4155.45
7348,2026-01-01,Madagascar,Masiaboay,MGA,4537.24
7349,2026-02-01,Madagascar,Masiaboay,MGA,4369.62
7350,2026-03-01,Madagascar,Masiaboay,MGA,4169.27
7351,2026-04-01,Madagascar,Masiaboay,MGA,4155.45
7352,2026-01-01,Madagascar,Masianaka,MGA,4537.24
7353,2026-02-01,Madagascar,Masianaka,MGA,4369.62
7354,2026-03-01,Madagascar,Masianaka,MGA,4169.27
7355,2026-04-01,Madagascar,Masianaka,MGA,4155.45
7356,2026-01-01,Madagascar,Matanga,MGA,4537.24
7357,2026-02-01,Madagascar,Matanga,MGA,4369.62
7358,2026-03-01,Madagascar,Matanga,MGA,4169.27
7359,2026-04-01,Madagascar,Matanga,MGA,4155.45
7360,2026-01-01,Madagascar,Mavorano,MGA,4537.24
7361,2026-02-01,Madagascar,Mavorano,MGA,4369.62
7362,2026-03-01,Madagascar,Mavorano,MGA,4169.27
7363,2026-04-01,Madagascar,Mavorano,MGA,4155.45
7364,2026-01-01,Madagascar,Melaky (Region),MGA,4537.24
7365,2026-02-01,Madagascar,Melaky (Region),MGA,4369.62
7366,2026-03-01,Madagascar,Melaky (Region),MGA,4169.27
7367,2026-04-01,Madagascar,Melaky (Region),MGA,4155.45
7368,2026-01-01,Madagascar,Menabe (Region),MGA,4537.24
7369,2026-02-01,Madagascar,Menabe (Region),MGA,4369.62
7370,2026-03-01,Madagascar,Menabe (Region),MGA,4169.27
7371,2026-04-01,Madagascar,Menabe (Region),MGA,4155.45
7372,2026-01-01,Madagascar,Merikanjaka,MGA,4537.24
7373,2026-02-01,Madagascar,Merikanjaka,MGA,4369.62
7374,2026-03-01,Madagascar,Merikanjaka,MGA,4169.27
7375,2026-04-01,Madagascar,Merikanjaka,MGA,4155.45
7376,2026-01-01,Madagascar,Miandrandra,MGA,4537.24
7377,2026-02-01,Madagascar,Miandrandra,MGA,4369.62
7378,2026-03-01,Madagascar,Miandrandra,MGA,4169.27
7379,2026-04-01,Madagascar,Miandrandra,MGA,4155.45
7380,2026-01-01,Madagascar,Miarinarivo,MGA,4537.24
7381,2026-02-01,Madagascar,Miarinarivo,MGA,4369.62
7382,2026-03-01,Madagascar,Miarinarivo,MGA,4169.27
7383,2026-04-01,Madagascar,Miarinarivo,MGA,4155.45
7384,2026-01-01,Madagascar,Miary Ambohibola,MGA,4537.24
7385,2026-02-01,Madagascar,Miary Ambohibola,MGA,4369.62
7386,2026-03-01,Madagascar,Miary Ambohibola,MGA,4169.27
7387,2026-04-01,Madagascar,Miary Ambohibola,MGA,4155.45
7388,2026-01-01,Madagascar,Miary Lamatihy,MGA,4537.24
7389,2026-02-01,Madagascar,Miary Lamatihy,MGA,4369.62
7390,2026-03-01,Madagascar,Miary Lamatihy,MGA,4169.27
7391,2026-04-01,Madagascar,Miary Lamatihy,MGA,4155.45
7392,2026-01-01,Madagascar,Mikaikarivo Ambatomainty,MGA,4537.24
7393,2026-02-01,Madagascar,Mikaikarivo Ambatomainty,MGA,4369.62
7394,2026-03-01,Madagascar,Mikaikarivo Ambatomainty,MGA,4169.27
7395,2026-04-01,Madagascar,Mikaikarivo Ambatomainty,MGA,4155.45
7396,2026-01-01,Madagascar,Mikoboka,MGA,4537.24
7397,2026-02-01,Madagascar,Mikoboka,MGA,4369.62
7398,2026-03-01,Madagascar,Mikoboka,MGA,4169.27
7399,2026-04-01,Madagascar,Mikoboka,MGA,4155.45
7400,2026-01-01,Madagascar,Milenaka,MGA,4537.24
7401,2026-02-01,Madagascar,Milenaka,MGA,4369.62
7402,2026-03-01,Madagascar,Milenaka,MGA,4169.27
7403,2026-04-01,Madagascar,Milenaka,MGA,4155.45
7404,2026-01-01,Madagascar,Mitanty,MGA,4537.24
7405,2026-02-01,Madagascar,Mitanty,MGA,4369.62
7406,2026-03-01,Madagascar,Mitanty,MGA,4169.27
7407,2026-04-01,Madagascar,Mitanty,MGA,4155.45
7408,2026-01-01,Madagascar,Mitsinjo Betanimena,MGA,4537.24
7409,2026-02-01,Madagascar,Mitsinjo Betanimena,MGA,4369.62
7410,2026-03-01,Madagascar,Mitsinjo Betanimena,MGA,4169.27
7411,2026-04-01,Madagascar,Mitsinjo Betanimena,MGA,4155.45
7412,2026-01-01,Madagascar,Mizilo Gara,MGA,4537.24
7413,2026-02-01,Madagascar,Mizilo Gara,MGA,4369.62
7414,2026-03-01,Madagascar,Mizilo Gara,MGA,4169.27
7415,2026-04-01,Madagascar,Mizilo Gara,MGA,4155.45
7416,2026-01-01,Madagascar,Montifeno,MGA,4537.24
7417,2026-02-01,Madagascar,Montifeno,MGA,4369.62
7418,2026-03-01,Madagascar,Montifeno,MGA,4169.27
7419,2026-04-01,Madagascar,Montifeno,MGA,4155.45
7420,2026-01-01,Madagascar,Morafeno,MGA,4537.24
7421,2026-02-01,Madagascar,Morafeno,MGA,4369.62
7422,2026-03-01,Madagascar,Morafeno,MGA,4169.27
7423,2026-04-01,Madagascar,Morafeno,MGA,4155.45
7424,2026-01-01,Madagascar,Morafeno Bekily,MGA,4537.24
7425,2026-02-01,Madagascar,Morafeno Bekily,MGA,4369.62
7426,2026-03-01,Madagascar,Morafeno Bekily,MGA,4169.27
7427,2026-04-01,Madagascar,Morafeno Bekily,MGA,4155.45
7428,2026-01-01,Madagascar,Morarano,MGA,4537.24
7429,2026-02-01,Madagascar,Morarano,MGA,4369.62
7430,2026-03-01,Madagascar,Morarano,MGA,4169.27
7431,2026-04-01,Madagascar,Morarano,MGA,4155.45
7432,2026-01-01,Madagascar,Morombe,MGA,4537.24
7433,2026-02-01,Madagascar,Morombe,MGA,4369.62
7434,2026-03-01,Madagascar,Morombe,MGA,4169.27
7435,2026-04-01,Madagascar,Morombe,MGA,4155.45
7436,2026-01-01,Madagascar,Moroteza,MGA,4537.24
7437,2026-02-01,Madagascar,Moroteza,MGA,4369.62
7438,2026-03-01,Madagascar,Moroteza,MGA,4169.27
7439,2026-04-01,Madagascar,Moroteza,MGA,4155.45
7440,2026-01-01,Madagascar,Nanarena Besakoa,MGA,4537.24
7441,2026-02-01,Madagascar,Nanarena Besakoa,MGA,4369.62
7442,2026-03-01,Madagascar,Nanarena Besakoa,MGA,4169.27
7443,2026-04-01,Madagascar,Nanarena Besakoa,MGA,4155.45
7444,2026-01-01,Madagascar,Naninora,MGA,4537.24
7445,2026-02-01,Madagascar,Naninora,MGA,4369.62
7446,2026-03-01,Madagascar,Naninora,MGA,4169.27
7447,2026-04-01,Madagascar,Naninora,MGA,4155.45
7448,2026-01-01,Madagascar,Nato,MGA,4537.24
7449,2026-02-01,Madagascar,Nato,MGA,4369.62
7450,2026-03-01,Madagascar,Nato,MGA,4169.27
7451,2026-04-01,Madagascar,Nato,MGA,4155.45
7452,2026-01-01,Madagascar,Nikoly,MGA,4537.24
7453,2026-02-01,Madagascar,Nikoly,MGA,4369.62
7454,2026-03-01,Madagascar,Nikoly,MGA,4169.27
7455,2026-04-01,Madagascar,Nikoly,MGA,4155.45
7456,2026-01-01,Madagascar,Nosifeno,MGA,4537.24
7457,2026-02-01,Madagascar,Nosifeno,MGA,4369.62
7458,2026-03-01,Madagascar,Nosifeno,MGA,4169.27
7459,2026-04-01,Madagascar,Nosifeno,MGA,4155.45
7460,2026-01-01,Madagascar,Nosy Varika,MGA,4537.24
7461,2026-02-01,Madagascar,Nosy Varika,MGA,4369.62
7462,2026-03-01,Madagascar,Nosy Varika,MGA,4169.27
7463,2026-04-01,Madagascar,Nosy Varika,MGA,4155.45
7464,2026-01-01,Madagascar,Onilahy,MGA,4537.24
7465,2026-02-01,Madagascar,Onilahy,MGA,4369.62
7466,2026-03-01,Madagascar,Onilahy,MGA,4169.27
7467,2026-04-01,Madagascar,Onilahy,MGA,4155.45
7468,2026-01-01,Madagascar,Onjatsy,MGA,4537.24
7469,2026-02-01,Madagascar,Onjatsy,MGA,4369.62
7470,2026-03-01,Madagascar,Onjatsy,MGA,4169.27
7471,2026-04-01,Madagascar,Onjatsy,MGA,4155.45
7472,2026-01-01,Madagascar,Ranobe,MGA,4537.24
7473,2026-02-01,Madagascar,Ranobe,MGA,4369.62
7474,2026-03-01,Madagascar,Ranobe,MGA,4169.27
7475,2026-04-01,Madagascar,Ranobe,MGA,4155.45
7476,2026-01-01,Madagascar,Ranomafana,MGA,4537.24
7477,2026-02-01,Madagascar,Ranomafana,MGA,4369.62
7478,2026-03-01,Madagascar,Ranomafana,MGA,4169.27
7479,2026-04-01,Madagascar,Ranomafana,MGA,4155.45
7480,2026-01-01,Madagascar,Ranomena,MGA,4537.24
7481,2026-02-01,Madagascar,Ranomena,MGA,4369.62
7482,2026-03-01,Madagascar,Ranomena,MGA,4169.27
7483,2026-04-01,Madagascar,Ranomena,MGA,4155.45
7484,2026-01-01,Madagascar,Ranopiso,MGA,4537.24
7485,2026-02-01,Madagascar,Ranopiso,MGA,4369.62
7486,2026-03-01,Madagascar,Ranopiso,MGA,4169.27
7487,2026-04-01,Madagascar,Ranopiso,MGA,4155.45
7488,2026-01-01,Madagascar,Ranotsara Sud,MGA,4537.24
7489,2026-02-01,Madagascar,Ranotsara Sud,MGA,4369.62
7490,2026-03-01,Madagascar,Ranotsara Sud,MGA,4169.27
7491,2026-04-01,Madagascar,Ranotsara Sud,MGA,4155.45
7492,2026-01-01,Madagascar,Sabotsy Namehana,MGA,4537.24
7493,2026-02-01,Madagascar,Sabotsy Namehana,MGA,4369.62
7494,2026-03-01,Madagascar,Sabotsy Namehana,MGA,4169.27
7495,2026-04-01,Madagascar,Sabotsy Namehana,MGA,4155.45
7496,2026-01-01,Madagascar,Sahalanona,MGA,4537.24
7497,2026-02-01,Madagascar,Sahalanona,MGA,4369.62
7498,2026-03-01,Madagascar,Sahalanona,MGA,4169.27
7499,2026-04-01,Madagascar,Sahalanona,MGA,4155.45
7500,2026-01-01,Madagascar,Sahalava,MGA,4537.24
7501,2026-02-01,Madagascar,Sahalava,MGA,4369.62
7502,2026-03-01,Madagascar,Sahalava,MGA,4169.27
7503,2026-04-01,Madagascar,Sahalava,MGA,4155.45
7504,2026-01-01,Madagascar,Sahamadio,MGA,4537.24
7505,2026-02-01,Madagascar,Sahamadio,MGA,4369.62
7506,2026-03-01,Madagascar,Sahamadio,MGA,4169.27
7507,2026-04-01,Madagascar,Sahamadio,MGA,4155.45
7508,2026-01-01,Madagascar,Sahanivotry Manandona,MGA,4537.24
7509,2026-02-01,Madagascar,Sahanivotry Manandona,MGA,4369.62
7510,2026-03-01,Madagascar,Sahanivotry Manandona,MGA,4169.27
7511,2026-04-01,Madagascar,Sahanivotry Manandona,MGA,4155.45
7512,2026-01-01,Madagascar,Sahasinaka,MGA,4537.24
7513,2026-02-01,Madagascar,Sahasinaka,MGA,4369.62
7514,2026-03-01,Madagascar,Sahasinaka,MGA,4169.27
7515,2026-04-01,Madagascar,Sahasinaka,MGA,4155.45
7516,2026-01-01,Madagascar,Sahavato,MGA,4537.24
7517,2026-02-01,Madagascar,Sahavato,MGA,4369.62
7518,2026-03-01,Madagascar,Sahavato,MGA,4169.27
7519,2026-04-01,Madagascar,Sahavato,MGA,4155.45
7520,2026-01-01,Madagascar,Saint Augustin,MGA,4537.24
7521,2026-02-01,Madagascar,Saint Augustin,MGA,4369.62
7522,2026-03-01,Madagascar,Saint Augustin,MGA,4169.27
7523,2026-04-01,Madagascar,Saint Augustin,MGA,4155.45
7524,2026-01-01,Madagascar,Sakamasay,MGA,4537.24
7525,2026-02-01,Madagascar,Sakamasay,MGA,4369.62
7526,2026-03-01,Madagascar,Sakamasay,MGA,4169.27
7527,2026-04-01,Madagascar,Sakamasay,MGA,4155.45
7528,2026-01-01,Madagascar,Sakaraha,MGA,4537.24
7529,2026-02-01,Madagascar,Sakaraha,MGA,4369.62
7530,2026-03-01,Madagascar,Sakaraha,MGA,4169.27
7531,2026-04-01,Madagascar,Sakaraha,MGA,4155.45
7532,2026-01-01,Madagascar,Sakena,MGA,4537.24
7533,2026-02-01,Madagascar,Sakena,MGA,4369.62
7534,2026-03-01,Madagascar,Sakena,MGA,4169.27
7535,2026-04-01,Madagascar,Sakena,MGA,4155.45
7536,2026-01-01,Madagascar,Sakoana,MGA,4537.24
7537,2026-02-01,Madagascar,Sakoana,MGA,4369.62
7538,2026-03-01,Madagascar,Sakoana,MGA,4169.27
7539,2026-04-01,Madagascar,Sakoana,MGA,4155.45
7540,2026-01-01,Madagascar,Salobe,MGA,4537.24
7541,2026-02-01,Madagascar,Salobe,MGA,4369.62
7542,2026-03-01,Madagascar,Salobe,MGA,4169.27
7543,2026-04-01,Madagascar,Salobe,MGA,4155.45
7544,2026-01-01,Madagascar,Sampona,MGA,4537.24
7545,2026-02-01,Madagascar,Sampona,MGA,4369.62
7546,2026-03-01,Madagascar,Sampona,MGA,4169.27
7547,2026-04-01,Madagascar,Sampona,MGA,4155.45
7548,2026-01-01,Madagascar,Sandravinany,MGA,4537.24
7549,2026-02-01,Madagascar,Sandravinany,MGA,4369.62
7550,2026-03-01,Madagascar,Sandravinany,MGA,4169.27
7551,2026-04-01,Madagascar,Sandravinany,MGA,4155.45
7552,2026-01-01,Madagascar,Sandrohy,MGA,4537.24
7553,2026-02-01,Madagascar,Sandrohy,MGA,4369.62
7554,2026-03-01,Madagascar,Sandrohy,MGA,4169.27
7555,2026-04-01,Madagascar,Sandrohy,MGA,4155.45
7556,2026-01-01,Madagascar,Sarisambo,MGA,4537.24
7557,2026-02-01,Madagascar,Sarisambo,MGA,4369.62
7558,2026-03-01,Madagascar,Sarisambo,MGA,4169.27
7559,2026-04-01,Madagascar,Sarisambo,MGA,4155.45
7560,2026-01-01,Madagascar,Sarobaratra Ifanja,MGA,4537.24
7561,2026-02-01,Madagascar,Sarobaratra Ifanja,MGA,4369.62
7562,2026-03-01,Madagascar,Sarobaratra Ifanja,MGA,4169.27
7563,2026-04-01,Madagascar,Sarobaratra Ifanja,MGA,4155.45
7564,2026-01-01,Madagascar,Sava (Region),MGA,4537.24
7565,2026-02-01,Madagascar,Sava (Region),MGA,4369.62
7566,2026-03-01,Madagascar,Sava (Region),MGA,4169.27
7567,2026-04-01,Madagascar,Sava (Region),MGA,4155.45
7568,2026-01-01,Madagascar,Savana,MGA,4537.24
7569,2026-02-01,Madagascar,Savana,MGA,4369.62
7570,2026-03-01,Madagascar,Savana,MGA,4169.27
7571,2026-04-01,Madagascar,Savana,MGA,4155.45
7572,2026-01-01,Madagascar,Savazy Ii,MGA,4537.24
7573,2026-02-01,Madagascar,Savazy Ii,MGA,4369.62
7574,2026-03-01,Madagascar,Savazy Ii,MGA,4169.27
7575,2026-04-01,Madagascar,Savazy Ii,MGA,4155.45
7576,2026-01-01,Madagascar,Sihanamaro,MGA,4537.24
7577,2026-02-01,Madagascar,Sihanamaro,MGA,4369.62
7578,2026-03-01,Madagascar,Sihanamaro,MGA,4169.27
7579,2026-04-01,Madagascar,Sihanamaro,MGA,4155.45
7580,2026-01-01,Madagascar,Soalara Sud,MGA,4537.24
7581,2026-02-01,Madagascar,Soalara Sud,MGA,4369.62
7582,2026-03-01,Madagascar,Soalara Sud,MGA,4169.27
7583,2026-04-01,Madagascar,Soalara Sud,MGA,4155.45
7584,2026-01-01,Madagascar,Soamagnitse,MGA,4537.24
7585,2026-02-01,Madagascar,Soamagnitse,MGA,4369.62
7586,2026-03-01,Madagascar,Soamagnitse,MGA,4169.27
7587,2026-04-01,Madagascar,Soamagnitse,MGA,4155.45
7588,2026-01-01,Madagascar,Soamahamanina,MGA,4537.24
7589,2026-02-01,Madagascar,Soamahamanina,MGA,4369.62
7590,2026-03-01,Madagascar,Soamahamanina,MGA,4169.27
7591,2026-04-01,Madagascar,Soamahamanina,MGA,4155.45
7592,2026-01-01,Madagascar,Soamanonga,MGA,4537.24
7593,2026-02-01,Madagascar,Soamanonga,MGA,4369.62
7594,2026-03-01,Madagascar,Soamanonga,MGA,4169.27
7595,2026-04-01,Madagascar,Soamanonga,MGA,4155.45
7596,2026-01-01,Madagascar,Soanierana,MGA,4537.24
7597,2026-02-01,Madagascar,Soanierana,MGA,4369.62
7598,2026-03-01,Madagascar,Soanierana,MGA,4169.27
7599,2026-04-01,Madagascar,Soanierana,MGA,4155.45
7600,2026-01-01,Madagascar,Soaserana,MGA,4537.24
7601,2026-02-01,Madagascar,Soaserana,MGA,4369.62
7602,2026-03-01,Madagascar,Soaserana,MGA,4169.27
7603,2026-04-01,Madagascar,Soaserana,MGA,4155.45
7604,2026-01-01,Madagascar,Soaserana Manja,MGA,4537.24
7605,2026-02-01,Madagascar,Soaserana Manja,MGA,4369.62
7606,2026-03-01,Madagascar,Soaserana Manja,MGA,4169.27
7607,2026-04-01,Madagascar,Soaserana Manja,MGA,4155.45
7608,2026-01-01,Madagascar,Soatsifa,MGA,4537.24
7609,2026-02-01,Madagascar,Soatsifa,MGA,4369.62
7610,2026-03-01,Madagascar,Soatsifa,MGA,4169.27
7611,2026-04-01,Madagascar,Soatsifa,MGA,4155.45
7612,2026-01-01,Madagascar,Soavina,MGA,4537.24
7613,2026-02-01,Madagascar,Soavina,MGA,4369.62
7614,2026-03-01,Madagascar,Soavina,MGA,4169.27
7615,2026-04-01,Madagascar,Soavina,MGA,4155.45
7616,2026-01-01,Madagascar,Soavinandriana,MGA,4537.24
7617,2026-02-01,Madagascar,Soavinandriana,MGA,4369.62
7618,2026-03-01,Madagascar,Soavinandriana,MGA,4169.27
7619,2026-04-01,Madagascar,Soavinandriana,MGA,4155.45
7620,2026-01-01,Madagascar,Sofia (Region),MGA,4537.24
7621,2026-02-01,Madagascar,Sofia (Region),MGA,4369.62
7622,2026-03-01,Madagascar,Sofia (Region),MGA,4169.27
7623,2026-04-01,Madagascar,Sofia (Region),MGA,4155.45
7624,2026-01-01,Madagascar,Sorombo,MGA,4537.24
7625,2026-02-01,Madagascar,Sorombo,MGA,4369.62
7626,2026-03-01,Madagascar,Sorombo,MGA,4169.27
7627,2026-04-01,Madagascar,Sorombo,MGA,4155.45
7628,2026-01-01,Madagascar,Talata Volonondry,MGA,4537.24
7629,2026-02-01,Madagascar,Talata Volonondry,MGA,4369.62
7630,2026-03-01,Madagascar,Talata Volonondry,MGA,4169.27
7631,2026-04-01,Madagascar,Talata Volonondry,MGA,4155.45
7632,2026-01-01,Madagascar,Tameantsoa,MGA,4537.24
7633,2026-02-01,Madagascar,Tameantsoa,MGA,4369.62
7634,2026-03-01,Madagascar,Tameantsoa,MGA,4169.27
7635,2026-04-01,Madagascar,Tameantsoa,MGA,4155.45
7636,2026-01-01,Madagascar,Tanakambana,MGA,4537.24
7637,2026-02-01,Madagascar,Tanakambana,MGA,4369.62
7638,2026-03-01,Madagascar,Tanakambana,MGA,4169.27
7639,2026-04-01,Madagascar,Tanakambana,MGA,4155.45
7640,2026-01-01,Madagascar,Tanamary,MGA,4537.24
7641,2026-02-01,Madagascar,Tanamary,MGA,4369.62
7642,2026-03-01,Madagascar,Tanamary,MGA,4169.27
7643,2026-04-01,Madagascar,Tanamary,MGA,4155.45
7644,2026-01-01,Madagascar,Tanambao,MGA,4537.24
7645,2026-02-01,Madagascar,Tanambao,MGA,4369.62
7646,2026-03-01,Madagascar,Tanambao,MGA,4169.27
7647,2026-04-01,Madagascar,Tanambao,MGA,4155.45
7648,2026-01-01,Madagascar,Tanandava,MGA,4537.24
7649,2026-02-01,Madagascar,Tanandava,MGA,4369.62
7650,2026-03-01,Madagascar,Tanandava,MGA,4169.27
7651,2026-04-01,Madagascar,Tanandava,MGA,4155.45
7652,2026-01-01,Madagascar,Tanandava station,MGA,4537.24
7653,2026-02-01,Madagascar,Tanandava station,MGA,4369.62
7654,2026-03-01,Madagascar,Tanandava station,MGA,4169.27
7655,2026-04-01,Madagascar,Tanandava station,MGA,4155.45
7656,2026-01-01,Madagascar,Tanandava Sud,MGA,4537.24
7657,2026-02-01,Madagascar,Tanandava Sud,MGA,4369.62
7658,2026-03-01,Madagascar,Tanandava Sud,MGA,4169.27
7659,2026-04-01,Madagascar,Tanandava Sud,MGA,4155.45
7660,2026-01-01,Madagascar,Tandrano,MGA,4537.24
7661,2026-02-01,Madagascar,Tandrano,MGA,4369.62
7662,2026-03-01,Madagascar,Tandrano,MGA,4169.27
7663,2026-04-01,Madagascar,Tandrano,MGA,4155.45
7664,2026-01-01,Madagascar,Tangainony,MGA,4537.24
7665,2026-02-01,Madagascar,Tangainony,MGA,4369.62
7666,2026-03-01,Madagascar,Tangainony,MGA,4169.27
7667,2026-04-01,Madagascar,Tangainony,MGA,4155.45
7668,2026-01-01,Madagascar,Toliara,MGA,4537.24
7669,2026-02-01,Madagascar,Toliara,MGA,4369.62
7670,2026-03-01,Madagascar,Toliara,MGA,4169.27
7671,2026-04-01,Madagascar,Toliara,MGA,4155.45
7672,2026-01-01,Madagascar,Tolongoina,MGA,4537.24
7673,2026-02-01,Madagascar,Tolongoina,MGA,4369.62
7674,2026-03-01,Madagascar,Tolongoina,MGA,4169.27
7675,2026-04-01,Madagascar,Tolongoina,MGA,4155.45
7676,2026-01-01,Madagascar,Tomboarivo,MGA,4537.24
7677,2026-02-01,Madagascar,Tomboarivo,MGA,4369.62
7678,2026-03-01,Madagascar,Tomboarivo,MGA,4169.27
7679,2026-04-01,Madagascar,Tomboarivo,MGA,4155.45
7680,2026-01-01,Madagascar,Tongobory,MGA,4537.24
7681,2026-02-01,Madagascar,Tongobory,MGA,4369.62
7682,2026-03-01,Madagascar,Tongobory,MGA,4169.27
7683,2026-04-01,Madagascar,Tongobory,MGA,4155.45
7684,2026-01-01,Madagascar,Tranomaro,MGA,4537.24
7685,2026-02-01,Madagascar,Tranomaro,MGA,4369.62
7686,2026-03-01,Madagascar,Tranomaro,MGA,4169.27
7687,2026-04-01,Madagascar,Tranomaro,MGA,4155.45
7688,2026-01-01,Madagascar,Tranoroa,MGA,4537.24
7689,2026-02-01,Madagascar,Tranoroa,MGA,4369.62
7690,2026-03-01,Madagascar,Tranoroa,MGA,4169.27
7691,2026-04-01,Madagascar,Tranoroa,MGA,4155.45
7692,2026-01-01,Madagascar,Tranovaho,MGA,4537.24
7693,2026-02-01,Madagascar,Tranovaho,MGA,4369.62
7694,2026-03-01,Madagascar,Tranovaho,MGA,4169.27
7695,2026-04-01,Madagascar,Tranovaho,MGA,4155.45
7696,2026-01-01,Madagascar,Tsarahafatra,MGA,4537.24
7697,2026-02-01,Madagascar,Tsarahafatra,MGA,4369.62
7698,2026-03-01,Madagascar,Tsarahafatra,MGA,4169.27
7699,2026-04-01,Madagascar,Tsarahafatra,MGA,4155.45
7700,2026-01-01,Madagascar,Tsaraitso,MGA,4537.24
7701,2026-02-01,Madagascar,Tsaraitso,MGA,4369.62
7702,2026-03-01,Madagascar,Tsaraitso,MGA,4169.27
7703,2026-04-01,Madagascar,Tsaraitso,MGA,4155.45
7704,2026-01-01,Madagascar,Tsarasaotra,MGA,4537.24
7705,2026-02-01,Madagascar,Tsarasaotra,MGA,4369.62
7706,2026-03-01,Madagascar,Tsarasaotra,MGA,4169.27
7707,2026-04-01,Madagascar,Tsarasaotra,MGA,4155.45
7708,2026-01-01,Madagascar,Tsaratanana,MGA,4537.24
7709,2026-02-01,Madagascar,Tsaratanana,MGA,4369.62
7710,2026-03-01,Madagascar,Tsaratanana,MGA,4169.27
7711,2026-04-01,Madagascar,Tsaratanana,MGA,4155.45
7712,2026-01-01,Madagascar,Tsaravary,MGA,4537.24
7713,2026-02-01,Madagascar,Tsaravary,MGA,4369.62
7714,2026-03-01,Madagascar,Tsaravary,MGA,4169.27
7715,2026-04-01,Madagascar,Tsaravary,MGA,4155.45
7716,2026-01-01,Madagascar,Tsianisiha,MGA,4537.24
7717,2026-02-01,Madagascar,Tsianisiha,MGA,4369.62
7718,2026-03-01,Madagascar,Tsianisiha,MGA,4169.27
7719,2026-04-01,Madagascar,Tsianisiha,MGA,4155.45
7720,2026-01-01,Madagascar,Tsianofana,MGA,4537.24
7721,2026-02-01,Madagascar,Tsianofana,MGA,4369.62
7722,2026-03-01,Madagascar,Tsianofana,MGA,4169.27
7723,2026-04-01,Madagascar,Tsianofana,MGA,4155.45
7724,2026-01-01,Madagascar,Tsiately,MGA,4537.24
7725,2026-02-01,Madagascar,Tsiately,MGA,4369.62
7726,2026-03-01,Madagascar,Tsiately,MGA,4169.27
7727,2026-04-01,Madagascar,Tsiately,MGA,4155.45
7728,2026-01-01,Madagascar,Tsiatosika,MGA,4537.24
7729,2026-02-01,Madagascar,Tsiatosika,MGA,4369.62
7730,2026-03-01,Madagascar,Tsiatosika,MGA,4169.27
7731,2026-04-01,Madagascar,Tsiatosika,MGA,4155.45
7732,2026-01-01,Madagascar,Tsihombe,MGA,4537.24
7733,2026-02-01,Madagascar,Tsihombe,MGA,4369.62
7734,2026-03-01,Madagascar,Tsihombe,MGA,4169.27
7735,2026-04-01,Madagascar,Tsihombe,MGA,4155.45
7736,2026-01-01,Madagascar,Tsikolaky,MGA,4537.24
7737,2026-02-01,Madagascar,Tsikolaky,MGA,4369.62
7738,2026-03-01,Madagascar,Tsikolaky,MGA,4169.27
7739,2026-04-01,Madagascar,Tsikolaky,MGA,4155.45
7740,2026-01-01,Madagascar,Tsimananada,MGA,4537.24
7741,2026-02-01,Madagascar,Tsimananada,MGA,4369.62
7742,2026-03-01,Madagascar,Tsimananada,MGA,4169.27
7743,2026-04-01,Madagascar,Tsimananada,MGA,4155.45
7744,2026-01-01,Madagascar,Tsirandrany,MGA,4537.24
7745,2026-02-01,Madagascar,Tsirandrany,MGA,4369.62
7746,2026-03-01,Madagascar,Tsirandrany,MGA,4169.27
7747,2026-04-01,Madagascar,Tsirandrany,MGA,4155.45
7748,2026-01-01,Madagascar,Tsivory,MGA,4537.24
7749,2026-02-01,Madagascar,Tsivory,MGA,4369.62
7750,2026-03-01,Madagascar,Tsivory,MGA,4169.27
7751,2026-04-01,Madagascar,Tsivory,MGA,4155.45
7752,2026-01-01,Madagascar,Vakinakaratra (Region),MGA,4537.24
7753,2026-02-01,Madagascar,Vakinakaratra (Region),MGA,4369.62
7754,2026-03-01,Madagascar,Vakinakaratra (Region),MGA,4169.27
7755,2026-04-01,Madagascar,Vakinakaratra (Region),MGA,4155.45
7756,2026-01-01,Madagascar,Vangaindrano,MGA,4537.24
7757,2026-02-01,Madagascar,Vangaindrano,MGA,4369.62
7758,2026-03-01,Madagascar,Vangaindrano,MGA,4169.27
7759,2026-04-01,Madagascar,Vangaindrano,MGA,4155.45
7760,2026-01-01,Madagascar,Vatolatsaka,MGA,4537.24
7761,2026-02-01,Madagascar,Vatolatsaka,MGA,4369.62
7762,2026-03-01,Madagascar,Vatolatsaka,MGA,4169.27
7763,2026-04-01,Madagascar,Vatolatsaka,MGA,4155.45
7764,2026-01-01,Madagascar,Vatovavy Fitovinany (Region),MGA,4537.24
7765,2026-02-01,Madagascar,Vatovavy Fitovinany (Region),MGA,4369.62
7766,2026-03-01,Madagascar,Vatovavy Fitovinany (Region),MGA,4169.27
7767,2026-04-01,Madagascar,Vatovavy Fitovinany (Region),MGA,4155.45
7768,2026-01-01,Madagascar,Vinaninkarena,MGA,4537.24
7769,2026-02-01,Madagascar,Vinaninkarena,MGA,4369.62
7770,2026-03-01,Madagascar,Vinaninkarena,MGA,4169.27
7771,2026-04-01,Madagascar,Vinaninkarena,MGA,4155.45
7772,2026-01-01,Madagascar,Vohiboreka,MGA,4537.24
7773,2026-02-01,Madagascar,Vohiboreka,MGA,4369.62
7774,2026-03-01,Madagascar,Vohiboreka,MGA,4169.27
7775,2026-04-01,Madagascar,Vohiboreka,MGA,4155.45
7776,2026-01-01,Madagascar,Vohilany,MGA,4537.24
7777,2026-02-01,Madagascar,Vohilany,MGA,4369.62
7778,2026-03-01,Madagascar,Vohilany,MGA,4169.27
7779,2026-04-01,Madagascar,Vohilany,MGA,4155.45
7780,2026-01-01,Madagascar,Vohilava,MGA,4537.24
7781,2026-02-01,Madagascar,Vohilava,MGA,4369.62
7782,2026-03-01,Madagascar,Vohilava,MGA,4169.27
7783,2026-04-01,Madagascar,Vohilava,MGA,4155.45
7784,2026-01-01,Madagascar,Vohilava Manampatrana,MGA,4537.24
7785,2026-02-01,Madagascar,Vohilava Manampatrana,MGA,4369.62
7786,2026-03-01,Madagascar,Vohilava Manampatrana,MGA,4169.27
7787,2026-04-01,Madagascar,Vohilava Manampatrana,MGA,4155.45
7788,2026-01-01,Madagascar,Vohimalaza,MGA,4537.24
7789,2026-02-01,Madagascar,Vohimalaza,MGA,4369.62
7790,2026-03-01,Madagascar,Vohimalaza,MGA,4169.27
7791,2026-04-01,Madagascar,Vohimalaza,MGA,4155.45
7792,2026-01-01,Madagascar,Vohimary,MGA,4537.24
7793,2026-02-01,Madagascar,Vohimary,MGA,4369.62
7794,2026-03-01,Madagascar,Vohimary,MGA,4169.27
7795,2026-04-01,Madagascar,Vohimary,MGA,4155.45
7796,2026-01-01,Madagascar,Vohimasina Nord,MGA,4537.24
7797,2026-02-01,Madagascar,Vohimasina Nord,MGA,4369.62
7798,2026-03-01,Madagascar,Vohimasina Nord,MGA,4169.27
7799,2026-04-01,Madagascar,Vohimasina Nord,MGA,4155.45
7800,2026-01-01,Madagascar,Vohimasina Sud,MGA,4537.24
7801,2026-02-01,Madagascar,Vohimasina Sud,MGA,4369.62
7802,2026-03-01,Madagascar,Vohimasina Sud,MGA,4169.27
7803,2026-04-01,Madagascar,Vohimasina Sud,MGA,4155.45
7804,2026-01-01,Madagascar,Vohimasy,MGA,4537.24
7805,2026-02-01,Madagascar,Vohimasy,MGA,4369.62
7806,2026-03-01,Madagascar,Vohimasy,MGA,4169.27
7807,2026-04-01,Madagascar,Vohimasy,MGA,4155.45
7808,2026-01-01,Madagascar,Vohindava,MGA,4537.24
7809,2026-02-01,Madagascar,Vohindava,MGA,4369.62
7810,2026-03-01,Madagascar,Vohindava,MGA,4169.27
7811,2026-04-01,Madagascar,Vohindava,MGA,4155.45
7812,2026-01-01,Madagascar,Vohipaho,MGA,4537.24
7813,2026-02-01,Madagascar,Vohipaho,MGA,4369.62
7814,2026-03-01,Madagascar,Vohipaho,MGA,4169.27
7815,2026-04-01,Madagascar,Vohipaho,MGA,4155.45
7816,2026-01-01,Madagascar,Vohipeno,MGA,4537.24
7817,2026-02-01,Madagascar,Vohipeno,MGA,4369.62
7818,2026-03-01,Madagascar,Vohipeno,MGA,4169.27
7819,2026-04-01,Madagascar,Vohipeno,MGA,4155.45
7820,2026-01-01,Madagascar,Vohitany,MGA,4537.24
7821,2026-02-01,Madagascar,Vohitany,MGA,4369.62
7822,2026-03-01,Madagascar,Vohitany,MGA,4169.27
7823,2026-04-01,Madagascar,Vohitany,MGA,4155.45
7824,2026-01-01,Madagascar,Vohitrambo,MGA,4537.24
7825,2026-02-01,Madagascar,Vohitrambo,MGA,4369.62
7826,2026-03-01,Madagascar,Vohitrambo,MGA,4169.27
7827,2026-04-01,Madagascar,Vohitrambo,MGA,4155.45
7828,2026-01-01,Madagascar,Vohitrandriana,MGA,4537.24
7829,2026-02-01,Madagascar,Vohitrandriana,MGA,4369.62
7830,2026-03-01,Madagascar,Vohitrandriana,MGA,4169.27
7831,2026-04-01,Madagascar,Vohitrandriana,MGA,4155.45
7832,2026-01-01,Madagascar,Vohitrindry,MGA,4537.24
7833,2026-02-01,Madagascar,Vohitrindry,MGA,4369.62
7834,2026-03-01,Madagascar,Vohitrindry,MGA,4169.27
7835,2026-04-01,Madagascar,Vohitrindry,MGA,4155.45
7836,2026-01-01,Madagascar,Vohitromby,MGA,4537.24
7837,2026-02-01,Madagascar,Vohitromby,MGA,4369.62
7838,2026-03-01,Madagascar,Vohitromby,MGA,4169.27
7839,2026-04-01,Madagascar,Vohitromby,MGA,4155.45
7840,2026-01-01,Madagascar,Vondrozo,MGA,4537.24
7841,2026-02-01,Madagascar,Vondrozo,MGA,4369.62
7842,2026-03-01,Madagascar,Vondrozo,MGA,4169.27
7843,2026-04-01,Madagascar,Vondrozo,MGA,4155.45
7844,2026-01-01,Madagascar,Zafindrafady,MGA,4537.24
7845,2026-02-01,Madagascar,Zafindrafady,MGA,4369.62
7846,2026-03-01,Madagascar,Zafindrafady,MGA,4169.27
7847,2026-04-01,Madagascar,Zafindrafady,MGA,4155.45
7848,2026-01-01,Madagascar,Market Average,MGA,4537.24
7849,2026-02-01,Madagascar,Market Average,MGA,4369.62
7850,2026-03-01,Madagascar,Market Average,MGA,4169.27
7851,2026-04-01,Madagascar,Market Average,MGA,4155.45
7852,2026-01-01,Mali,Abeibara,XOF,558.82
7853,2026-02-01,Mali,Abeibara,XOF,554.77
7854,2026-03-01,Mali,Abeibara,XOF,567.41
7855,2026-04-01,Mali,Abeibara,XOF,571.21
7856,2026-01-01,Mali,Adjelhoc,XOF,558.82
7857,2026-02-01,Mali,Adjelhoc,XOF,554.77
7858,2026-03-01,Mali,Adjelhoc,XOF,567.41
7859,2026-04-01,Mali,Adjelhoc,XOF,571.21
7860,2026-01-01,Mali,Agazrahane,XOF,558.82
7861,2026-02-01,Mali,Agazrahane,XOF,554.77
7862,2026-03-01,Mali,Agazrahane,XOF,567.41
7863,2026-04-01,Mali,Agazrahane,XOF,571.21
7864,2026-01-01,Mali,Aglal,XOF,558.82
7865,2026-02-01,Mali,Aglal,XOF,554.77
7866,2026-03-01,Mali,Aglal,XOF,567.41
7867,2026-04-01,Mali,Aglal,XOF,571.21
7868,2026-01-01,Mali,Amachach,XOF,558.82
7869,2026-02-01,Mali,Amachach,XOF,554.77
7870,2026-03-01,Mali,Amachach,XOF,567.41
7871,2026-04-01,Mali,Amachach,XOF,571.21
7872,2026-01-01,Mali,Anderamboukane,XOF,558.82
7873,2026-02-01,Mali,Anderamboukane,XOF,554.77
7874,2026-03-01,Mali,Anderamboukane,XOF,567.41
7875,2026-04-01,Mali,Anderamboukane,XOF,571.21
7876,2026-01-01,Mali,Annefif,XOF,558.82
7877,2026-02-01,Mali,Annefif,XOF,554.77
7878,2026-03-01,Mali,Annefif,XOF,567.41
7879,2026-04-01,Mali,Annefif,XOF,571.21
7880,2026-01-01,Mali,Ansongo,XOF,558.82
7881,2026-02-01,Mali,Ansongo,XOF,554.77
7882,2026-03-01,Mali,Ansongo,XOF,567.41
7883,2026-04-01,Mali,Ansongo,XOF,571.21
7884,2026-01-01,Mali,Attara,XOF,558.82
7885,2026-02-01,Mali,Attara,XOF,554.77
7886,2026-03-01,Mali,Attara,XOF,567.41
7887,2026-04-01,Mali,Attara,XOF,571.21
7888,2026-01-01,Mali,Badalabougou,XOF,558.82
7889,2026-02-01,Mali,Badalabougou,XOF,554.77
7890,2026-03-01,Mali,Badalabougou,XOF,567.41
7891,2026-04-01,Mali,Badalabougou,XOF,571.21
7892,2026-01-01,Mali,Badinko,XOF,558.82
7893,2026-02-01,Mali,Badinko,XOF,554.77
7894,2026-03-01,Mali,Badinko,XOF,567.41
7895,2026-04-01,Mali,Badinko,XOF,571.21
7896,2026-01-01,Mali,Bafoulabé,XOF,558.82
7897,2026-02-01,Mali,Bafoulabé,XOF,554.77
7898,2026-03-01,Mali,Bafoulabé,XOF,567.41
7899,2026-04-01,Mali,Bafoulabé,XOF,571.21
7900,2026-01-01,Mali,Bamako,XOF,558.82
7901,2026-02-01,Mali,Bamako,XOF,554.77
7902,2026-03-01,Mali,Bamako,XOF,567.41
7903,2026-04-01,Mali,Bamako,XOF,571.21
7904,2026-01-01,Mali,Bamba,XOF,558.82
7905,2026-02-01,Mali,Bamba,XOF,554.77
7906,2026-03-01,Mali,Bamba,XOF,567.41
7907,2026-04-01,Mali,Bamba,XOF,571.21
7908,2026-01-01,Mali,Bambara Maoude,XOF,558.82
7909,2026-02-01,Mali,Bambara Maoude,XOF,554.77
7910,2026-03-01,Mali,Bambara Maoude,XOF,567.41
7911,2026-04-01,Mali,Bambara Maoude,XOF,571.21
7912,2026-01-01,Mali,Banamba,XOF,558.82
7913,2026-02-01,Mali,Banamba,XOF,554.77
7914,2026-03-01,Mali,Banamba,XOF,567.41
7915,2026-04-01,Mali,Banamba,XOF,571.21
7916,2026-01-01,Mali,Bandiagara,XOF,558.82
7917,2026-02-01,Mali,Bandiagara,XOF,554.77
7918,2026-03-01,Mali,Bandiagara,XOF,567.41
7919,2026-04-01,Mali,Bandiagara,XOF,571.21
7920,2026-01-01,Mali,Bankass,XOF,558.82
7921,2026-02-01,Mali,Bankass,XOF,554.77
7922,2026-03-01,Mali,Bankass,XOF,567.41
7923,2026-04-01,Mali,Bankass,XOF,571.21
7924,2026-01-01,Mali,Bankoma,XOF,558.82
7925,2026-02-01,Mali,Bankoma,XOF,554.77
7926,2026-03-01,Mali,Bankoma,XOF,567.41
7927,2026-04-01,Mali,Bankoma,XOF,571.21
7928,2026-01-01,Mali,Baraoueli,XOF,558.82
7929,2026-02-01,Mali,Baraoueli,XOF,554.77
7930,2026-03-01,Mali,Baraoueli,XOF,567.41
7931,2026-04-01,Mali,Baraoueli,XOF,571.21
7932,2026-01-01,Mali,Ber,XOF,558.82
7933,2026-02-01,Mali,Ber,XOF,554.77
7934,2026-03-01,Mali,Ber,XOF,567.41
7935,2026-04-01,Mali,Ber,XOF,571.21
7936,2026-01-01,Mali,Bintagoungou,XOF,558.82
7937,2026-02-01,Mali,Bintagoungou,XOF,554.77
7938,2026-03-01,Mali,Bintagoungou,XOF,567.41
7939,2026-04-01,Mali,Bintagoungou,XOF,571.21
7940,2026-01-01,Mali,Bla,XOF,558.82
7941,2026-02-01,Mali,Bla,XOF,554.77
7942,2026-03-01,Mali,Bla,XOF,567.41
7943,2026-04-01,Mali,Bla,XOF,571.21
7944,2026-01-01,Mali,Boni,XOF,558.82
7945,2026-02-01,Mali,Boni,XOF,554.77
7946,2026-03-01,Mali,Boni,XOF,567.41
7947,2026-04-01,Mali,Boni,XOF,571.21
7948,2026-01-01,Mali,Bougouni,XOF,558.82
7949,2026-02-01,Mali,Bougouni,XOF,554.77
7950,2026-03-01,Mali,Bougouni,XOF,567.41
7951,2026-04-01,Mali,Bougouni,XOF,571.21
7952,2026-01-01,Mali,Bourem,XOF,558.82
7953,2026-02-01,Mali,Bourem,XOF,554.77
7954,2026-03-01,Mali,Bourem,XOF,567.41
7955,2026-04-01,Mali,Bourem,XOF,571.21
7956,2026-01-01,Mali,Bourem Inaly,XOF,558.82
7957,2026-02-01,Mali,Bourem Inaly,XOF,554.77
7958,2026-03-01,Mali,Bourem Inaly,XOF,567.41
7959,2026-04-01,Mali,Bourem Inaly,XOF,571.21
7960,2026-01-01,Mali,Dangha,XOF,558.82
7961,2026-02-01,Mali,Dangha,XOF,554.77
7962,2026-03-01,Mali,Dangha,XOF,567.41
7963,2026-04-01,Mali,Dangha,XOF,571.21
7964,2026-01-01,Mali,Diafarabé,XOF,558.82
7965,2026-02-01,Mali,Diafarabé,XOF,554.77
7966,2026-03-01,Mali,Diafarabé,XOF,567.41
7967,2026-04-01,Mali,Diafarabé,XOF,571.21
7968,2026-01-01,Mali,Diakawèrè,XOF,558.82
7969,2026-02-01,Mali,Diakawèrè,XOF,554.77
7970,2026-03-01,Mali,Diakawèrè,XOF,567.41
7971,2026-04-01,Mali,Diakawèrè,XOF,571.21
7972,2026-01-01,Mali,Diallassagou,XOF,558.82
7973,2026-02-01,Mali,Diallassagou,XOF,554.77
7974,2026-03-01,Mali,Diallassagou,XOF,567.41
7975,2026-04-01,Mali,Diallassagou,XOF,571.21
7976,2026-01-01,Mali,Dibida,XOF,558.82
7977,2026-02-01,Mali,Dibida,XOF,554.77
7978,2026-03-01,Mali,Dibida,XOF,567.41
7979,2026-04-01,Mali,Dibida,XOF,571.21
7980,2026-01-01,Mali,Diéma,XOF,558.82
7981,2026-02-01,Mali,Diéma,XOF,554.77
7982,2026-03-01,Mali,Diéma,XOF,567.41
7983,2026-04-01,Mali,Diéma,XOF,571.21
7984,2026-01-01,Mali,Diguiciré,XOF,558.82
7985,2026-02-01,Mali,Diguiciré,XOF,554.77
7986,2026-03-01,Mali,Diguiciré,XOF,567.41
7987,2026-04-01,Mali,Diguiciré,XOF,571.21
7988,2026-01-01,Mali,Dioïla,XOF,558.82
7989,2026-02-01,Mali,Dioïla,XOF,554.77
7990,2026-03-01,Mali,Dioïla,XOF,567.41
7991,2026-04-01,Mali,Dioïla,XOF,571.21
7992,2026-01-01,Mali,Diondiori,XOF,558.82
7993,2026-02-01,Mali,Diondiori,XOF,554.77
7994,2026-03-01,Mali,Diondiori,XOF,567.41
7995,2026-04-01,Mali,Diondiori,XOF,571.21
7996,2026-01-01,Mali,Dioro,XOF,558.82
7997,2026-02-01,Mali,Dioro,XOF,554.77
7998,2026-03-01,Mali,Dioro,XOF,567.41
7999,2026-04-01,Mali,Dioro,XOF,571.21
8000,2026-01-01,Mali,Diré,XOF,558.82
8001,2026-02-01,Mali,Diré,XOF,554.77
8002,2026-03-01,Mali,Diré,XOF,567.41
8003,2026-04-01,Mali,Diré,XOF,571.21
8004,2026-01-01,Mali,Djebok,XOF,558.82
8005,2026-02-01,Mali,Djebok,XOF,554.77
8006,2026-03-01,Mali,Djebok,XOF,567.41
8007,2026-04-01,Mali,Djebok,XOF,571.21
8008,2026-01-01,Mali,Djenne,XOF,558.82
8009,2026-02-01,Mali,Djenne,XOF,554.77
8010,2026-03-01,Mali,Djenne,XOF,567.41
8011,2026-04-01,Mali,Djenne,XOF,571.21
8012,2026-01-01,Mali,Djikoroni,XOF,558.82
8013,2026-02-01,Mali,Djikoroni,XOF,554.77
8014,2026-03-01,Mali,Djikoroni,XOF,567.41
8015,2026-04-01,Mali,Djikoroni,XOF,571.21
8016,2026-01-01,Mali,Djoulouna,XOF,558.82
8017,2026-02-01,Mali,Djoulouna,XOF,554.77
8018,2026-03-01,Mali,Djoulouna,XOF,567.41
8019,2026-04-01,Mali,Djoulouna,XOF,571.21
8020,2026-01-01,Mali,Dogofri,XOF,558.82
8021,2026-02-01,Mali,Dogofri,XOF,554.77
8022,2026-03-01,Mali,Dogofri,XOF,567.41
8023,2026-04-01,Mali,Dogofri,XOF,571.21
8024,2026-01-01,Mali,Douekire,XOF,558.82
8025,2026-02-01,Mali,Douekire,XOF,554.77
8026,2026-03-01,Mali,Douekire,XOF,567.41
8027,2026-04-01,Mali,Douekire,XOF,571.21
8028,2026-01-01,Mali,Douentza,XOF,558.82
8029,2026-02-01,Mali,Douentza,XOF,554.77
8030,2026-03-01,Mali,Douentza,XOF,567.41
8031,2026-04-01,Mali,Douentza,XOF,571.21
8032,2026-01-01,Mali,Dougouolo,XOF,558.82
8033,2026-02-01,Mali,Dougouolo,XOF,554.77
8034,2026-03-01,Mali,Dougouolo,XOF,567.41
8035,2026-04-01,Mali,Dougouolo,XOF,571.21
8036,2026-01-01,Mali,Échelle,XOF,558.82
8037,2026-02-01,Mali,Échelle,XOF,554.77
8038,2026-03-01,Mali,Échelle,XOF,567.41
8039,2026-04-01,Mali,Échelle,XOF,571.21
8040,2026-01-01,Mali,Fadjiguila,XOF,558.82
8041,2026-02-01,Mali,Fadjiguila,XOF,554.77
8042,2026-03-01,Mali,Fadjiguila,XOF,567.41
8043,2026-04-01,Mali,Fadjiguila,XOF,571.21
8044,2026-01-01,Mali,Faladié,XOF,558.82
8045,2026-02-01,Mali,Faladié,XOF,554.77
8046,2026-03-01,Mali,Faladié,XOF,567.41
8047,2026-04-01,Mali,Faladié,XOF,571.21
8048,2026-01-01,Mali,Fana,XOF,558.82
8049,2026-02-01,Mali,Fana,XOF,554.77
8050,2026-03-01,Mali,Fana,XOF,567.41
8051,2026-04-01,Mali,Fana,XOF,571.21
8052,2026-01-01,Mali,Fatiné,XOF,558.82
8053,2026-02-01,Mali,Fatiné,XOF,554.77
8054,2026-03-01,Mali,Fatiné,XOF,567.41
8055,2026-04-01,Mali,Fatiné,XOF,571.21
8056,2026-01-01,Mali,Forgho,XOF,558.82
8057,2026-02-01,Mali,Forgho,XOF,554.77
8058,2026-03-01,Mali,Forgho,XOF,567.41
8059,2026-04-01,Mali,Forgho,XOF,571.21
8060,2026-01-01,Mali,Gao,XOF,558.82
8061,2026-02-01,Mali,Gao,XOF,554.77
8062,2026-03-01,Mali,Gao,XOF,567.41
8063,2026-04-01,Mali,Gao,XOF,571.21
8064,2026-01-01,Mali,Gathi Loumo,XOF,558.82
8065,2026-02-01,Mali,Gathi Loumo,XOF,554.77
8066,2026-03-01,Mali,Gathi Loumo,XOF,567.41
8067,2026-04-01,Mali,Gathi Loumo,XOF,571.21
8068,2026-01-01,Mali,Gossi,XOF,558.82
8069,2026-02-01,Mali,Gossi,XOF,554.77
8070,2026-03-01,Mali,Gossi,XOF,567.41
8071,2026-04-01,Mali,Gossi,XOF,571.21
8072,2026-01-01,Mali,Gounanbougou,XOF,558.82
8073,2026-02-01,Mali,Gounanbougou,XOF,554.77
8074,2026-03-01,Mali,Gounanbougou,XOF,567.41
8075,2026-04-01,Mali,Gounanbougou,XOF,571.21
8076,2026-01-01,Mali,Goundam,XOF,558.82
8077,2026-02-01,Mali,Goundam,XOF,554.77
8078,2026-03-01,Mali,Goundam,XOF,567.41
8079,2026-04-01,Mali,Goundam,XOF,571.21
8080,2026-01-01,Mali,Gourma Rharous,XOF,558.82
8081,2026-02-01,Mali,Gourma Rharous,XOF,554.77
8082,2026-03-01,Mali,Gourma Rharous,XOF,567.41
8083,2026-04-01,Mali,Gourma Rharous,XOF,571.21
8084,2026-01-01,Mali,Haoussa Foulane,XOF,558.82
8085,2026-02-01,Mali,Haoussa Foulane,XOF,554.77
8086,2026-03-01,Mali,Haoussa Foulane,XOF,567.41
8087,2026-04-01,Mali,Haoussa Foulane,XOF,571.21
8088,2026-01-01,Mali,Hombori,XOF,558.82
8089,2026-02-01,Mali,Hombori,XOF,554.77
8090,2026-03-01,Mali,Hombori,XOF,567.41
8091,2026-04-01,Mali,Hombori,XOF,571.21
8092,2026-01-01,Mali,Kangaba,XOF,558.82
8093,2026-02-01,Mali,Kangaba,XOF,554.77
8094,2026-03-01,Mali,Kangaba,XOF,567.41
8095,2026-04-01,Mali,Kangaba,XOF,571.21
8096,2026-01-01,Mali,Kati,XOF,558.82
8097,2026-02-01,Mali,Kati,XOF,554.77
8098,2026-03-01,Mali,Kati,XOF,567.41
8099,2026-04-01,Mali,Kati,XOF,571.21
8100,2026-01-01,Mali,Kayes Centre,XOF,558.82
8101,2026-02-01,Mali,Kayes Centre,XOF,554.77
8102,2026-03-01,Mali,Kayes Centre,XOF,567.41
8103,2026-04-01,Mali,Kayes Centre,XOF,571.21
8104,2026-01-01,Mali,Kayes N'Dy,XOF,558.82
8105,2026-02-01,Mali,Kayes N'Dy,XOF,554.77
8106,2026-03-01,Mali,Kayes N'Dy,XOF,567.41
8107,2026-04-01,Mali,Kayes N'Dy,XOF,571.21
8108,2026-01-01,Mali,Kayes Plateau,XOF,558.82
8109,2026-02-01,Mali,Kayes Plateau,XOF,554.77
8110,2026-03-01,Mali,Kayes Plateau,XOF,567.41
8111,2026-04-01,Mali,Kayes Plateau,XOF,571.21
8112,2026-01-01,Mali,Kéniéba,XOF,558.82
8113,2026-02-01,Mali,Kéniéba,XOF,554.77
8114,2026-03-01,Mali,Kéniéba,XOF,567.41
8115,2026-04-01,Mali,Kéniéba,XOF,571.21
8116,2026-01-01,Mali,Kidal,XOF,558.82
8117,2026-02-01,Mali,Kidal,XOF,554.77
8118,2026-03-01,Mali,Kidal,XOF,567.41
8119,2026-04-01,Mali,Kidal,XOF,571.21
8120,2026-01-01,Mali,Kiffosso,XOF,558.82
8121,2026-02-01,Mali,Kiffosso,XOF,554.77
8122,2026-03-01,Mali,Kiffosso,XOF,567.41
8123,2026-04-01,Mali,Kiffosso,XOF,571.21
8124,2026-01-01,Mali,Kikara,XOF,558.82
8125,2026-02-01,Mali,Kikara,XOF,554.77
8126,2026-03-01,Mali,Kikara,XOF,567.41
8127,2026-04-01,Mali,Kikara,XOF,571.21
8128,2026-01-01,Mali,Kita,XOF,558.82
8129,2026-02-01,Mali,Kita,XOF,554.77
8130,2026-03-01,Mali,Kita,XOF,567.41
8131,2026-04-01,Mali,Kita,XOF,571.21
8132,2026-01-01,Mali,Kolokani,XOF,558.82
8133,2026-02-01,Mali,Kolokani,XOF,554.77
8134,2026-03-01,Mali,Kolokani,XOF,567.41
8135,2026-04-01,Mali,Kolokani,XOF,571.21
8136,2026-01-01,Mali,Kolondièba,XOF,558.82
8137,2026-02-01,Mali,Kolondièba,XOF,554.77
8138,2026-03-01,Mali,Kolondièba,XOF,567.41
8139,2026-04-01,Mali,Kolondièba,XOF,571.21
8140,2026-01-01,Mali,Koro,XOF,558.82
8141,2026-02-01,Mali,Koro,XOF,554.77
8142,2026-03-01,Mali,Koro,XOF,567.41
8143,2026-04-01,Mali,Koro,XOF,571.21
8144,2026-01-01,Mali,Koulikoro Ba,XOF,558.82
8145,2026-02-01,Mali,Koulikoro Ba,XOF,554.77
8146,2026-03-01,Mali,Koulikoro Ba,XOF,567.41
8147,2026-04-01,Mali,Koulikoro Ba,XOF,571.21
8148,2026-01-01,Mali,Koulikoro Gare,XOF,558.82
8149,2026-02-01,Mali,Koulikoro Gare,XOF,554.77
8150,2026-03-01,Mali,Koulikoro Gare,XOF,567.41
8151,2026-04-01,Mali,Koulikoro Gare,XOF,571.21
8152,2026-01-01,Mali,Koulogon,XOF,558.82
8153,2026-02-01,Mali,Koulogon,XOF,554.77
8154,2026-03-01,Mali,Koulogon,XOF,567.41
8155,2026-04-01,Mali,Koulogon,XOF,571.21
8156,2026-01-01,Mali,Koumantou,XOF,558.82
8157,2026-02-01,Mali,Koumantou,XOF,554.77
8158,2026-03-01,Mali,Koumantou,XOF,567.41
8159,2026-04-01,Mali,Koumantou,XOF,571.21
8160,2026-01-01,Mali,Kouremalé,XOF,558.82
8161,2026-02-01,Mali,Kouremalé,XOF,554.77
8162,2026-03-01,Mali,Kouremalé,XOF,567.41
8163,2026-04-01,Mali,Kouremalé,XOF,571.21
8164,2026-01-01,Mali,Kourouma,XOF,558.82
8165,2026-02-01,Mali,Kourouma,XOF,554.77
8166,2026-03-01,Mali,Kourouma,XOF,567.41
8167,2026-04-01,Mali,Kourouma,XOF,571.21
8168,2026-01-01,Mali,Koury,XOF,558.82
8169,2026-02-01,Mali,Koury,XOF,554.77
8170,2026-03-01,Mali,Koury,XOF,567.41
8171,2026-04-01,Mali,Koury,XOF,571.21
8172,2026-01-01,Mali,Koutiala,XOF,558.82
8173,2026-02-01,Mali,Koutiala,XOF,554.77
8174,2026-03-01,Mali,Koutiala,XOF,567.41
8175,2026-04-01,Mali,Koutiala,XOF,571.21
8176,2026-01-01,Mali,Lafiabougou,XOF,558.82
8177,2026-02-01,Mali,Lafiabougou,XOF,554.77
8178,2026-03-01,Mali,Lafiabougou,XOF,567.41
8179,2026-04-01,Mali,Lafiabougou,XOF,571.21
8180,2026-01-01,Mali,Lére,XOF,558.82
8181,2026-02-01,Mali,Lére,XOF,554.77
8182,2026-03-01,Mali,Lére,XOF,567.41
8183,2026-04-01,Mali,Lére,XOF,571.21
8184,2026-01-01,Mali,Loulouni,XOF,558.82
8185,2026-02-01,Mali,Loulouni,XOF,554.77
8186,2026-03-01,Mali,Loulouni,XOF,567.41
8187,2026-04-01,Mali,Loulouni,XOF,571.21
8188,2026-01-01,Mali,M'Pèssoba,XOF,558.82
8189,2026-02-01,Mali,M'Pèssoba,XOF,554.77
8190,2026-03-01,Mali,M'Pèssoba,XOF,567.41
8191,2026-04-01,Mali,M'Pèssoba,XOF,571.21
8192,2026-01-01,Mali,Macina,XOF,558.82
8193,2026-02-01,Mali,Macina,XOF,554.77
8194,2026-03-01,Mali,Macina,XOF,567.41
8195,2026-04-01,Mali,Macina,XOF,571.21
8196,2026-01-01,Mali,Magnambougou,XOF,558.82
8197,2026-02-01,Mali,Magnambougou,XOF,554.77
8198,2026-03-01,Mali,Magnambougou,XOF,567.41
8199,2026-04-01,Mali,Magnambougou,XOF,571.21
8200,2026-01-01,Mali,Medine,XOF,558.82
8201,2026-02-01,Mali,Medine,XOF,554.77
8202,2026-03-01,Mali,Medine,XOF,567.41
8203,2026-04-01,Mali,Medine,XOF,571.21
8204,2026-01-01,Mali,Menaka,XOF,558.82
8205,2026-02-01,Mali,Menaka,XOF,554.77
8206,2026-03-01,Mali,Menaka,XOF,567.41
8207,2026-04-01,Mali,Menaka,XOF,571.21
8208,2026-01-01,Mali,Monimpébougou,XOF,558.82
8209,2026-02-01,Mali,Monimpébougou,XOF,554.77
8210,2026-03-01,Mali,Monimpébougou,XOF,567.41
8211,2026-04-01,Mali,Monimpébougou,XOF,571.21
8212,2026-01-01,Mali,Mopti Digue,XOF,558.82
8213,2026-02-01,Mali,Mopti Digue,XOF,554.77
8214,2026-03-01,Mali,Mopti Digue,XOF,567.41
8215,2026-04-01,Mali,Mopti Digue,XOF,571.21
8216,2026-01-01,Mali,Mopti Guangal,XOF,558.82
8217,2026-02-01,Mali,Mopti Guangal,XOF,554.77
8218,2026-03-01,Mali,Mopti Guangal,XOF,567.41
8219,2026-04-01,Mali,Mopti Guangal,XOF,571.21
8220,2026-01-01,Mali,N'gouma,XOF,558.82
8221,2026-02-01,Mali,N'gouma,XOF,554.77
8222,2026-03-01,Mali,N'gouma,XOF,567.41
8223,2026-04-01,Mali,N'gouma,XOF,571.21
8224,2026-01-01,Mali,N'Tahaka,XOF,558.82
8225,2026-02-01,Mali,N'Tahaka,XOF,554.77
8226,2026-03-01,Mali,N'Tahaka,XOF,567.41
8227,2026-04-01,Mali,N'Tahaka,XOF,571.21
8228,2026-01-01,Mali,N'tillit,XOF,558.82
8229,2026-02-01,Mali,N'tillit,XOF,554.77
8230,2026-03-01,Mali,N'tillit,XOF,567.41
8231,2026-04-01,Mali,N'tillit,XOF,571.21
8232,2026-01-01,Mali,Nara,XOF,558.82
8233,2026-02-01,Mali,Nara,XOF,554.77
8234,2026-03-01,Mali,Nara,XOF,567.41
8235,2026-04-01,Mali,Nara,XOF,571.21
8236,2026-01-01,Mali,Niafunké,XOF,558.82
8237,2026-02-01,Mali,Niafunké,XOF,554.77
8238,2026-03-01,Mali,Niafunké,XOF,567.41
8239,2026-04-01,Mali,Niafunké,XOF,571.21
8240,2026-01-01,Mali,Niamakoro,XOF,558.82
8241,2026-02-01,Mali,Niamakoro,XOF,554.77
8242,2026-03-01,Mali,Niamakoro,XOF,567.41
8243,2026-04-01,Mali,Niamakoro,XOF,571.21
8244,2026-01-01,Mali,Niarela,XOF,558.82
8245,2026-02-01,Mali,Niarela,XOF,554.77
8246,2026-03-01,Mali,Niarela,XOF,567.41
8247,2026-04-01,Mali,Niarela,XOF,571.21
8248,2026-01-01,Mali,Niono,XOF,558.82
8249,2026-02-01,Mali,Niono,XOF,554.77
8250,2026-03-01,Mali,Niono,XOF,567.41
8251,2026-04-01,Mali,Niono,XOF,571.21
8252,2026-01-01,Mali,Nioro,XOF,558.82
8253,2026-02-01,Mali,Nioro,XOF,554.77
8254,2026-03-01,Mali,Nioro,XOF,567.41
8255,2026-04-01,Mali,Nioro,XOF,571.21
8256,2026-01-01,Mali,Ouani,XOF,558.82
8257,2026-02-01,Mali,Ouani,XOF,554.77
8258,2026-03-01,Mali,Ouani,XOF,567.41
8259,2026-04-01,Mali,Ouani,XOF,571.21
8260,2026-01-01,Mali,Ouattagouna,XOF,558.82
8261,2026-02-01,Mali,Ouattagouna,XOF,554.77
8262,2026-03-01,Mali,Ouattagouna,XOF,567.41
8263,2026-04-01,Mali,Ouattagouna,XOF,571.21
8264,2026-01-01,Mali,Ouelessebougou,XOF,558.82
8265,2026-02-01,Mali,Ouelessebougou,XOF,554.77
8266,2026-03-01,Mali,Ouelessebougou,XOF,567.41
8267,2026-04-01,Mali,Ouelessebougou,XOF,571.21
8268,2026-01-01,Mali,Ouolofobougou,XOF,558.82
8269,2026-02-01,Mali,Ouolofobougou,XOF,554.77
8270,2026-03-01,Mali,Ouolofobougou,XOF,567.41
8271,2026-04-01,Mali,Ouolofobougou,XOF,571.21
8272,2026-01-01,Mali,San,XOF,558.82
8273,2026-02-01,Mali,San,XOF,554.77
8274,2026-03-01,Mali,San,XOF,567.41
8275,2026-04-01,Mali,San,XOF,571.21
8276,2026-01-01,Mali,Sareyamou,XOF,558.82
8277,2026-02-01,Mali,Sareyamou,XOF,554.77
8278,2026-03-01,Mali,Sareyamou,XOF,567.41
8279,2026-04-01,Mali,Sareyamou,XOF,571.21
8280,2026-01-01,Mali,Ségou Centre,XOF,558.82
8281,2026-02-01,Mali,Ségou Centre,XOF,554.77
8282,2026-03-01,Mali,Ségou Centre,XOF,567.41
8283,2026-04-01,Mali,Ségou Centre,XOF,571.21
8284,2026-01-01,Mali,Ségou Château,XOF,558.82
8285,2026-02-01,Mali,Ségou Château,XOF,554.77
8286,2026-03-01,Mali,Ségou Château,XOF,567.41
8287,2026-04-01,Mali,Ségou Château,XOF,571.21
8288,2026-01-01,Mali,Shiango,XOF,558.82
8289,2026-02-01,Mali,Shiango,XOF,554.77
8290,2026-03-01,Mali,Shiango,XOF,567.41
8291,2026-04-01,Mali,Shiango,XOF,571.21
8292,2026-01-01,Mali,Sikasso Centre,XOF,558.82
8293,2026-02-01,Mali,Sikasso Centre,XOF,554.77
8294,2026-03-01,Mali,Sikasso Centre,XOF,567.41
8295,2026-04-01,Mali,Sikasso Centre,XOF,571.21
8296,2026-01-01,Mali,Sikasso Médine,XOF,558.82
8297,2026-02-01,Mali,Sikasso Médine,XOF,554.77
8298,2026-03-01,Mali,Sikasso Médine,XOF,567.41
8299,2026-04-01,Mali,Sikasso Médine,XOF,571.21
8300,2026-01-01,Mali,Sirakorola,XOF,558.82
8301,2026-02-01,Mali,Sirakorola,XOF,554.77
8302,2026-03-01,Mali,Sirakorola,XOF,567.41
8303,2026-04-01,Mali,Sirakorola,XOF,571.21
8304,2026-01-01,Mali,Sogoniko,XOF,558.82
8305,2026-02-01,Mali,Sogoniko,XOF,554.77
8306,2026-03-01,Mali,Sogoniko,XOF,567.41
8307,2026-04-01,Mali,Sogoniko,XOF,571.21
8308,2026-01-01,Mali,Sokolo,XOF,558.82
8309,2026-02-01,Mali,Sokolo,XOF,554.77
8310,2026-03-01,Mali,Sokolo,XOF,567.41
8311,2026-04-01,Mali,Sokolo,XOF,571.21
8312,2026-01-01,Mali,Taboye,XOF,558.82
8313,2026-02-01,Mali,Taboye,XOF,554.77
8314,2026-03-01,Mali,Taboye,XOF,567.41
8315,2026-04-01,Mali,Taboye,XOF,571.21
8316,2026-01-01,Mali,Temera,XOF,558.82
8317,2026-02-01,Mali,Temera,XOF,554.77
8318,2026-03-01,Mali,Temera,XOF,567.41
8319,2026-04-01,Mali,Temera,XOF,571.21
8320,2026-01-01,Mali,Tenenkou,XOF,558.82
8321,2026-02-01,Mali,Tenenkou,XOF,554.77
8322,2026-03-01,Mali,Tenenkou,XOF,567.41
8323,2026-04-01,Mali,Tenenkou,XOF,571.21
8324,2026-01-01,Mali,Tessalit,XOF,558.82
8325,2026-02-01,Mali,Tessalit,XOF,554.77
8326,2026-03-01,Mali,Tessalit,XOF,567.41
8327,2026-04-01,Mali,Tessalit,XOF,571.21
8328,2026-01-01,Mali,Tessit,XOF,558.82
8329,2026-02-01,Mali,Tessit,XOF,554.77
8330,2026-03-01,Mali,Tessit,XOF,567.41
8331,2026-04-01,Mali,Tessit,XOF,571.21
8332,2026-01-01,Mali,Tin essako,XOF,558.82
8333,2026-02-01,Mali,Tin essako,XOF,554.77
8334,2026-03-01,Mali,Tin essako,XOF,567.41
8335,2026-04-01,Mali,Tin essako,XOF,571.21
8336,2026-01-01,Mali,Toguere Coumbe,XOF,558.82
8337,2026-02-01,Mali,Toguere Coumbe,XOF,554.77
8338,2026-03-01,Mali,Toguere Coumbe,XOF,567.41
8339,2026-04-01,Mali,Toguere Coumbe,XOF,571.21
8340,2026-01-01,Mali,Tombouctou,XOF,558.82
8341,2026-02-01,Mali,Tombouctou,XOF,554.77
8342,2026-03-01,Mali,Tombouctou,XOF,567.41
8343,2026-04-01,Mali,Tombouctou,XOF,571.21
8344,2026-01-01,Mali,Tominian,XOF,558.82
8345,2026-02-01,Mali,Tominian,XOF,554.77
8346,2026-03-01,Mali,Tominian,XOF,567.41
8347,2026-04-01,Mali,Tominian,XOF,571.21
8348,2026-01-01,Mali,Tonka,XOF,558.82
8349,2026-02-01,Mali,Tonka,XOF,554.77
8350,2026-03-01,Mali,Tonka,XOF,567.41
8351,2026-04-01,Mali,Tonka,XOF,571.21
8352,2026-01-01,Mali,Touna,XOF,558.82
8353,2026-02-01,Mali,Touna,XOF,554.77
8354,2026-03-01,Mali,Touna,XOF,567.41
8355,2026-04-01,Mali,Touna,XOF,571.21
8356,2026-01-01,Mali,Yanfolila,XOF,558.82
8357,2026-02-01,Mali,Yanfolila,XOF,554.77
8358,2026-03-01,Mali,Yanfolila,XOF,567.41
8359,2026-04-01,Mali,Yanfolila,XOF,571.21
8360,2026-01-01,Mali,Yélimané,XOF,558.82
8361,2026-02-01,Mali,Yélimané,XOF,554.77
8362,2026-03-01,Mali,Yélimané,XOF,567.41
8363,2026-04-01,Mali,Yélimané,XOF,571.21
8364,2026-01-01,Mali,Yorosso,XOF,558.82
8365,2026-02-01,Mali,Yorosso,XOF,554.77
8366,2026-03-01,Mali,Yorosso,XOF,567.41
8367,2026-04-01,Mali,Yorosso,XOF,571.21
8368,2026-01-01,Mali,Youwarou,XOF,558.82
8369,2026-02-01,Mali,Youwarou,XOF,554.77
8370,2026-03-01,Mali,Youwarou,XOF,567.41
8371,2026-04-01,Mali,Youwarou,XOF,571.21
8372,2026-01-01,Mali,Zangasso,XOF,558.82
8373,2026-02-01,Mali,Zangasso,XOF,554.77
8374,2026-03-01,Mali,Zangasso,XOF,567.41
8375,2026-04-01,Mali,Zangasso,XOF,571.21
8376,2026-01-01,Mali,Market Average,XOF,558.82
8377,2026-02-01,Mali,Market Average,XOF,554.77
8378,2026-03-01,Mali,Market Average,XOF,567.41
8379,2026-04-01,Mali,Market Average,XOF,571.21
8380,2026-01-01,Myanmar,88 ward,MMK,2093.59
8381,2026-02-01,Myanmar,88 ward,MMK,2100.04
8382,2026-03-01,Myanmar,88 ward,MMK,2100.19
8383,2026-04-01,Myanmar,88 ward,MMK,2107.47
8384,2026-01-01,Myanmar,Ah Nauk Pyin,MMK,2093.59
8385,2026-02-01,Myanmar,Ah Nauk Pyin,MMK,2100.04
8386,2026-03-01,Myanmar,Ah Nauk Pyin,MMK,2100.19
8387,2026-04-01,Myanmar,Ah Nauk Pyin,MMK,2107.47
8388,2026-01-01,Myanmar,Ah Nauk Ywe,MMK,2093.59
8389,2026-02-01,Myanmar,Ah Nauk Ywe,MMK,2100.04
8390,2026-03-01,Myanmar,Ah Nauk Ywe,MMK,2100.19
8391,2026-04-01,Myanmar,Ah Nauk Ywe,MMK,2107.47
8392,2026-01-01,Myanmar,Ahpauk Wa,MMK,2093.59
8393,2026-02-01,Myanmar,Ahpauk Wa,MMK,2100.04
8394,2026-03-01,Myanmar,Ahpauk Wa,MMK,2100.19
8395,2026-04-01,Myanmar,Ahpauk Wa,MMK,2107.47
8396,2026-01-01,Myanmar,Ai Cheng,MMK,2093.59
8397,2026-02-01,Myanmar,Ai Cheng,MMK,2100.04
8398,2026-03-01,Myanmar,Ai Cheng,MMK,2100.19
8399,2026-04-01,Myanmar,Ai Cheng,MMK,2107.47
8400,2026-01-01,Myanmar,Alel Than Kyaw,MMK,2093.59
8401,2026-02-01,Myanmar,Alel Than Kyaw,MMK,2100.04
8402,2026-03-01,Myanmar,Alel Than Kyaw,MMK,2100.19
8403,2026-04-01,Myanmar,Alel Than Kyaw,MMK,2107.47
8404,2026-01-01,Myanmar,AnnMyoThit,MMK,2093.59
8405,2026-02-01,Myanmar,AnnMyoThit,MMK,2100.04
8406,2026-03-01,Myanmar,AnnMyoThit,MMK,2100.19
8407,2026-04-01,Myanmar,AnnMyoThit,MMK,2107.47
8408,2026-01-01,Myanmar,Aung San,MMK,2093.59
8409,2026-02-01,Myanmar,Aung San,MMK,2100.04
8410,2026-03-01,Myanmar,Aung San,MMK,2100.19
8411,2026-04-01,Myanmar,Aung San,MMK,2107.47
8412,2026-01-01,Myanmar,Aung Zaya,MMK,2093.59
8413,2026-02-01,Myanmar,Aung Zaya,MMK,2100.04
8414,2026-03-01,Myanmar,Aung Zaya,MMK,2100.19
8415,2026-04-01,Myanmar,Aung Zaya,MMK,2107.47
8416,2026-01-01,Myanmar,Ba Yint Naung,MMK,2093.59
8417,2026-02-01,Myanmar,Ba Yint Naung,MMK,2100.04
8418,2026-03-01,Myanmar,Ba Yint Naung,MMK,2100.19
8419,2026-04-01,Myanmar,Ba Yint Naung,MMK,2107.47
8420,2026-01-01,Myanmar,Ban Wai,MMK,2093.59
8421,2026-02-01,Myanmar,Ban Wai,MMK,2100.04
8422,2026-03-01,Myanmar,Ban Wai,MMK,2100.19
8423,2026-04-01,Myanmar,Ban Wai,MMK,2107.47
8424,2026-01-01,Myanmar,Barsara,MMK,2093.59
8425,2026-02-01,Myanmar,Barsara,MMK,2100.04
8426,2026-03-01,Myanmar,Barsara,MMK,2100.19
8427,2026-04-01,Myanmar,Barsara,MMK,2107.47
8428,2026-01-01,Myanmar,Baw Du Pha,MMK,2093.59
8429,2026-02-01,Myanmar,Baw Du Pha,MMK,2100.04
8430,2026-03-01,Myanmar,Baw Du Pha,MMK,2100.19
8431,2026-04-01,Myanmar,Baw Du Pha,MMK,2107.47
8432,2026-01-01,Myanmar,Bhamo,MMK,2093.59
8433,2026-02-01,Myanmar,Bhamo,MMK,2100.04
8434,2026-03-01,Myanmar,Bhamo,MMK,2100.19
8435,2026-04-01,Myanmar,Bhamo,MMK,2107.47
8436,2026-01-01,Myanmar,Bhamo Market,MMK,2093.59
8437,2026-02-01,Myanmar,Bhamo Market,MMK,2100.04
8438,2026-03-01,Myanmar,Bhamo Market,MMK,2100.19
8439,2026-04-01,Myanmar,Bhamo Market,MMK,2107.47
8440,2026-01-01,Myanmar,Bhamo Market-2,MMK,2093.59
8441,2026-02-01,Myanmar,Bhamo Market-2,MMK,2100.04
8442,2026-03-01,Myanmar,Bhamo Market-2,MMK,2100.19
8443,2026-04-01,Myanmar,Bhamo Market-2,MMK,2107.47
8444,2026-01-01,Myanmar,Bi Kin,MMK,2093.59
8445,2026-02-01,Myanmar,Bi Kin,MMK,2100.04
8446,2026-03-01,Myanmar,Bi Kin,MMK,2100.19
8447,2026-04-01,Myanmar,Bi Kin,MMK,2107.47
8448,2026-01-01,Myanmar,Bilin Myo Ma Market,MMK,2093.59
8449,2026-02-01,Myanmar,Bilin Myo Ma Market,MMK,2100.04
8450,2026-03-01,Myanmar,Bilin Myo Ma Market,MMK,2100.19
8451,2026-04-01,Myanmar,Bilin Myo Ma Market,MMK,2107.47
8452,2026-01-01,Myanmar,Bokpyin,MMK,2093.59
8453,2026-02-01,Myanmar,Bokpyin,MMK,2100.04
8454,2026-03-01,Myanmar,Bokpyin,MMK,2100.19
8455,2026-04-01,Myanmar,Bokpyin,MMK,2107.47
8456,2026-01-01,Myanmar,BoneSin,MMK,2093.59
8457,2026-02-01,Myanmar,BoneSin,MMK,2100.04
8458,2026-03-01,Myanmar,BoneSin,MMK,2100.19
8459,2026-04-01,Myanmar,BoneSin,MMK,2107.47
8460,2026-01-01,Myanmar,Budalin Myoma,MMK,2093.59
8461,2026-02-01,Myanmar,Budalin Myoma,MMK,2100.04
8462,2026-03-01,Myanmar,Budalin Myoma,MMK,2100.19
8463,2026-04-01,Myanmar,Budalin Myoma,MMK,2107.47
8464,2026-01-01,Myanmar,Butar,MMK,2093.59
8465,2026-02-01,Myanmar,Butar,MMK,2100.04
8466,2026-03-01,Myanmar,Butar,MMK,2100.19
8467,2026-04-01,Myanmar,Butar,MMK,2107.47
8468,2026-01-01,Myanmar,Buthidaung,MMK,2093.59
8469,2026-02-01,Myanmar,Buthidaung,MMK,2100.04
8470,2026-03-01,Myanmar,Buthidaung,MMK,2100.19
8471,2026-04-01,Myanmar,Buthidaung,MMK,2107.47
8472,2026-01-01,Myanmar,Chaung U,MMK,2093.59
8473,2026-02-01,Myanmar,Chaung U,MMK,2100.04
8474,2026-03-01,Myanmar,Chaung U,MMK,2100.19
8475,2026-04-01,Myanmar,Chaung U,MMK,2107.47
8476,2026-01-01,Myanmar,Cherrygone,MMK,2093.59
8477,2026-02-01,Myanmar,Cherrygone,MMK,2100.04
8478,2026-03-01,Myanmar,Cherrygone,MMK,2100.19
8479,2026-04-01,Myanmar,Cherrygone,MMK,2107.47
8480,2026-01-01,Myanmar,Chindwin Yadana,MMK,2093.59
8481,2026-02-01,Myanmar,Chindwin Yadana,MMK,2100.04
8482,2026-03-01,Myanmar,Chindwin Yadana,MMK,2100.19
8483,2026-04-01,Myanmar,Chindwin Yadana,MMK,2107.47
8484,2026-01-01,Myanmar,Chipwi,MMK,2093.59
8485,2026-02-01,Myanmar,Chipwi,MMK,2100.04
8486,2026-03-01,Myanmar,Chipwi,MMK,2100.19
8487,2026-04-01,Myanmar,Chipwi,MMK,2107.47
8488,2026-01-01,Myanmar,Chying Thung,MMK,2093.59
8489,2026-02-01,Myanmar,Chying Thung,MMK,2100.04
8490,2026-03-01,Myanmar,Chying Thung,MMK,2100.19
8491,2026-04-01,Myanmar,Chying Thung,MMK,2107.47
8492,2026-01-01,Myanmar,Dar Paing,MMK,2093.59
8493,2026-02-01,Myanmar,Dar Paing,MMK,2100.04
8494,2026-03-01,Myanmar,Dar Paing,MMK,2100.19
8495,2026-04-01,Myanmar,Dar Paing,MMK,2107.47
8496,2026-01-01,Myanmar,Dawei,MMK,2093.59
8497,2026-02-01,Myanmar,Dawei,MMK,2100.04
8498,2026-03-01,Myanmar,Dawei,MMK,2100.19
8499,2026-04-01,Myanmar,Dawei,MMK,2107.47
8500,2026-01-01,Myanmar,Dein Aw,MMK,2093.59
8501,2026-02-01,Myanmar,Dein Aw,MMK,2100.04
8502,2026-03-01,Myanmar,Dein Aw,MMK,2100.19
8503,2026-04-01,Myanmar,Dein Aw,MMK,2107.47
8504,2026-01-01,Myanmar,Demoso Myoma,MMK,2093.59
8505,2026-02-01,Myanmar,Demoso Myoma,MMK,2100.04
8506,2026-03-01,Myanmar,Demoso Myoma,MMK,2100.19
8507,2026-04-01,Myanmar,Demoso Myoma,MMK,2107.47
8508,2026-01-01,Myanmar,Du Kahtawng,MMK,2093.59
8509,2026-02-01,Myanmar,Du Kahtawng,MMK,2100.04
8510,2026-03-01,Myanmar,Du Kahtawng,MMK,2100.19
8511,2026-04-01,Myanmar,Du Kahtawng,MMK,2107.47
8512,2026-01-01,Myanmar,Falam,MMK,2093.59
8513,2026-02-01,Myanmar,Falam,MMK,2100.04
8514,2026-03-01,Myanmar,Falam,MMK,2100.19
8515,2026-04-01,Myanmar,Falam,MMK,2107.47
8516,2026-01-01,Myanmar,Galeng,MMK,2093.59
8517,2026-02-01,Myanmar,Galeng,MMK,2100.04
8518,2026-03-01,Myanmar,Galeng,MMK,2100.19
8519,2026-04-01,Myanmar,Galeng,MMK,2107.47
8520,2026-01-01,Myanmar,Gangaw,MMK,2093.59
8521,2026-02-01,Myanmar,Gangaw,MMK,2100.04
8522,2026-03-01,Myanmar,Gangaw,MMK,2100.19
8523,2026-04-01,Myanmar,Gangaw,MMK,2107.47
8524,2026-01-01,Myanmar,Garayang,MMK,2093.59
8525,2026-02-01,Myanmar,Garayang,MMK,2100.04
8526,2026-03-01,Myanmar,Garayang,MMK,2100.19
8527,2026-04-01,Myanmar,Garayang,MMK,2107.47
8528,2026-01-01,Myanmar,Gwa Myoma,MMK,2093.59
8529,2026-02-01,Myanmar,Gwa Myoma,MMK,2100.04
8530,2026-03-01,Myanmar,Gwa Myoma,MMK,2100.19
8531,2026-04-01,Myanmar,Gwa Myoma,MMK,2107.47
8532,2026-01-01,Myanmar,Gway Pin,MMK,2093.59
8533,2026-02-01,Myanmar,Gway Pin,MMK,2100.04
8534,2026-03-01,Myanmar,Gway Pin,MMK,2100.19
8535,2026-04-01,Myanmar,Gway Pin,MMK,2107.47
8536,2026-01-01,Myanmar,Hakha Myoma Market,MMK,2093.59
8537,2026-02-01,Myanmar,Hakha Myoma Market,MMK,2100.04
8538,2026-03-01,Myanmar,Hakha Myoma Market,MMK,2100.19
8539,2026-04-01,Myanmar,Hakha Myoma Market,MMK,2107.47
8540,2026-01-01,Myanmar,Hlaing Bwe Myo Ma market,MMK,2093.59
8541,2026-02-01,Myanmar,Hlaing Bwe Myo Ma market,MMK,2100.04
8542,2026-03-01,Myanmar,Hlaing Bwe Myo Ma market,MMK,2100.19
8543,2026-04-01,Myanmar,Hlaing Bwe Myo Ma market,MMK,2107.47
8544,2026-01-01,Myanmar,Hnaring,MMK,2093.59
8545,2026-02-01,Myanmar,Hnaring,MMK,2100.04
8546,2026-03-01,Myanmar,Hnaring,MMK,2100.19
8547,2026-04-01,Myanmar,Hnaring,MMK,2107.47
8548,2026-01-01,Myanmar,Ho Li,MMK,2093.59
8549,2026-02-01,Myanmar,Ho Li,MMK,2100.04
8550,2026-03-01,Myanmar,Ho Li,MMK,2100.19
8551,2026-04-01,Myanmar,Ho Li,MMK,2107.47
8552,2026-01-01,Myanmar,Homalin Myoma,MMK,2093.59
8553,2026-02-01,Myanmar,Homalin Myoma,MMK,2100.04
8554,2026-03-01,Myanmar,Homalin Myoma,MMK,2100.19
8555,2026-04-01,Myanmar,Homalin Myoma,MMK,2107.47
8556,2026-01-01,Myanmar,Home shop,MMK,2093.59
8557,2026-02-01,Myanmar,Home shop,MMK,2100.04
8558,2026-03-01,Myanmar,Home shop,MMK,2100.19
8559,2026-04-01,Myanmar,Home shop,MMK,2107.47
8560,2026-01-01,Myanmar,Honai,MMK,2093.59
8561,2026-02-01,Myanmar,Honai,MMK,2100.04
8562,2026-03-01,Myanmar,Honai,MMK,2100.19
8563,2026-04-01,Myanmar,Honai,MMK,2107.47
8564,2026-01-01,Myanmar,Hopone,MMK,2093.59
8565,2026-02-01,Myanmar,Hopone,MMK,2100.04
8566,2026-03-01,Myanmar,Hopone,MMK,2100.19
8567,2026-04-01,Myanmar,Hopone,MMK,2107.47
8568,2026-01-01,Myanmar,Hpakant,MMK,2093.59
8569,2026-02-01,Myanmar,Hpakant,MMK,2100.04
8570,2026-03-01,Myanmar,Hpakant,MMK,2100.19
8571,2026-04-01,Myanmar,Hpakant,MMK,2107.47
8572,2026-01-01,Myanmar,Hpasaung,MMK,2093.59
8573,2026-02-01,Myanmar,Hpasaung,MMK,2100.04
8574,2026-03-01,Myanmar,Hpasaung,MMK,2100.19
8575,2026-04-01,Myanmar,Hpasaung,MMK,2107.47
8576,2026-01-01,Myanmar,Hpon Nyo Leik,MMK,2093.59
8577,2026-02-01,Myanmar,Hpon Nyo Leik,MMK,2100.04
8578,2026-03-01,Myanmar,Hpon Nyo Leik,MMK,2100.19
8579,2026-04-01,Myanmar,Hpon Nyo Leik,MMK,2107.47
8580,2026-01-01,Myanmar,Hpruso,MMK,2093.59
8581,2026-02-01,Myanmar,Hpruso,MMK,2100.04
8582,2026-03-01,Myanmar,Hpruso,MMK,2100.19
8583,2026-04-01,Myanmar,Hpruso,MMK,2107.47
8584,2026-01-01,Myanmar,Hsee Bu,MMK,2093.59
8585,2026-02-01,Myanmar,Hsee Bu,MMK,2100.04
8586,2026-03-01,Myanmar,Hsee Bu,MMK,2100.19
8587,2026-04-01,Myanmar,Hsee Bu,MMK,2107.47
8588,2026-01-01,Myanmar,Hsihseng,MMK,2093.59
8589,2026-02-01,Myanmar,Hsihseng,MMK,2100.04
8590,2026-03-01,Myanmar,Hsihseng,MMK,2100.19
8591,2026-04-01,Myanmar,Hsihseng,MMK,2107.47
8592,2026-01-01,Myanmar,Hsipaw,MMK,2093.59
8593,2026-02-01,Myanmar,Hsipaw,MMK,2100.04
8594,2026-03-01,Myanmar,Hsipaw,MMK,2100.19
8595,2026-04-01,Myanmar,Hsipaw,MMK,2107.47
8596,2026-01-01,Myanmar,Htilin,MMK,2093.59
8597,2026-02-01,Myanmar,Htilin,MMK,2100.04
8598,2026-03-01,Myanmar,Htilin,MMK,2100.19
8599,2026-04-01,Myanmar,Htilin,MMK,2107.47
8600,2026-01-01,Myanmar,Indaw,MMK,2093.59
8601,2026-02-01,Myanmar,Indaw,MMK,2100.04
8602,2026-03-01,Myanmar,Indaw,MMK,2100.19
8603,2026-04-01,Myanmar,Indaw,MMK,2107.47
8604,2026-01-01,Myanmar,Inn Din,MMK,2093.59
8605,2026-02-01,Myanmar,Inn Din,MMK,2100.04
8606,2026-03-01,Myanmar,Inn Din,MMK,2100.19
8607,2026-04-01,Myanmar,Inn Din,MMK,2107.47
8608,2026-01-01,Myanmar,Insein,MMK,2093.59
8609,2026-02-01,Myanmar,Insein,MMK,2100.04
8610,2026-03-01,Myanmar,Insein,MMK,2100.19
8611,2026-04-01,Myanmar,Insein,MMK,2107.47
8612,2026-01-01,Myanmar,Jan Mai Kaung,MMK,2093.59
8613,2026-02-01,Myanmar,Jan Mai Kaung,MMK,2100.04
8614,2026-03-01,Myanmar,Jan Mai Kaung,MMK,2100.19
8615,2026-04-01,Myanmar,Jan Mai Kaung,MMK,2107.47
8616,2026-01-01,Myanmar,Jaw Masat,MMK,2093.59
8617,2026-02-01,Myanmar,Jaw Masat,MMK,2100.04
8618,2026-03-01,Myanmar,Jaw Masat,MMK,2100.19
8619,2026-04-01,Myanmar,Jaw Masat,MMK,2107.47
8620,2026-01-01,Myanmar,Ka Mar Ka Sit,MMK,2093.59
8621,2026-02-01,Myanmar,Ka Mar Ka Sit,MMK,2100.04
8622,2026-03-01,Myanmar,Ka Mar Ka Sit,MMK,2100.19
8623,2026-04-01,Myanmar,Ka Mar Ka Sit,MMK,2107.47
8624,2026-01-01,Myanmar,Ka Nyin Tan,MMK,2093.59
8625,2026-02-01,Myanmar,Ka Nyin Tan,MMK,2100.04
8626,2026-03-01,Myanmar,Ka Nyin Tan,MMK,2100.19
8627,2026-04-01,Myanmar,Ka Nyin Tan,MMK,2107.47
8628,2026-01-01,Myanmar,KalawMyoma,MMK,2093.59
8629,2026-02-01,Myanmar,KalawMyoma,MMK,2100.04
8630,2026-03-01,Myanmar,KalawMyoma,MMK,2100.19
8631,2026-04-01,Myanmar,KalawMyoma,MMK,2107.47
8632,2026-01-01,Myanmar,Kalay,MMK,2093.59
8633,2026-02-01,Myanmar,Kalay,MMK,2100.04
8634,2026-03-01,Myanmar,Kalay,MMK,2100.19
8635,2026-04-01,Myanmar,Kalay,MMK,2107.47
8636,2026-01-01,Myanmar,Kale,MMK,2093.59
8637,2026-02-01,Myanmar,Kale,MMK,2100.04
8638,2026-03-01,Myanmar,Kale,MMK,2100.19
8639,2026-04-01,Myanmar,Kale,MMK,2107.47
8640,2026-01-01,Myanmar,Kan Htaunt Camp,MMK,2093.59
8641,2026-02-01,Myanmar,Kan Htaunt Camp,MMK,2100.04
8642,2026-03-01,Myanmar,Kan Htaunt Camp,MMK,2100.19
8643,2026-04-01,Myanmar,Kan Htaunt Camp,MMK,2107.47
8644,2026-01-01,Myanmar,Kan Mong,MMK,2093.59
8645,2026-02-01,Myanmar,Kan Mong,MMK,2100.04
8646,2026-03-01,Myanmar,Kan Mong,MMK,2100.19
8647,2026-04-01,Myanmar,Kan Mong,MMK,2107.47
8648,2026-01-01,Myanmar,Kan Nar,MMK,2093.59
8649,2026-02-01,Myanmar,Kan Nar,MMK,2100.04
8650,2026-03-01,Myanmar,Kan Nar,MMK,2100.19
8651,2026-04-01,Myanmar,Kan Nar,MMK,2107.47
8652,2026-01-01,Myanmar,Kani,MMK,2093.59
8653,2026-02-01,Myanmar,Kani,MMK,2100.04
8654,2026-03-01,Myanmar,Kani,MMK,2100.19
8655,2026-04-01,Myanmar,Kani,MMK,2107.47
8656,2026-01-01,Myanmar,Kanpetlet,MMK,2093.59
8657,2026-02-01,Myanmar,Kanpetlet,MMK,2100.04
8658,2026-03-01,Myanmar,Kanpetlet,MMK,2100.19
8659,2026-04-01,Myanmar,Kanpetlet,MMK,2107.47
8660,2026-01-01,Myanmar,Kanthar,MMK,2093.59
8661,2026-02-01,Myanmar,Kanthar,MMK,2100.04
8662,2026-03-01,Myanmar,Kanthar,MMK,2100.19
8663,2026-04-01,Myanmar,Kanthar,MMK,2107.47
8664,2026-01-01,Myanmar,Kaung Ming Sang,MMK,2093.59
8665,2026-02-01,Myanmar,Kaung Ming Sang,MMK,2100.04
8666,2026-03-01,Myanmar,Kaung Ming Sang,MMK,2100.19
8667,2026-04-01,Myanmar,Kaung Ming Sang,MMK,2107.47
8668,2026-01-01,Myanmar,KawKareik Myo Ma Market,MMK,2093.59
8669,2026-02-01,Myanmar,KawKareik Myo Ma Market,MMK,2100.04
8670,2026-03-01,Myanmar,KawKareik Myo Ma Market,MMK,2100.19
8671,2026-04-01,Myanmar,KawKareik Myo Ma Market,MMK,2107.47
8672,2026-01-01,Myanmar,Kawlin,MMK,2093.59
8673,2026-02-01,Myanmar,Kawlin,MMK,2100.04
8674,2026-03-01,Myanmar,Kawlin,MMK,2100.19
8675,2026-04-01,Myanmar,Kawlin,MMK,2107.47
8676,2026-01-01,Myanmar,Kawt Dut,MMK,2093.59
8677,2026-02-01,Myanmar,Kawt Dut,MMK,2100.04
8678,2026-03-01,Myanmar,Kawt Dut,MMK,2100.19
8679,2026-04-01,Myanmar,Kawt Dut,MMK,2107.47
8680,2026-01-01,Myanmar,Kha Mauck Siek,MMK,2093.59
8681,2026-02-01,Myanmar,Kha Mauck Siek,MMK,2100.04
8682,2026-03-01,Myanmar,Kha Mauck Siek,MMK,2100.19
8683,2026-04-01,Myanmar,Kha Mauck Siek,MMK,2107.47
8684,2026-01-01,Myanmar,Khaung Doke,MMK,2093.59
8685,2026-02-01,Myanmar,Khaung Doke,MMK,2100.04
8686,2026-03-01,Myanmar,Khaung Doke,MMK,2100.19
8687,2026-04-01,Myanmar,Khaung Doke,MMK,2107.47
8688,2026-01-01,Myanmar,Khin-U,MMK,2093.59
8689,2026-02-01,Myanmar,Khin-U,MMK,2100.04
8690,2026-03-01,Myanmar,Khin-U,MMK,2100.19
8691,2026-04-01,Myanmar,Khin-U,MMK,2107.47
8692,2026-01-01,Myanmar,Kin Seik,MMK,2093.59
8693,2026-02-01,Myanmar,Kin Seik,MMK,2100.04
8694,2026-03-01,Myanmar,Kin Seik,MMK,2100.19
8695,2026-04-01,Myanmar,Kin Seik,MMK,2107.47
8696,2026-01-01,Myanmar,Kong Chang,MMK,2093.59
8697,2026-02-01,Myanmar,Kong Chang,MMK,2100.04
8698,2026-03-01,Myanmar,Kong Chang,MMK,2100.19
8699,2026-04-01,Myanmar,Kong Chang,MMK,2107.47
8700,2026-01-01,Myanmar,Konkyan,MMK,2093.59
8701,2026-02-01,Myanmar,Konkyan,MMK,2100.04
8702,2026-03-01,Myanmar,Konkyan,MMK,2100.19
8703,2026-04-01,Myanmar,Konkyan,MMK,2107.47
8704,2026-01-01,Myanmar,Kotekotaw,MMK,2093.59
8705,2026-02-01,Myanmar,Kotekotaw,MMK,2100.04
8706,2026-03-01,Myanmar,Kotekotaw,MMK,2100.19
8707,2026-04-01,Myanmar,Kotekotaw,MMK,2107.47
8708,2026-01-01,Myanmar,Kunlong,MMK,2093.59
8709,2026-02-01,Myanmar,Kunlong,MMK,2100.04
8710,2026-03-01,Myanmar,Kunlong,MMK,2100.19
8711,2026-04-01,Myanmar,Kunlong,MMK,2107.47
8712,2026-01-01,Myanmar,Kutkai,MMK,2093.59
8713,2026-02-01,Myanmar,Kutkai,MMK,2100.04
8714,2026-03-01,Myanmar,Kutkai,MMK,2100.19
8715,2026-04-01,Myanmar,Kutkai,MMK,2107.47
8716,2026-01-01,Myanmar,Kyaikto,MMK,2093.59
8717,2026-02-01,Myanmar,Kyaikto,MMK,2100.04
8718,2026-03-01,Myanmar,Kyaikto,MMK,2100.19
8719,2026-04-01,Myanmar,Kyaikto,MMK,2107.47
8720,2026-01-01,Myanmar,Kyauk Hlay Kar,MMK,2093.59
8721,2026-02-01,Myanmar,Kyauk Hlay Kar,MMK,2100.04
8722,2026-03-01,Myanmar,Kyauk Hlay Kar,MMK,2100.19
8723,2026-04-01,Myanmar,Kyauk Hlay Kar,MMK,2107.47
8724,2026-01-01,Myanmar,Kyauk Ta Lone,MMK,2093.59
8725,2026-02-01,Myanmar,Kyauk Ta Lone,MMK,2100.04
8726,2026-03-01,Myanmar,Kyauk Ta Lone,MMK,2100.19
8727,2026-04-01,Myanmar,Kyauk Ta Lone,MMK,2107.47
8728,2026-01-01,Myanmar,Kyaukhtu,MMK,2093.59
8729,2026-02-01,Myanmar,Kyaukhtu,MMK,2100.04
8730,2026-03-01,Myanmar,Kyaukhtu,MMK,2100.19
8731,2026-04-01,Myanmar,Kyaukhtu,MMK,2107.47
8732,2026-01-01,Myanmar,Kyaukme,MMK,2093.59
8733,2026-02-01,Myanmar,Kyaukme,MMK,2100.04
8734,2026-03-01,Myanmar,Kyaukme,MMK,2100.19
8735,2026-04-01,Myanmar,Kyaukme,MMK,2107.47
8736,2026-01-01,Myanmar,Kyaukpyu Main,MMK,2093.59
8737,2026-02-01,Myanmar,Kyaukpyu Main,MMK,2100.04
8738,2026-03-01,Myanmar,Kyaukpyu Main,MMK,2100.19
8739,2026-04-01,Myanmar,Kyaukpyu Main,MMK,2107.47
8740,2026-01-01,Myanmar,Kyauktaw Main,MMK,2093.59
8741,2026-02-01,Myanmar,Kyauktaw Main,MMK,2100.04
8742,2026-03-01,Myanmar,Kyauktaw Main,MMK,2100.19
8743,2026-04-01,Myanmar,Kyauktaw Main,MMK,2107.47
8744,2026-01-01,Myanmar,Kyein Chung,MMK,2093.59
8745,2026-02-01,Myanmar,Kyein Chung,MMK,2100.04
8746,2026-03-01,Myanmar,Kyein Chung,MMK,2100.19
8747,2026-04-01,Myanmar,Kyein Chung,MMK,2107.47
8748,2026-01-01,Myanmar,Kyein Ni Pyin,MMK,2093.59
8749,2026-02-01,Myanmar,Kyein Ni Pyin,MMK,2100.04
8750,2026-03-01,Myanmar,Kyein Ni Pyin,MMK,2100.19
8751,2026-04-01,Myanmar,Kyein Ni Pyin,MMK,2107.47
8752,2026-01-01,Myanmar,Kyone Doe,MMK,2093.59
8753,2026-02-01,Myanmar,Kyone Doe,MMK,2100.04
8754,2026-03-01,Myanmar,Kyone Doe,MMK,2100.19
8755,2026-04-01,Myanmar,Kyone Doe,MMK,2107.47
8756,2026-01-01,Myanmar,Lahe,MMK,2093.59
8757,2026-02-01,Myanmar,Lahe,MMK,2100.04
8758,2026-03-01,Myanmar,Lahe,MMK,2100.19
8759,2026-04-01,Myanmar,Lahe,MMK,2107.47
8760,2026-01-01,Myanmar,Lailen,MMK,2093.59
8761,2026-02-01,Myanmar,Lailen,MMK,2100.04
8762,2026-03-01,Myanmar,Lailen,MMK,2100.19
8763,2026-04-01,Myanmar,Lailen,MMK,2107.47
8764,2026-01-01,Myanmar,Lalengpi,MMK,2093.59
8765,2026-02-01,Myanmar,Lalengpi,MMK,2100.04
8766,2026-03-01,Myanmar,Lalengpi,MMK,2100.19
8767,2026-04-01,Myanmar,Lalengpi,MMK,2107.47
8768,2026-01-01,Myanmar,Lashio Market,MMK,2093.59
8769,2026-02-01,Myanmar,Lashio Market,MMK,2100.04
8770,2026-03-01,Myanmar,Lashio Market,MMK,2100.19
8771,2026-04-01,Myanmar,Lashio Market,MMK,2107.47
8772,2026-01-01,Myanmar,Laukkaing,MMK,2093.59
8773,2026-02-01,Myanmar,Laukkaing,MMK,2100.04
8774,2026-03-01,Myanmar,Laukkaing,MMK,2100.19
8775,2026-04-01,Myanmar,Laukkaing,MMK,2107.47
8776,2026-01-01,Myanmar,Laung Kyet,MMK,2093.59
8777,2026-02-01,Myanmar,Laung Kyet,MMK,2100.04
8778,2026-03-01,Myanmar,Laung Kyet,MMK,2100.19
8779,2026-04-01,Myanmar,Laung Kyet,MMK,2107.47
8780,2026-01-01,Myanmar,Launglon,MMK,2093.59
8781,2026-02-01,Myanmar,Launglon,MMK,2100.04
8782,2026-03-01,Myanmar,Launglon,MMK,2100.19
8783,2026-04-01,Myanmar,Launglon,MMK,2107.47
8784,2026-01-01,Myanmar,Lay Yin Kwin,MMK,2093.59
8785,2026-02-01,Myanmar,Lay Yin Kwin,MMK,2100.04
8786,2026-03-01,Myanmar,Lay Yin Kwin,MMK,2100.19
8787,2026-04-01,Myanmar,Lay Yin Kwin,MMK,2107.47
8788,2026-01-01,Myanmar,Let Pan,MMK,2093.59
8789,2026-02-01,Myanmar,Let Pan,MMK,2100.04
8790,2026-03-01,Myanmar,Let Pan,MMK,2100.19
8791,2026-04-01,Myanmar,Let Pan,MMK,2107.47
8792,2026-01-01,Myanmar,Lewe,MMK,2093.59
8793,2026-02-01,Myanmar,Lewe,MMK,2100.04
8794,2026-03-01,Myanmar,Lewe,MMK,2100.19
8795,2026-04-01,Myanmar,Lewe,MMK,2107.47
8796,2026-01-01,Myanmar,Lin Haw,MMK,2093.59
8797,2026-02-01,Myanmar,Lin Haw,MMK,2100.04
8798,2026-03-01,Myanmar,Lin Haw,MMK,2100.19
8799,2026-04-01,Myanmar,Lin Haw,MMK,2107.47
8800,2026-01-01,Myanmar,Loijie,MMK,2093.59
8801,2026-02-01,Myanmar,Loijie,MMK,2100.04
8802,2026-03-01,Myanmar,Loijie,MMK,2100.19
8803,2026-04-01,Myanmar,Loijie,MMK,2107.47
8804,2026-01-01,Myanmar,Lone Khin,MMK,2093.59
8805,2026-02-01,Myanmar,Lone Khin,MMK,2100.04
8806,2026-03-01,Myanmar,Lone Khin,MMK,2100.19
8807,2026-04-01,Myanmar,Lone Khin,MMK,2107.47
8808,2026-01-01,Myanmar,Long Tan,MMK,2093.59
8809,2026-02-01,Myanmar,Long Tan,MMK,2100.04
8810,2026-03-01,Myanmar,Long Tan,MMK,2100.19
8811,2026-04-01,Myanmar,Long Tan,MMK,2107.47
8812,2026-01-01,Myanmar,Longban,MMK,2093.59
8813,2026-02-01,Myanmar,Longban,MMK,2100.04
8814,2026-03-01,Myanmar,Longban,MMK,2100.19
8815,2026-04-01,Myanmar,Longban,MMK,2107.47
8816,2026-01-01,Myanmar,Lower Ban Wai,MMK,2093.59
8817,2026-02-01,Myanmar,Lower Ban Wai,MMK,2100.04
8818,2026-03-01,Myanmar,Lower Ban Wai,MMK,2100.19
8819,2026-04-01,Myanmar,Lower Ban Wai,MMK,2107.47
8820,2026-01-01,Myanmar,Lungngo,MMK,2093.59
8821,2026-02-01,Myanmar,Lungngo,MMK,2100.04
8822,2026-03-01,Myanmar,Lungngo,MMK,2100.19
8823,2026-04-01,Myanmar,Lungngo,MMK,2107.47
8824,2026-01-01,Myanmar,Mae Baung,MMK,2093.59
8825,2026-02-01,Myanmar,Mae Baung,MMK,2100.04
8826,2026-03-01,Myanmar,Mae Baung,MMK,2100.19
8827,2026-04-01,Myanmar,Mae Baung,MMK,2107.47
8828,2026-01-01,Myanmar,Magway,MMK,2093.59
8829,2026-02-01,Myanmar,Magway,MMK,2100.04
8830,2026-03-01,Myanmar,Magway,MMK,2100.19
8831,2026-04-01,Myanmar,Magway,MMK,2107.47
8832,2026-01-01,Myanmar,MaingKhaung,MMK,2093.59
8833,2026-02-01,Myanmar,MaingKhaung,MMK,2100.04
8834,2026-03-01,Myanmar,MaingKhaung,MMK,2100.19
8835,2026-04-01,Myanmar,MaingKhaung,MMK,2107.47
8836,2026-01-01,Myanmar,Man Pan,MMK,2093.59
8837,2026-02-01,Myanmar,Man Pan,MMK,2100.04
8838,2026-03-01,Myanmar,Man Pan,MMK,2100.19
8839,2026-04-01,Myanmar,Man Pan,MMK,2107.47
8840,2026-01-01,Myanmar,Man Ton Pa,MMK,2093.59
8841,2026-02-01,Myanmar,Man Ton Pa,MMK,2100.04
8842,2026-03-01,Myanmar,Man Ton Pa,MMK,2100.19
8843,2026-04-01,Myanmar,Man Ton Pa,MMK,2107.47
8844,2026-01-01,Myanmar,Man Wein Gyi,MMK,2093.59
8845,2026-02-01,Myanmar,Man Wein Gyi,MMK,2100.04
8846,2026-03-01,Myanmar,Man Wein Gyi,MMK,2100.19
8847,2026-04-01,Myanmar,Man Wein Gyi,MMK,2107.47
8848,2026-01-01,Myanmar,ManiSithu,MMK,2093.59
8849,2026-02-01,Myanmar,ManiSithu,MMK,2100.04
8850,2026-03-01,Myanmar,ManiSithu,MMK,2100.19
8851,2026-04-01,Myanmar,ManiSithu,MMK,2107.47
8852,2026-01-01,Myanmar,Mansi,MMK,2093.59
8853,2026-02-01,Myanmar,Mansi,MMK,2100.04
8854,2026-03-01,Myanmar,Mansi,MMK,2100.19
8855,2026-04-01,Myanmar,Mansi,MMK,2107.47
8856,2026-01-01,Myanmar,Manton,MMK,2093.59
8857,2026-02-01,Myanmar,Manton,MMK,2100.04
8858,2026-03-01,Myanmar,Manton,MMK,2100.19
8859,2026-04-01,Myanmar,Manton,MMK,2107.47
8860,2026-01-01,Myanmar,Matupi,MMK,2093.59
8861,2026-02-01,Myanmar,Matupi,MMK,2100.04
8862,2026-03-01,Myanmar,Matupi,MMK,2100.19
8863,2026-04-01,Myanmar,Matupi,MMK,2107.47
8864,2026-01-01,Myanmar,Maungdaw,MMK,2093.59
8865,2026-02-01,Myanmar,Maungdaw,MMK,2100.04
8866,2026-03-01,Myanmar,Maungdaw,MMK,2100.19
8867,2026-04-01,Myanmar,Maungdaw,MMK,2107.47
8868,2026-01-01,Myanmar,Maungdaw Myoma Market,MMK,2093.59
8869,2026-02-01,Myanmar,Maungdaw Myoma Market,MMK,2100.04
8870,2026-03-01,Myanmar,Maungdaw Myoma Market,MMK,2100.19
8871,2026-04-01,Myanmar,Maungdaw Myoma Market,MMK,2107.47
8872,2026-01-01,Myanmar,Maw Wan Market,MMK,2093.59
8873,2026-02-01,Myanmar,Maw Wan Market,MMK,2100.04
8874,2026-03-01,Myanmar,Maw Wan Market,MMK,2100.19
8875,2026-04-01,Myanmar,Maw Wan Market,MMK,2107.47
8876,2026-01-01,Myanmar,Mawlaik,MMK,2093.59
8877,2026-02-01,Myanmar,Mawlaik,MMK,2100.04
8878,2026-03-01,Myanmar,Mawlaik,MMK,2100.19
8879,2026-04-01,Myanmar,Mawlaik,MMK,2107.47
8880,2026-01-01,Myanmar,Meegwet,MMK,2093.59
8881,2026-02-01,Myanmar,Meegwet,MMK,2100.04
8882,2026-03-01,Myanmar,Meegwet,MMK,2100.19
8883,2026-04-01,Myanmar,Meegwet,MMK,2107.47
8884,2026-01-01,Myanmar,Meiktila,MMK,2093.59
8885,2026-02-01,Myanmar,Meiktila,MMK,2100.04
8886,2026-03-01,Myanmar,Meiktila,MMK,2100.19
8887,2026-04-01,Myanmar,Meiktila,MMK,2107.47
8888,2026-01-01,Myanmar,Min Kan,MMK,2093.59
8889,2026-02-01,Myanmar,Min Kan,MMK,2100.04
8890,2026-03-01,Myanmar,Min Kan,MMK,2100.19
8891,2026-04-01,Myanmar,Min Kan,MMK,2107.47
8892,2026-01-01,Myanmar,Minbu Myo Ma Market,MMK,2093.59
8893,2026-02-01,Myanmar,Minbu Myo Ma Market,MMK,2100.04
8894,2026-03-01,Myanmar,Minbu Myo Ma Market,MMK,2100.19
8895,2026-04-01,Myanmar,Minbu Myo Ma Market,MMK,2107.47
8896,2026-01-01,Myanmar,Minbya Main,MMK,2093.59
8897,2026-02-01,Myanmar,Minbya Main,MMK,2100.04
8898,2026-03-01,Myanmar,Minbya Main,MMK,2100.19
8899,2026-04-01,Myanmar,Minbya Main,MMK,2107.47
8900,2026-01-01,Myanmar,Mindat,MMK,2093.59
8901,2026-02-01,Myanmar,Mindat,MMK,2100.04
8902,2026-03-01,Myanmar,Mindat,MMK,2100.19
8903,2026-04-01,Myanmar,Mindat,MMK,2107.47
8904,2026-01-01,Myanmar,Mindat Myoma Market,MMK,2093.59
8905,2026-02-01,Myanmar,Mindat Myoma Market,MMK,2100.04
8906,2026-03-01,Myanmar,Mindat Myoma Market,MMK,2100.19
8907,2026-04-01,Myanmar,Mindat Myoma Market,MMK,2107.47
8908,2026-01-01,Myanmar,Mingalar,MMK,2093.59
8909,2026-02-01,Myanmar,Mingalar,MMK,2100.04
8910,2026-03-01,Myanmar,Mingalar,MMK,2100.19
8911,2026-04-01,Myanmar,Mingalar,MMK,2107.47
8912,2026-01-01,Myanmar,Mingalar market,MMK,2093.59
8913,2026-02-01,Myanmar,Mingalar market,MMK,2100.04
8914,2026-03-01,Myanmar,Mingalar market,MMK,2100.19
8915,2026-04-01,Myanmar,Mingalar market,MMK,2107.47
8916,2026-01-01,Myanmar,Mingin,MMK,2093.59
8917,2026-02-01,Myanmar,Mingin,MMK,2100.04
8918,2026-03-01,Myanmar,Mingin,MMK,2100.19
8919,2026-04-01,Myanmar,Mingin,MMK,2107.47
8920,2026-01-01,Myanmar,Moemauk,MMK,2093.59
8921,2026-02-01,Myanmar,Moemauk,MMK,2100.04
8922,2026-03-01,Myanmar,Moemauk,MMK,2100.19
8923,2026-04-01,Myanmar,Moemauk,MMK,2107.47
8924,2026-01-01,Myanmar,Mogaung Market,MMK,2093.59
8925,2026-02-01,Myanmar,Mogaung Market,MMK,2100.04
8926,2026-03-01,Myanmar,Mogaung Market,MMK,2100.19
8927,2026-04-01,Myanmar,Mogaung Market,MMK,2107.47
8928,2026-01-01,Myanmar,Momauk,MMK,2093.59
8929,2026-02-01,Myanmar,Momauk,MMK,2100.04
8930,2026-03-01,Myanmar,Momauk,MMK,2100.19
8931,2026-04-01,Myanmar,Momauk,MMK,2107.47
8932,2026-01-01,Myanmar,Mone Baw,MMK,2093.59
8933,2026-02-01,Myanmar,Mone Baw,MMK,2100.04
8934,2026-03-01,Myanmar,Mone Baw,MMK,2100.19
8935,2026-04-01,Myanmar,Mone Baw,MMK,2107.47
8936,2026-01-01,Myanmar,Mone Koe,MMK,2093.59
8937,2026-02-01,Myanmar,Mone Koe,MMK,2100.04
8938,2026-03-01,Myanmar,Mone Koe,MMK,2100.19
8939,2026-04-01,Myanmar,Mone Koe,MMK,2107.47
8940,2026-01-01,Myanmar,Mone Yar,MMK,2093.59
8941,2026-02-01,Myanmar,Mone Yar,MMK,2100.04
8942,2026-03-01,Myanmar,Mone Yar,MMK,2100.19
8943,2026-04-01,Myanmar,Mone Yar,MMK,2107.47
8944,2026-01-01,Myanmar,Mong Hkawng,MMK,2093.59
8945,2026-02-01,Myanmar,Mong Hkawng,MMK,2100.04
8946,2026-03-01,Myanmar,Mong Hkawng,MMK,2100.19
8947,2026-04-01,Myanmar,Mong Hkawng,MMK,2107.47
8948,2026-01-01,Myanmar,Mong Pawk,MMK,2093.59
8949,2026-02-01,Myanmar,Mong Pawk,MMK,2100.04
8950,2026-03-01,Myanmar,Mong Pawk,MMK,2100.19
8951,2026-04-01,Myanmar,Mong Pawk,MMK,2107.47
8952,2026-01-01,Myanmar,Mong See,MMK,2093.59
8953,2026-02-01,Myanmar,Mong See,MMK,2100.04
8954,2026-03-01,Myanmar,Mong See,MMK,2100.19
8955,2026-04-01,Myanmar,Mong See,MMK,2107.47
8956,2026-01-01,Myanmar,Mong Wee,MMK,2093.59
8957,2026-02-01,Myanmar,Mong Wee,MMK,2100.04
8958,2026-03-01,Myanmar,Mong Wee,MMK,2100.19
8959,2026-04-01,Myanmar,Mong Wee,MMK,2107.47
8960,2026-01-01,Myanmar,Monyin Market,MMK,2093.59
8961,2026-02-01,Myanmar,Monyin Market,MMK,2100.04
8962,2026-03-01,Myanmar,Monyin Market,MMK,2100.19
8963,2026-04-01,Myanmar,Monyin Market,MMK,2107.47
8964,2026-01-01,Myanmar,Morhtai,MMK,2093.59
8965,2026-02-01,Myanmar,Morhtai,MMK,2100.04
8966,2026-03-01,Myanmar,Morhtai,MMK,2100.19
8967,2026-04-01,Myanmar,Morhtai,MMK,2107.47
8968,2026-01-01,Myanmar,Mrauk-U Main,MMK,2093.59
8969,2026-02-01,Myanmar,Mrauk-U Main,MMK,2100.04
8970,2026-03-01,Myanmar,Mrauk-U Main,MMK,2100.19
8971,2026-04-01,Myanmar,Mrauk-U Main,MMK,2107.47
8972,2026-01-01,Myanmar,Municipal,MMK,2093.59
8973,2026-02-01,Myanmar,Municipal,MMK,2100.04
8974,2026-03-01,Myanmar,Municipal,MMK,2100.19
8975,2026-04-01,Myanmar,Municipal,MMK,2107.47
8976,2026-01-01,Myanmar,Muse,MMK,2093.59
8977,2026-02-01,Myanmar,Muse,MMK,2100.04
8978,2026-03-01,Myanmar,Muse,MMK,2100.19
8979,2026-04-01,Myanmar,Muse,MMK,2107.47
8980,2026-01-01,Myanmar,Mya Thida,MMK,2093.59
8981,2026-02-01,Myanmar,Mya Thida,MMK,2100.04
8982,2026-03-01,Myanmar,Mya Thida,MMK,2100.19
8983,2026-04-01,Myanmar,Mya Thida,MMK,2107.47
8984,2026-01-01,Myanmar,Myebon Main,MMK,2093.59
8985,2026-02-01,Myanmar,Myebon Main,MMK,2100.04
8986,2026-03-01,Myanmar,Myebon Main,MMK,2100.19
8987,2026-04-01,Myanmar,Myebon Main,MMK,2107.47
8988,2026-01-01,Myanmar,Myin Hlut,MMK,2093.59
8989,2026-02-01,Myanmar,Myin Hlut,MMK,2100.04
8990,2026-03-01,Myanmar,Myin Hlut,MMK,2100.19
8991,2026-04-01,Myanmar,Myin Hlut,MMK,2107.47
8992,2026-01-01,Myanmar,Myinmu,MMK,2093.59
8993,2026-02-01,Myanmar,Myinmu,MMK,2100.04
8994,2026-03-01,Myanmar,Myinmu,MMK,2100.19
8995,2026-04-01,Myanmar,Myinmu,MMK,2107.47
8996,2026-01-01,Myanmar,Myit Chae,MMK,2093.59
8997,2026-02-01,Myanmar,Myit Chae,MMK,2100.04
8998,2026-03-01,Myanmar,Myit Chae,MMK,2100.19
8999,2026-04-01,Myanmar,Myit Chae,MMK,2107.47
9000,2026-01-01,Myanmar,Myitkyina Myoma Market,MMK,2093.59
9001,2026-02-01,Myanmar,Myitkyina Myoma Market,MMK,2100.04
9002,2026-03-01,Myanmar,Myitkyina Myoma Market,MMK,2100.19
9003,2026-04-01,Myanmar,Myitkyina Myoma Market,MMK,2107.47
9004,2026-01-01,Myanmar,Myo Ma Zay,MMK,2093.59
9005,2026-02-01,Myanmar,Myo Ma Zay,MMK,2100.04
9006,2026-03-01,Myanmar,Myo Ma Zay,MMK,2100.19
9007,2026-04-01,Myanmar,Myo Ma Zay,MMK,2107.47
9008,2026-01-01,Myanmar,MyoHaung,MMK,2093.59
9009,2026-02-01,Myanmar,MyoHaung,MMK,2100.04
9010,2026-03-01,Myanmar,MyoHaung,MMK,2100.19
9011,2026-04-01,Myanmar,MyoHaung,MMK,2107.47
9012,2026-01-01,Myanmar,Myoma,MMK,2093.59
9013,2026-02-01,Myanmar,Myoma,MMK,2100.04
9014,2026-03-01,Myanmar,Myoma,MMK,2100.19
9015,2026-04-01,Myanmar,Myoma,MMK,2107.47
9016,2026-01-01,Myanmar,Myothit,MMK,2093.59
9017,2026-02-01,Myanmar,Myothit,MMK,2100.04
9018,2026-03-01,Myanmar,Myothit,MMK,2100.19
9019,2026-04-01,Myanmar,Myothit,MMK,2107.47
9020,2026-01-01,Myanmar,Na Rat Sar,MMK,2093.59
9021,2026-02-01,Myanmar,Na Rat Sar,MMK,2100.04
9022,2026-03-01,Myanmar,Na Rat Sar,MMK,2100.19
9023,2026-04-01,Myanmar,Na Rat Sar,MMK,2107.47
9024,2026-01-01,Myanmar,Nam Hpat Kar,MMK,2093.59
9025,2026-02-01,Myanmar,Nam Hpat Kar,MMK,2100.04
9026,2026-03-01,Myanmar,Nam Hpat Kar,MMK,2100.19
9027,2026-04-01,Myanmar,Nam Hpat Kar,MMK,2107.47
9028,2026-01-01,Myanmar,Nam Kam,MMK,2093.59
9029,2026-02-01,Myanmar,Nam Kam,MMK,2100.04
9030,2026-03-01,Myanmar,Nam Kam,MMK,2100.19
9031,2026-04-01,Myanmar,Nam Kam,MMK,2107.47
9032,2026-01-01,Myanmar,Nam San Yang,MMK,2093.59
9033,2026-02-01,Myanmar,Nam San Yang,MMK,2100.04
9034,2026-03-01,Myanmar,Nam San Yang,MMK,2100.19
9035,2026-04-01,Myanmar,Nam San Yang,MMK,2107.47
9036,2026-01-01,Myanmar,Namhkam Market,MMK,2093.59
9037,2026-02-01,Myanmar,Namhkam Market,MMK,2100.04
9038,2026-03-01,Myanmar,Namhkam Market,MMK,2100.19
9039,2026-04-01,Myanmar,Namhkam Market,MMK,2107.47
9040,2026-01-01,Myanmar,Nammati,MMK,2093.59
9041,2026-02-01,Myanmar,Nammati,MMK,2100.04
9042,2026-03-01,Myanmar,Nammati,MMK,2100.19
9043,2026-04-01,Myanmar,Nammati,MMK,2107.47
9044,2026-01-01,Myanmar,Namphatkhar,MMK,2093.59
9045,2026-02-01,Myanmar,Namphatkhar,MMK,2100.04
9046,2026-03-01,Myanmar,Namphatkhar,MMK,2100.19
9047,2026-04-01,Myanmar,Namphatkhar,MMK,2107.47
9048,2026-01-01,Myanmar,Namtu,MMK,2093.59
9049,2026-02-01,Myanmar,Namtu,MMK,2100.04
9050,2026-03-01,Myanmar,Namtu,MMK,2100.19
9051,2026-04-01,Myanmar,Namtu,MMK,2107.47
9052,2026-01-01,Myanmar,Natmauk Myoma Market,MMK,2093.59
9053,2026-02-01,Myanmar,Natmauk Myoma Market,MMK,2100.04
9054,2026-03-01,Myanmar,Natmauk Myoma Market,MMK,2100.19
9055,2026-04-01,Myanmar,Natmauk Myoma Market,MMK,2107.47
9056,2026-01-01,Myanmar,Naungtayar,MMK,2093.59
9057,2026-02-01,Myanmar,Naungtayar,MMK,2100.04
9058,2026-03-01,Myanmar,Naungtayar,MMK,2100.19
9059,2026-04-01,Myanmar,Naungtayar,MMK,2107.47
9060,2026-01-01,Myanmar,Nawarat,MMK,2093.59
9061,2026-02-01,Myanmar,Nawarat,MMK,2100.04
9062,2026-03-01,Myanmar,Nawarat,MMK,2100.19
9063,2026-04-01,Myanmar,Nawarat,MMK,2107.47
9064,2026-01-01,Myanmar,Nawng Hkit,MMK,2093.59
9065,2026-02-01,Myanmar,Nawng Hkit,MMK,2100.04
9066,2026-03-01,Myanmar,Nawng Hkit,MMK,2100.19
9067,2026-04-01,Myanmar,Nawng Hkit,MMK,2107.47
9068,2026-01-01,Myanmar,Nawnghkio,MMK,2093.59
9069,2026-02-01,Myanmar,Nawnghkio,MMK,2100.04
9070,2026-03-01,Myanmar,Nawnghkio,MMK,2100.19
9071,2026-04-01,Myanmar,Nawnghkio,MMK,2107.47
9072,2026-01-01,Myanmar,Nga Khu Ra,MMK,2093.59
9073,2026-02-01,Myanmar,Nga Khu Ra,MMK,2100.04
9074,2026-03-01,Myanmar,Nga Khu Ra,MMK,2100.19
9075,2026-04-01,Myanmar,Nga Khu Ra,MMK,2107.47
9076,2026-01-01,Myanmar,Ngaphaipi,MMK,2093.59
9077,2026-02-01,Myanmar,Ngaphaipi,MMK,2100.04
9078,2026-03-01,Myanmar,Ngaphaipi,MMK,2100.19
9079,2026-04-01,Myanmar,Ngaphaipi,MMK,2107.47
9080,2026-01-01,Myanmar,Ngazalgwae,MMK,2093.59
9081,2026-02-01,Myanmar,Ngazalgwae,MMK,2100.04
9082,2026-03-01,Myanmar,Ngazalgwae,MMK,2100.19
9083,2026-04-01,Myanmar,Ngazalgwae,MMK,2107.47
9084,2026-01-01,Myanmar,Nget Chaung,MMK,2093.59
9085,2026-02-01,Myanmar,Nget Chaung,MMK,2100.04
9086,2026-03-01,Myanmar,Nget Chaung,MMK,2100.19
9087,2026-04-01,Myanmar,Nget Chaung,MMK,2107.47
9088,2026-01-01,Myanmar,Night Market,MMK,2093.59
9089,2026-02-01,Myanmar,Night Market,MMK,2100.04
9090,2026-03-01,Myanmar,Night Market,MMK,2100.19
9091,2026-04-01,Myanmar,Night Market,MMK,2107.47
9092,2026-01-01,Myanmar,Njang Dung,MMK,2093.59
9093,2026-02-01,Myanmar,Njang Dung,MMK,2100.04
9094,2026-03-01,Myanmar,Njang Dung,MMK,2100.19
9095,2026-04-01,Myanmar,Njang Dung,MMK,2107.47
9096,2026-01-01,Myanmar,Nyaung Chung,MMK,2093.59
9097,2026-02-01,Myanmar,Nyaung Chung,MMK,2100.04
9098,2026-03-01,Myanmar,Nyaung Chung,MMK,2100.19
9099,2026-04-01,Myanmar,Nyaung Chung,MMK,2107.47
9100,2026-01-01,Myanmar,Nyaung Pin Gyi,MMK,2093.59
9101,2026-02-01,Myanmar,Nyaung Pin Gyi,MMK,2100.04
9102,2026-03-01,Myanmar,Nyaung Pin Gyi,MMK,2100.19
9103,2026-04-01,Myanmar,Nyaung Pin Gyi,MMK,2107.47
9104,2026-01-01,Myanmar,Nyaungpin,MMK,2093.59
9105,2026-02-01,Myanmar,Nyaungpin,MMK,2100.04
9106,2026-03-01,Myanmar,Nyaungpin,MMK,2100.19
9107,2026-04-01,Myanmar,Nyaungpin,MMK,2107.47
9108,2026-01-01,Myanmar,NyaungshweMyoma,MMK,2093.59
9109,2026-02-01,Myanmar,NyaungshweMyoma,MMK,2100.04
9110,2026-03-01,Myanmar,NyaungshweMyoma,MMK,2100.19
9111,2026-04-01,Myanmar,NyaungshweMyoma,MMK,2107.47
9112,2026-01-01,Myanmar,Ohn Taw Gyi,MMK,2093.59
9113,2026-02-01,Myanmar,Ohn Taw Gyi,MMK,2100.04
9114,2026-03-01,Myanmar,Ohn Taw Gyi,MMK,2100.19
9115,2026-04-01,Myanmar,Ohn Taw Gyi,MMK,2107.47
9116,2026-01-01,Myanmar,Oktwin Myoma,MMK,2093.59
9117,2026-02-01,Myanmar,Oktwin Myoma,MMK,2100.04
9118,2026-03-01,Myanmar,Oktwin Myoma,MMK,2100.19
9119,2026-04-01,Myanmar,Oktwin Myoma,MMK,2107.47
9120,2026-01-01,Myanmar,Pa Say Lar,MMK,2093.59
9121,2026-02-01,Myanmar,Pa Say Lar,MMK,2100.04
9122,2026-03-01,Myanmar,Pa Say Lar,MMK,2100.19
9123,2026-04-01,Myanmar,Pa Say Lar,MMK,2107.47
9124,2026-01-01,Myanmar,Pa Tein Ta Lan,MMK,2093.59
9125,2026-02-01,Myanmar,Pa Tein Ta Lan,MMK,2100.04
9126,2026-03-01,Myanmar,Pa Tein Ta Lan,MMK,2100.19
9127,2026-04-01,Myanmar,Pa Tein Ta Lan,MMK,2107.47
9128,2026-01-01,Myanmar,Pa Wa Hte,MMK,2093.59
9129,2026-02-01,Myanmar,Pa Wa Hte,MMK,2100.04
9130,2026-03-01,Myanmar,Pa Wa Hte,MMK,2100.19
9131,2026-04-01,Myanmar,Pa Wa Hte,MMK,2107.47
9132,2026-01-01,Myanmar,Padamyar,MMK,2093.59
9133,2026-02-01,Myanmar,Padamyar,MMK,2100.04
9134,2026-03-01,Myanmar,Padamyar,MMK,2100.19
9135,2026-04-01,Myanmar,Padamyar,MMK,2107.47
9136,2026-01-01,Myanmar,Pakhangyi,MMK,2093.59
9137,2026-02-01,Myanmar,Pakhangyi,MMK,2100.04
9138,2026-03-01,Myanmar,Pakhangyi,MMK,2100.19
9139,2026-04-01,Myanmar,Pakhangyi,MMK,2107.47
9140,2026-01-01,Myanmar,Pakokku Myo Ma Market,MMK,2093.59
9141,2026-02-01,Myanmar,Pakokku Myo Ma Market,MMK,2100.04
9142,2026-03-01,Myanmar,Pakokku Myo Ma Market,MMK,2100.19
9143,2026-04-01,Myanmar,Pakokku Myo Ma Market,MMK,2107.47
9144,2026-01-01,Myanmar,Palana,MMK,2093.59
9145,2026-02-01,Myanmar,Palana,MMK,2100.04
9146,2026-03-01,Myanmar,Palana,MMK,2100.19
9147,2026-04-01,Myanmar,Palana,MMK,2107.47
9148,2026-01-01,Myanmar,Palaw,MMK,2093.59
9149,2026-02-01,Myanmar,Palaw,MMK,2100.04
9150,2026-03-01,Myanmar,Palaw,MMK,2100.19
9151,2026-04-01,Myanmar,Palaw,MMK,2107.47
9152,2026-01-01,Myanmar,Paletwa Myoma Market,MMK,2093.59
9153,2026-02-01,Myanmar,Paletwa Myoma Market,MMK,2100.04
9154,2026-03-01,Myanmar,Paletwa Myoma Market,MMK,2100.19
9155,2026-04-01,Myanmar,Paletwa Myoma Market,MMK,2107.47
9156,2026-01-01,Myanmar,Pang Kham,MMK,2093.59
9157,2026-02-01,Myanmar,Pang Kham,MMK,2100.04
9158,2026-03-01,Myanmar,Pang Kham,MMK,2100.19
9159,2026-04-01,Myanmar,Pang Kham,MMK,2107.47
9160,2026-01-01,Myanmar,Pang Yang,MMK,2093.59
9161,2026-02-01,Myanmar,Pang Yang,MMK,2100.04
9162,2026-03-01,Myanmar,Pang Yang,MMK,2100.19
9163,2026-04-01,Myanmar,Pang Yang,MMK,2107.47
9164,2026-01-01,Myanmar,Pauktaw Myoma,MMK,2093.59
9165,2026-02-01,Myanmar,Pauktaw Myoma,MMK,2100.04
9166,2026-03-01,Myanmar,Pauktaw Myoma,MMK,2100.19
9167,2026-04-01,Myanmar,Pauktaw Myoma,MMK,2107.47
9168,2026-01-01,Myanmar,Paung Toke,MMK,2093.59
9169,2026-02-01,Myanmar,Paung Toke,MMK,2100.04
9170,2026-03-01,Myanmar,Paung Toke,MMK,2100.19
9171,2026-04-01,Myanmar,Paung Toke,MMK,2107.47
9172,2026-01-01,Myanmar,Phekhon,MMK,2093.59
9173,2026-02-01,Myanmar,Phekhon,MMK,2100.04
9174,2026-03-01,Myanmar,Phekhon,MMK,2100.19
9175,2026-04-01,Myanmar,Phekhon,MMK,2107.47
9176,2026-01-01,Myanmar,Phyu Myoma,MMK,2093.59
9177,2026-02-01,Myanmar,Phyu Myoma,MMK,2100.04
9178,2026-03-01,Myanmar,Phyu Myoma,MMK,2100.19
9179,2026-04-01,Myanmar,Phyu Myoma,MMK,2107.47
9180,2026-01-01,Myanmar,Pin Hkun,MMK,2093.59
9181,2026-02-01,Myanmar,Pin Hkun,MMK,2100.04
9182,2026-03-01,Myanmar,Pin Hkun,MMK,2100.19
9183,2026-04-01,Myanmar,Pin Hkun,MMK,2107.47
9184,2026-01-01,Myanmar,Pin Khun,MMK,2093.59
9185,2026-02-01,Myanmar,Pin Khun,MMK,2100.04
9186,2026-03-01,Myanmar,Pin Khun,MMK,2100.19
9187,2026-04-01,Myanmar,Pin Khun,MMK,2107.47
9188,2026-01-01,Myanmar,Pin Lone,MMK,2093.59
9189,2026-02-01,Myanmar,Pin Lone,MMK,2100.04
9190,2026-03-01,Myanmar,Pin Lone,MMK,2100.19
9191,2026-04-01,Myanmar,Pin Lone,MMK,2107.47
9192,2026-01-01,Myanmar,Pinlaung Myoma,MMK,2093.59
9193,2026-02-01,Myanmar,Pinlaung Myoma,MMK,2100.04
9194,2026-03-01,Myanmar,Pinlaung Myoma,MMK,2100.19
9195,2026-04-01,Myanmar,Pinlaung Myoma,MMK,2107.47
9196,2026-01-01,Myanmar,Puta-O Myoma,MMK,2093.59
9197,2026-02-01,Myanmar,Puta-O Myoma,MMK,2100.04
9198,2026-03-01,Myanmar,Puta-O Myoma,MMK,2100.19
9199,2026-04-01,Myanmar,Puta-O Myoma,MMK,2107.47
9200,2026-01-01,Myanmar,Raldunn Market,MMK,2093.59
9201,2026-02-01,Myanmar,Raldunn Market,MMK,2100.04
9202,2026-03-01,Myanmar,Raldunn Market,MMK,2100.19
9203,2026-04-01,Myanmar,Raldunn Market,MMK,2107.47
9204,2026-01-01,Myanmar,Rammawatty Myoma,MMK,2093.59
9205,2026-02-01,Myanmar,Rammawatty Myoma,MMK,2100.04
9206,2026-03-01,Myanmar,Rammawatty Myoma,MMK,2100.19
9207,2026-04-01,Myanmar,Rammawatty Myoma,MMK,2107.47
9208,2026-01-01,Myanmar,Ramsi,MMK,2093.59
9209,2026-02-01,Myanmar,Ramsi,MMK,2100.04
9210,2026-03-01,Myanmar,Ramsi,MMK,2100.19
9211,2026-04-01,Myanmar,Ramsi,MMK,2107.47
9212,2026-01-01,Myanmar,Rathedaung,MMK,2093.59
9213,2026-02-01,Myanmar,Rathedaung,MMK,2100.04
9214,2026-03-01,Myanmar,Rathedaung,MMK,2100.19
9215,2026-04-01,Myanmar,Rathedaung,MMK,2107.47
9216,2026-01-01,Myanmar,Rathedaung Main,MMK,2093.59
9217,2026-02-01,Myanmar,Rathedaung Main,MMK,2100.04
9218,2026-03-01,Myanmar,Rathedaung Main,MMK,2100.19
9219,2026-04-01,Myanmar,Rathedaung Main,MMK,2107.47
9220,2026-01-01,Myanmar,Razua,MMK,2093.59
9221,2026-02-01,Myanmar,Razua,MMK,2100.04
9222,2026-03-01,Myanmar,Razua,MMK,2100.19
9223,2026-04-01,Myanmar,Razua,MMK,2107.47
9224,2026-01-01,Myanmar,Rihkhawdar,MMK,2093.59
9225,2026-02-01,Myanmar,Rihkhawdar,MMK,2100.04
9226,2026-03-01,Myanmar,Rihkhawdar,MMK,2100.19
9227,2026-04-01,Myanmar,Rihkhawdar,MMK,2107.47
9228,2026-01-01,Myanmar,Sadung,MMK,2093.59
9229,2026-02-01,Myanmar,Sadung,MMK,2100.04
9230,2026-03-01,Myanmar,Sadung,MMK,2100.19
9231,2026-04-01,Myanmar,Sadung,MMK,2107.47
9232,2026-01-01,Myanmar,Sagaing Myoma,MMK,2093.59
9233,2026-02-01,Myanmar,Sagaing Myoma,MMK,2100.04
9234,2026-03-01,Myanmar,Sagaing Myoma,MMK,2100.19
9235,2026-04-01,Myanmar,Sagaing Myoma,MMK,2107.47
9236,2026-01-01,Myanmar,Sai Law,MMK,2093.59
9237,2026-02-01,Myanmar,Sai Law,MMK,2100.04
9238,2026-03-01,Myanmar,Sai Law,MMK,2100.19
9239,2026-04-01,Myanmar,Sai Law,MMK,2107.47
9240,2026-01-01,Myanmar,Salin Myoma,MMK,2093.59
9241,2026-02-01,Myanmar,Salin Myoma,MMK,2100.04
9242,2026-03-01,Myanmar,Salin Myoma,MMK,2100.19
9243,2026-04-01,Myanmar,Salin Myoma,MMK,2107.47
9244,2026-01-01,Myanmar,Samee,MMK,2093.59
9245,2026-02-01,Myanmar,Samee,MMK,2100.04
9246,2026-03-01,Myanmar,Samee,MMK,2100.19
9247,2026-04-01,Myanmar,Samee,MMK,2107.47
9248,2026-01-01,Myanmar,Sanbaung,MMK,2093.59
9249,2026-02-01,Myanmar,Sanbaung,MMK,2100.04
9250,2026-03-01,Myanmar,Sanbaung,MMK,2100.19
9251,2026-04-01,Myanmar,Sanbaung,MMK,2107.47
9252,2026-01-01,Myanmar,Sanpya ward,MMK,2093.59
9253,2026-02-01,Myanmar,Sanpya ward,MMK,2100.04
9254,2026-03-01,Myanmar,Sanpya ward,MMK,2100.19
9255,2026-04-01,Myanmar,Sanpya ward,MMK,2107.47
9256,2026-01-01,Myanmar,Saw Myoma,MMK,2093.59
9257,2026-02-01,Myanmar,Saw Myoma,MMK,2100.04
9258,2026-03-01,Myanmar,Saw Myoma,MMK,2100.19
9259,2026-04-01,Myanmar,Saw Myoma,MMK,2107.47
9260,2026-01-01,Myanmar,Say Tha Mar Gyi,MMK,2093.59
9261,2026-02-01,Myanmar,Say Tha Mar Gyi,MMK,2100.04
9262,2026-03-01,Myanmar,Say Tha Mar Gyi,MMK,2100.19
9263,2026-04-01,Myanmar,Say Tha Mar Gyi,MMK,2107.47
9264,2026-01-01,Myanmar,Shadaw,MMK,2093.59
9265,2026-02-01,Myanmar,Shadaw,MMK,2100.04
9266,2026-03-01,Myanmar,Shadaw,MMK,2100.19
9267,2026-04-01,Myanmar,Shadaw,MMK,2107.47
9268,2026-01-01,Myanmar,Shaokai,MMK,2093.59
9269,2026-02-01,Myanmar,Shaokai,MMK,2100.04
9270,2026-03-01,Myanmar,Shaokai,MMK,2100.19
9271,2026-04-01,Myanmar,Shaokai,MMK,2107.47
9272,2026-01-01,Myanmar,Shin Pin Kai,MMK,2093.59
9273,2026-02-01,Myanmar,Shin Pin Kai,MMK,2100.04
9274,2026-03-01,Myanmar,Shin Pin Kai,MMK,2100.19
9275,2026-04-01,Myanmar,Shin Pin Kai,MMK,2107.47
9276,2026-01-01,Myanmar,Shwe Hin Tar,MMK,2093.59
9277,2026-02-01,Myanmar,Shwe Hin Tar,MMK,2100.04
9278,2026-03-01,Myanmar,Shwe Hin Tar,MMK,2100.19
9279,2026-04-01,Myanmar,Shwe Hin Tar,MMK,2107.47
9280,2026-01-01,Myanmar,Shwe Yin Sae,MMK,2093.59
9281,2026-02-01,Myanmar,Shwe Yin Sae,MMK,2100.04
9282,2026-03-01,Myanmar,Shwe Yin Sae,MMK,2100.19
9283,2026-04-01,Myanmar,Shwe Yin Sae,MMK,2107.47
9284,2026-01-01,Myanmar,Shwegu,MMK,2093.59
9285,2026-02-01,Myanmar,Shwegu,MMK,2100.04
9286,2026-03-01,Myanmar,Shwegu,MMK,2100.19
9287,2026-04-01,Myanmar,Shwegu,MMK,2107.47
9288,2026-01-01,Myanmar,Shwepyitha,MMK,2093.59
9289,2026-02-01,Myanmar,Shwepyitha,MMK,2100.04
9290,2026-03-01,Myanmar,Shwepyitha,MMK,2100.19
9291,2026-04-01,Myanmar,Shwepyitha,MMK,2107.47
9292,2026-01-01,Myanmar,Sin Tet Maw,MMK,2093.59
9293,2026-02-01,Myanmar,Sin Tet Maw,MMK,2100.04
9294,2026-03-01,Myanmar,Sin Tet Maw,MMK,2100.19
9295,2026-04-01,Myanmar,Sin Tet Maw,MMK,2107.47
9296,2026-01-01,Myanmar,Site Kuang,MMK,2093.59
9297,2026-02-01,Myanmar,Site Kuang,MMK,2100.04
9298,2026-03-01,Myanmar,Site Kuang,MMK,2100.19
9299,2026-04-01,Myanmar,Site Kuang,MMK,2107.47
9300,2026-01-01,Myanmar,Sittwe,MMK,2093.59
9301,2026-02-01,Myanmar,Sittwe,MMK,2100.04
9302,2026-03-01,Myanmar,Sittwe,MMK,2100.19
9303,2026-04-01,Myanmar,Sittwe,MMK,2107.47
9304,2026-01-01,Myanmar,Tamu Municipal,MMK,2093.59
9305,2026-02-01,Myanmar,Tamu Municipal,MMK,2100.04
9306,2026-03-01,Myanmar,Tamu Municipal,MMK,2100.19
9307,2026-04-01,Myanmar,Tamu Municipal,MMK,2107.47
9308,2026-01-01,Myanmar,Tanai Market,MMK,2093.59
9309,2026-02-01,Myanmar,Tanai Market,MMK,2100.04
9310,2026-03-01,Myanmar,Tanai Market,MMK,2100.19
9311,2026-04-01,Myanmar,Tanai Market,MMK,2107.47
9312,2026-01-01,Myanmar,Tangyan,MMK,2093.59
9313,2026-02-01,Myanmar,Tangyan,MMK,2100.04
9314,2026-03-01,Myanmar,Tangyan,MMK,2100.19
9315,2026-04-01,Myanmar,Tangyan,MMK,2107.47
9316,2026-01-01,Myanmar,Tanintharyi,MMK,2093.59
9317,2026-02-01,Myanmar,Tanintharyi,MMK,2100.04
9318,2026-03-01,Myanmar,Tanintharyi,MMK,2100.19
9319,2026-04-01,Myanmar,Tanintharyi,MMK,2107.47
9320,2026-01-01,Myanmar,Tar Shwe Tang,MMK,2093.59
9321,2026-02-01,Myanmar,Tar Shwe Tang,MMK,2100.04
9322,2026-03-01,Myanmar,Tar Shwe Tang,MMK,2100.19
9323,2026-04-01,Myanmar,Tar Shwe Tang,MMK,2107.47
9324,2026-01-01,Myanmar,Taung Bazzar,MMK,2093.59
9325,2026-02-01,Myanmar,Taung Bazzar,MMK,2100.04
9326,2026-03-01,Myanmar,Taung Bazzar,MMK,2100.19
9327,2026-04-01,Myanmar,Taung Bazzar,MMK,2107.47
9328,2026-01-01,Myanmar,Taung Pyo Let Wai,MMK,2093.59
9329,2026-02-01,Myanmar,Taung Pyo Let Wai,MMK,2100.04
9330,2026-03-01,Myanmar,Taung Pyo Let Wai,MMK,2100.19
9331,2026-04-01,Myanmar,Taung Pyo Let Wai,MMK,2107.47
9332,2026-01-01,Myanmar,Taung Sun,MMK,2093.59
9333,2026-02-01,Myanmar,Taung Sun,MMK,2100.04
9334,2026-03-01,Myanmar,Taung Sun,MMK,2100.19
9335,2026-04-01,Myanmar,Taung Sun,MMK,2107.47
9336,2026-01-01,Myanmar,Taunggyi,MMK,2093.59
9337,2026-02-01,Myanmar,Taunggyi,MMK,2100.04
9338,2026-03-01,Myanmar,Taunggyi,MMK,2100.19
9339,2026-04-01,Myanmar,Taunggyi,MMK,2107.47
9340,2026-01-01,Myanmar,Taungoo Myoma,MMK,2093.59
9341,2026-02-01,Myanmar,Taungoo Myoma,MMK,2100.04
9342,2026-03-01,Myanmar,Taungoo Myoma,MMK,2100.19
9343,2026-04-01,Myanmar,Taungoo Myoma,MMK,2107.47
9344,2026-01-01,Myanmar,TaungPaw,MMK,2093.59
9345,2026-02-01,Myanmar,TaungPaw,MMK,2100.04
9346,2026-03-01,Myanmar,TaungPaw,MMK,2100.19
9347,2026-04-01,Myanmar,TaungPaw,MMK,2107.47
9348,2026-01-01,Myanmar,Taze,MMK,2093.59
9349,2026-02-01,Myanmar,Taze,MMK,2100.04
9350,2026-03-01,Myanmar,Taze,MMK,2100.19
9351,2026-04-01,Myanmar,Taze,MMK,2107.47
9352,2026-01-01,Myanmar,TBZY Myo Ma Zay,MMK,2093.59
9353,2026-02-01,Myanmar,TBZY Myo Ma Zay,MMK,2100.04
9354,2026-03-01,Myanmar,TBZY Myo Ma Zay,MMK,2100.19
9355,2026-04-01,Myanmar,TBZY Myo Ma Zay,MMK,2107.47
9356,2026-01-01,Myanmar,Tedim Municipal Market,MMK,2093.59
9357,2026-02-01,Myanmar,Tedim Municipal Market,MMK,2100.04
9358,2026-03-01,Myanmar,Tedim Municipal Market,MMK,2100.19
9359,2026-04-01,Myanmar,Tedim Municipal Market,MMK,2107.47
9360,2026-01-01,Myanmar,Thae Chaung,MMK,2093.59
9361,2026-02-01,Myanmar,Thae Chaung,MMK,2100.04
9362,2026-03-01,Myanmar,Thae Chaung,MMK,2100.19
9363,2026-04-01,Myanmar,Thae Chaung,MMK,2107.47
9364,2026-01-01,Myanmar,Thandaunggyi,MMK,2093.59
9365,2026-02-01,Myanmar,Thandaunggyi,MMK,2100.04
9366,2026-03-01,Myanmar,Thandaunggyi,MMK,2100.19
9367,2026-04-01,Myanmar,Thandaunggyi,MMK,2107.47
9368,2026-01-01,Myanmar,Thandwe Myoma,MMK,2093.59
9369,2026-02-01,Myanmar,Thandwe Myoma,MMK,2100.04
9370,2026-03-01,Myanmar,Thandwe Myoma,MMK,2100.19
9371,2026-04-01,Myanmar,Thandwe Myoma,MMK,2107.47
9372,2026-01-01,Myanmar,Thantlang,MMK,2093.59
9373,2026-02-01,Myanmar,Thantlang,MMK,2100.04
9374,2026-03-01,Myanmar,Thantlang,MMK,2100.19
9375,2026-04-01,Myanmar,Thantlang,MMK,2107.47
9376,2026-01-01,Myanmar,Thaton Myo Ma Zay,MMK,2093.59
9377,2026-02-01,Myanmar,Thaton Myo Ma Zay,MMK,2100.04
9378,2026-03-01,Myanmar,Thaton Myo Ma Zay,MMK,2100.19
9379,2026-04-01,Myanmar,Thaton Myo Ma Zay,MMK,2107.47
9380,2026-01-01,Myanmar,Thayetchaung,MMK,2093.59
9381,2026-02-01,Myanmar,Thayetchaung,MMK,2100.04
9382,2026-03-01,Myanmar,Thayetchaung,MMK,2100.19
9383,2026-04-01,Myanmar,Thayetchaung,MMK,2107.47
9384,2026-01-01,Myanmar,Thet Kay Pyin,MMK,2093.59
9385,2026-02-01,Myanmar,Thet Kay Pyin,MMK,2100.04
9386,2026-03-01,Myanmar,Thet Kay Pyin,MMK,2100.19
9387,2026-04-01,Myanmar,Thet Kay Pyin,MMK,2107.47
9388,2026-01-01,Myanmar,Thet Yet Pin Chaung,MMK,2093.59
9389,2026-02-01,Myanmar,Thet Yet Pin Chaung,MMK,2100.04
9390,2026-03-01,Myanmar,Thet Yet Pin Chaung,MMK,2100.19
9391,2026-04-01,Myanmar,Thet Yet Pin Chaung,MMK,2107.47
9392,2026-01-01,Myanmar,Thiri Market,MMK,2093.59
9393,2026-02-01,Myanmar,Thiri Market,MMK,2100.04
9394,2026-03-01,Myanmar,Thiri Market,MMK,2100.19
9395,2026-04-01,Myanmar,Thiri Market,MMK,2107.47
9396,2026-01-01,Myanmar,Thiri Mingalar Market,MMK,2093.59
9397,2026-02-01,Myanmar,Thiri Mingalar Market,MMK,2100.04
9398,2026-03-01,Myanmar,Thiri Mingalar Market,MMK,2100.19
9399,2026-04-01,Myanmar,Thiri Mingalar Market,MMK,2107.47
9400,2026-01-01,Myanmar,Thiri Myaing,MMK,2093.59
9401,2026-02-01,Myanmar,Thiri Myaing,MMK,2100.04
9402,2026-03-01,Myanmar,Thiri Myaing,MMK,2100.19
9403,2026-04-01,Myanmar,Thiri Myaing,MMK,2107.47
9404,2026-01-01,Myanmar,Tigyaing,MMK,2093.59
9405,2026-02-01,Myanmar,Tigyaing,MMK,2100.04
9406,2026-03-01,Myanmar,Tigyaing,MMK,2100.19
9407,2026-04-01,Myanmar,Tigyaing,MMK,2107.47
9408,2026-01-01,Myanmar,Tonzang,MMK,2093.59
9409,2026-02-01,Myanmar,Tonzang,MMK,2100.04
9410,2026-03-01,Myanmar,Tonzang,MMK,2100.19
9411,2026-04-01,Myanmar,Tonzang,MMK,2107.47
9412,2026-01-01,Myanmar,Toungup Main,MMK,2093.59
9413,2026-02-01,Myanmar,Toungup Main,MMK,2100.04
9414,2026-03-01,Myanmar,Toungup Main,MMK,2100.19
9415,2026-04-01,Myanmar,Toungup Main,MMK,2107.47
9416,2026-01-01,Myanmar,Tuan Jie Cun,MMK,2093.59
9417,2026-02-01,Myanmar,Tuan Jie Cun,MMK,2100.04
9418,2026-03-01,Myanmar,Tuan Jie Cun,MMK,2100.19
9419,2026-04-01,Myanmar,Tuan Jie Cun,MMK,2107.47
9420,2026-01-01,Myanmar,Twantay Myoma,MMK,2093.59
9421,2026-02-01,Myanmar,Twantay Myoma,MMK,2100.04
9422,2026-03-01,Myanmar,Twantay Myoma,MMK,2100.19
9423,2026-04-01,Myanmar,Twantay Myoma,MMK,2107.47
9424,2026-01-01,Myanmar,Upper Ban Wai,MMK,2093.59
9425,2026-02-01,Myanmar,Upper Ban Wai,MMK,2100.04
9426,2026-03-01,Myanmar,Upper Ban Wai,MMK,2100.19
9427,2026-04-01,Myanmar,Upper Ban Wai,MMK,2107.47
9428,2026-01-01,Myanmar,Wai Maw,MMK,2093.59
9429,2026-02-01,Myanmar,Wai Maw,MMK,2100.04
9430,2026-03-01,Myanmar,Wai Maw,MMK,2100.19
9431,2026-04-01,Myanmar,Wai Maw,MMK,2107.47
9432,2026-01-01,Myanmar,Waingmaw,MMK,2093.59
9433,2026-02-01,Myanmar,Waingmaw,MMK,2100.04
9434,2026-03-01,Myanmar,Waingmaw,MMK,2100.19
9435,2026-04-01,Myanmar,Waingmaw,MMK,2107.47
9436,2026-01-01,Myanmar,Waingmaw Myoma Market,MMK,2093.59
9437,2026-02-01,Myanmar,Waingmaw Myoma Market,MMK,2100.04
9438,2026-03-01,Myanmar,Waingmaw Myoma Market,MMK,2100.19
9439,2026-04-01,Myanmar,Waingmaw Myoma Market,MMK,2107.47
9440,2026-01-01,Myanmar,Wang Leng,MMK,2093.59
9441,2026-02-01,Myanmar,Wang Leng,MMK,2100.04
9442,2026-03-01,Myanmar,Wang Leng,MMK,2100.19
9443,2026-04-01,Myanmar,Wang Leng,MMK,2107.47
9444,2026-01-01,Myanmar,Webula,MMK,2093.59
9445,2026-02-01,Myanmar,Webula,MMK,2100.04
9446,2026-03-01,Myanmar,Webula,MMK,2100.19
9447,2026-04-01,Myanmar,Webula,MMK,2107.47
9448,2026-01-01,Myanmar,Wein Kao,MMK,2093.59
9449,2026-02-01,Myanmar,Wein Kao,MMK,2100.04
9450,2026-03-01,Myanmar,Wein Kao,MMK,2100.19
9451,2026-04-01,Myanmar,Wein Kao,MMK,2107.47
9452,2026-01-01,Myanmar,Wetlet,MMK,2093.59
9453,2026-02-01,Myanmar,Wetlet,MMK,2100.04
9454,2026-03-01,Myanmar,Wetlet,MMK,2100.19
9455,2026-04-01,Myanmar,Wetlet,MMK,2107.47
9456,2026-01-01,Myanmar,Win Wa,MMK,2093.59
9457,2026-02-01,Myanmar,Win Wa,MMK,2100.04
9458,2026-03-01,Myanmar,Win Wa,MMK,2100.19
9459,2026-04-01,Myanmar,Win Wa,MMK,2107.47
9460,2026-01-01,Myanmar,Wuntho,MMK,2093.59
9461,2026-02-01,Myanmar,Wuntho,MMK,2100.04
9462,2026-03-01,Myanmar,Wuntho,MMK,2100.19
9463,2026-04-01,Myanmar,Wuntho,MMK,2107.47
9464,2026-01-01,Myanmar,Yadana,MMK,2093.59
9465,2026-02-01,Myanmar,Yadana,MMK,2100.04
9466,2026-03-01,Myanmar,Yadana,MMK,2100.19
9467,2026-04-01,Myanmar,Yadana,MMK,2107.47
9468,2026-01-01,Myanmar,Yadanamenaung,MMK,2093.59
9469,2026-02-01,Myanmar,Yadanamenaung,MMK,2100.04
9470,2026-03-01,Myanmar,Yadanamenaung,MMK,2100.19
9471,2026-04-01,Myanmar,Yadanamenaung,MMK,2107.47
9472,2026-01-01,Myanmar,Yae Baw Market,MMK,2093.59
9473,2026-02-01,Myanmar,Yae Baw Market,MMK,2100.04
9474,2026-03-01,Myanmar,Yae Baw Market,MMK,2100.19
9475,2026-04-01,Myanmar,Yae Baw Market,MMK,2107.47
9476,2026-01-01,Myanmar,YaeNiMyaung,MMK,2093.59
9477,2026-02-01,Myanmar,YaeNiMyaung,MMK,2100.04
9478,2026-03-01,Myanmar,YaeNiMyaung,MMK,2100.19
9479,2026-04-01,Myanmar,YaeNiMyaung,MMK,2107.47
9480,2026-01-01,Myanmar,Yaesagyo,MMK,2093.59
9481,2026-02-01,Myanmar,Yaesagyo,MMK,2100.04
9482,2026-03-01,Myanmar,Yaesagyo,MMK,2100.19
9483,2026-04-01,Myanmar,Yaesagyo,MMK,2107.47
9484,2026-01-01,Myanmar,Ye-U,MMK,2093.59
9485,2026-02-01,Myanmar,Ye-U,MMK,2100.04
9486,2026-03-01,Myanmar,Ye-U,MMK,2100.19
9487,2026-04-01,Myanmar,Ye-U,MMK,2107.47
9488,2026-01-01,Myanmar,Yebyu Market,MMK,2093.59
9489,2026-02-01,Myanmar,Yebyu Market,MMK,2100.04
9490,2026-03-01,Myanmar,Yebyu Market,MMK,2100.19
9491,2026-04-01,Myanmar,Yebyu Market,MMK,2107.47
9492,2026-01-01,Myanmar,Yedashe Myoma,MMK,2093.59
9493,2026-02-01,Myanmar,Yedashe Myoma,MMK,2100.04
9494,2026-03-01,Myanmar,Yedashe Myoma,MMK,2100.19
9495,2026-04-01,Myanmar,Yedashe Myoma,MMK,2107.47
9496,2026-01-01,Myanmar,Yenanchaung,MMK,2093.59
9497,2026-02-01,Myanmar,Yenanchaung,MMK,2100.04
9498,2026-03-01,Myanmar,Yenanchaung,MMK,2100.19
9499,2026-04-01,Myanmar,Yenanchaung,MMK,2107.47
9500,2026-01-01,Myanmar,Ying Phan,MMK,2093.59
9501,2026-02-01,Myanmar,Ying Phan,MMK,2100.04
9502,2026-03-01,Myanmar,Ying Phan,MMK,2100.19
9503,2026-04-01,Myanmar,Ying Phan,MMK,2107.47
9504,2026-01-01,Myanmar,Yinmarbin Myoma,MMK,2093.59
9505,2026-02-01,Myanmar,Yinmarbin Myoma,MMK,2100.04
9506,2026-03-01,Myanmar,Yinmarbin Myoma,MMK,2100.19
9507,2026-04-01,Myanmar,Yinmarbin Myoma,MMK,2107.47
9508,2026-01-01,Myanmar,YwarMa,MMK,2093.59
9509,2026-02-01,Myanmar,YwarMa,MMK,2100.04
9510,2026-03-01,Myanmar,YwarMa,MMK,2100.19
9511,2026-04-01,Myanmar,YwarMa,MMK,2107.47
9512,2026-01-01,Myanmar,Ywartaw,MMK,2093.59
9513,2026-02-01,Myanmar,Ywartaw,MMK,2100.04
9514,2026-03-01,Myanmar,Ywartaw,MMK,2100.19
9515,2026-04-01,Myanmar,Ywartaw,MMK,2107.47
9516,2026-01-01,Myanmar,Zami Yadana,MMK,2093.59
9517,2026-02-01,Myanmar,Zami Yadana,MMK,2100.04
9518,2026-03-01,Myanmar,Zami Yadana,MMK,2100.19
9519,2026-04-01,Myanmar,Zami Yadana,MMK,2107.47
9520,2026-01-01,Myanmar,Zamyinzwel,MMK,2093.59
9521,2026-02-01,Myanmar,Zamyinzwel,MMK,2100.04
9522,2026-03-01,Myanmar,Zamyinzwel,MMK,2100.19
9523,2026-04-01,Myanmar,Zamyinzwel,MMK,2107.47
9524,2026-01-01,Myanmar,Zay Cho,MMK,2093.59
9525,2026-02-01,Myanmar,Zay Cho,MMK,2100.04
9526,2026-03-01,Myanmar,Zay Cho,MMK,2100.19
9527,2026-04-01,Myanmar,Zay Cho,MMK,2107.47
9528,2026-01-01,Myanmar,Zedi Pyin,MMK,2093.59
9529,2026-02-01,Myanmar,Zedi Pyin,MMK,2100.04
9530,2026-03-01,Myanmar,Zedi Pyin,MMK,2100.19
9531,2026-04-01,Myanmar,Zedi Pyin,MMK,2107.47
9532,2026-01-01,Myanmar,Ziun,MMK,2093.59
9533,2026-02-01,Myanmar,Ziun,MMK,2100.04
9534,2026-03-01,Myanmar,Ziun,MMK,2100.19
9535,2026-04-01,Myanmar,Ziun,MMK,2107.47
9536,2026-01-01,Myanmar,Market Average,MMK,2093.59
9537,2026-02-01,Myanmar,Market Average,MMK,2100.04
9538,2026-03-01,Myanmar,Market Average,MMK,2100.19
9539,2026-04-01,Myanmar,Market Average,MMK,2107.47
9540,2026-01-01,Mozambique,Alto Molócuè,MZN,63.2
9541,2026-02-01,Mozambique,Alto Molócuè,MZN,63.83
9542,2026-03-01,Mozambique,Alto Molócuè,MZN,63.83
9543,2026-04-01,Mozambique,Alto Molócuè,MZN,63.3
9544,2026-01-01,Mozambique,Ancuabe (rural),MZN,63.2
9545,2026-02-01,Mozambique,Ancuabe (rural),MZN,63.83
9546,2026-03-01,Mozambique,Ancuabe (rural),MZN,63.83
9547,2026-04-01,Mozambique,Ancuabe (rural),MZN,63.3
9548,2026-01-01,Mozambique,Angónia,MZN,63.2
9549,2026-02-01,Mozambique,Angónia,MZN,63.83
9550,2026-03-01,Mozambique,Angónia,MZN,63.83
9551,2026-04-01,Mozambique,Angónia,MZN,63.3
9552,2026-01-01,Mozambique,Balama,MZN,63.2
9553,2026-02-01,Mozambique,Balama,MZN,63.83
9554,2026-03-01,Mozambique,Balama,MZN,63.83
9555,2026-04-01,Mozambique,Balama,MZN,63.3
9556,2026-01-01,Mozambique,Báruè,MZN,63.2
9557,2026-02-01,Mozambique,Báruè,MZN,63.83
9558,2026-03-01,Mozambique,Báruè,MZN,63.83
9559,2026-04-01,Mozambique,Báruè,MZN,63.3
9560,2026-01-01,Mozambique,Beira,MZN,63.2
9561,2026-02-01,Mozambique,Beira,MZN,63.83
9562,2026-03-01,Mozambique,Beira,MZN,63.83
9563,2026-04-01,Mozambique,Beira,MZN,63.3
9564,2026-01-01,Mozambique,Bela Vista,MZN,63.2
9565,2026-02-01,Mozambique,Bela Vista,MZN,63.83
9566,2026-03-01,Mozambique,Bela Vista,MZN,63.83
9567,2026-04-01,Mozambique,Bela Vista,MZN,63.3
9568,2026-01-01,Mozambique,Boane,MZN,63.2
9569,2026-02-01,Mozambique,Boane,MZN,63.83
9570,2026-03-01,Mozambique,Boane,MZN,63.83
9571,2026-04-01,Mozambique,Boane,MZN,63.3
9572,2026-01-01,Mozambique,Buzi,MZN,63.2
9573,2026-02-01,Mozambique,Buzi,MZN,63.83
9574,2026-03-01,Mozambique,Buzi,MZN,63.83
9575,2026-04-01,Mozambique,Buzi,MZN,63.3
9576,2026-01-01,Mozambique,Cahora bassa (rural),MZN,63.2
9577,2026-02-01,Mozambique,Cahora bassa (rural),MZN,63.83
9578,2026-03-01,Mozambique,Cahora bassa (rural),MZN,63.83
9579,2026-04-01,Mozambique,Cahora bassa (rural),MZN,63.3
9580,2026-01-01,Mozambique,Caia,MZN,63.2
9581,2026-02-01,Mozambique,Caia,MZN,63.83
9582,2026-03-01,Mozambique,Caia,MZN,63.83
9583,2026-04-01,Mozambique,Caia,MZN,63.3
9584,2026-01-01,Mozambique,Changara,MZN,63.2
9585,2026-02-01,Mozambique,Changara,MZN,63.83
9586,2026-03-01,Mozambique,Changara,MZN,63.83
9587,2026-04-01,Mozambique,Changara,MZN,63.3
9588,2026-01-01,Mozambique,Changara (rural),MZN,63.2
9589,2026-02-01,Mozambique,Changara (rural),MZN,63.83
9590,2026-03-01,Mozambique,Changara (rural),MZN,63.83
9591,2026-04-01,Mozambique,Changara (rural),MZN,63.3
9592,2026-01-01,Mozambique,Chemba (rural),MZN,63.2
9593,2026-02-01,Mozambique,Chemba (rural),MZN,63.83
9594,2026-03-01,Mozambique,Chemba (rural),MZN,63.83
9595,2026-04-01,Mozambique,Chemba (rural),MZN,63.3
9596,2026-01-01,Mozambique,Chibabava (rural),MZN,63.2
9597,2026-02-01,Mozambique,Chibabava (rural),MZN,63.83
9598,2026-03-01,Mozambique,Chibabava (rural),MZN,63.83
9599,2026-04-01,Mozambique,Chibabava (rural),MZN,63.3
9600,2026-01-01,Mozambique,Chibuto,MZN,63.2
9601,2026-02-01,Mozambique,Chibuto,MZN,63.83
9602,2026-03-01,Mozambique,Chibuto,MZN,63.83
9603,2026-04-01,Mozambique,Chibuto,MZN,63.3
9604,2026-01-01,Mozambique,Chicualacuala Mapai,MZN,63.2
9605,2026-02-01,Mozambique,Chicualacuala Mapai,MZN,63.83
9606,2026-03-01,Mozambique,Chicualacuala Mapai,MZN,63.83
9607,2026-04-01,Mozambique,Chicualacuala Mapai,MZN,63.3
9608,2026-01-01,Mozambique,Chigubo (rural),MZN,63.2
9609,2026-02-01,Mozambique,Chigubo (rural),MZN,63.83
9610,2026-03-01,Mozambique,Chigubo (rural),MZN,63.83
9611,2026-04-01,Mozambique,Chigubo (rural),MZN,63.3
9612,2026-01-01,Mozambique,Chimbonila (rural),MZN,63.2
9613,2026-02-01,Mozambique,Chimbonila (rural),MZN,63.83
9614,2026-03-01,Mozambique,Chimbonila (rural),MZN,63.83
9615,2026-04-01,Mozambique,Chimbonila (rural),MZN,63.3
9616,2026-01-01,Mozambique,Chimoio,MZN,63.2
9617,2026-02-01,Mozambique,Chimoio,MZN,63.83
9618,2026-03-01,Mozambique,Chimoio,MZN,63.83
9619,2026-04-01,Mozambique,Chimoio,MZN,63.3
9620,2026-01-01,Mozambique,Chiure (rural),MZN,63.2
9621,2026-02-01,Mozambique,Chiure (rural),MZN,63.83
9622,2026-03-01,Mozambique,Chiure (rural),MZN,63.83
9623,2026-04-01,Mozambique,Chiure (rural),MZN,63.3
9624,2026-01-01,Mozambique,Chokwe,MZN,63.2
9625,2026-02-01,Mozambique,Chokwe,MZN,63.83
9626,2026-03-01,Mozambique,Chokwe,MZN,63.83
9627,2026-04-01,Mozambique,Chokwe,MZN,63.3
9628,2026-01-01,Mozambique,Cidade da Matola,MZN,63.2
9629,2026-02-01,Mozambique,Cidade da Matola,MZN,63.83
9630,2026-03-01,Mozambique,Cidade da Matola,MZN,63.83
9631,2026-04-01,Mozambique,Cidade da Matola,MZN,63.3
9632,2026-01-01,Mozambique,Cuamba,MZN,63.2
9633,2026-02-01,Mozambique,Cuamba,MZN,63.83
9634,2026-03-01,Mozambique,Cuamba,MZN,63.83
9635,2026-04-01,Mozambique,Cuamba,MZN,63.3
9636,2026-01-01,Mozambique,Doa (rural),MZN,63.2
9637,2026-02-01,Mozambique,Doa (rural),MZN,63.83
9638,2026-03-01,Mozambique,Doa (rural),MZN,63.83
9639,2026-04-01,Mozambique,Doa (rural),MZN,63.3
9640,2026-01-01,Mozambique,Funhalouro,MZN,63.2
9641,2026-02-01,Mozambique,Funhalouro,MZN,63.83
9642,2026-03-01,Mozambique,Funhalouro,MZN,63.83
9643,2026-04-01,Mozambique,Funhalouro,MZN,63.3
9644,2026-01-01,Mozambique,Gondola,MZN,63.2
9645,2026-02-01,Mozambique,Gondola,MZN,63.83
9646,2026-03-01,Mozambique,Gondola,MZN,63.83
9647,2026-04-01,Mozambique,Gondola,MZN,63.3
9648,2026-01-01,Mozambique,Gorongoza,MZN,63.2
9649,2026-02-01,Mozambique,Gorongoza,MZN,63.83
9650,2026-03-01,Mozambique,Gorongoza,MZN,63.83
9651,2026-04-01,Mozambique,Gorongoza,MZN,63.3
9652,2026-01-01,Mozambique,Govuro,MZN,63.2
9653,2026-02-01,Mozambique,Govuro,MZN,63.83
9654,2026-03-01,Mozambique,Govuro,MZN,63.83
9655,2026-04-01,Mozambique,Govuro,MZN,63.3
9656,2026-01-01,Mozambique,Govuro (rural),MZN,63.2
9657,2026-02-01,Mozambique,Govuro (rural),MZN,63.83
9658,2026-03-01,Mozambique,Govuro (rural),MZN,63.83
9659,2026-04-01,Mozambique,Govuro (rural),MZN,63.3
9660,2026-01-01,Mozambique,Inhambane,MZN,63.2
9661,2026-02-01,Mozambique,Inhambane,MZN,63.83
9662,2026-03-01,Mozambique,Inhambane,MZN,63.83
9663,2026-04-01,Mozambique,Inhambane,MZN,63.3
9664,2026-01-01,Mozambique,Inhambane (FAO location),MZN,63.2
9665,2026-02-01,Mozambique,Inhambane (FAO location),MZN,63.83
9666,2026-03-01,Mozambique,Inhambane (FAO location),MZN,63.83
9667,2026-04-01,Mozambique,Inhambane (FAO location),MZN,63.3
9668,2026-01-01,Mozambique,Inharrime,MZN,63.2
9669,2026-02-01,Mozambique,Inharrime,MZN,63.83
9670,2026-03-01,Mozambique,Inharrime,MZN,63.83
9671,2026-04-01,Mozambique,Inharrime,MZN,63.3
9672,2026-01-01,Mozambique,Inhassoro,MZN,63.2
9673,2026-02-01,Mozambique,Inhassoro,MZN,63.83
9674,2026-03-01,Mozambique,Inhassoro,MZN,63.83
9675,2026-04-01,Mozambique,Inhassoro,MZN,63.3
9676,2026-01-01,Mozambique,Inhassunge (rural),MZN,63.2
9677,2026-02-01,Mozambique,Inhassunge (rural),MZN,63.83
9678,2026-03-01,Mozambique,Inhassunge (rural),MZN,63.83
9679,2026-04-01,Mozambique,Inhassunge (rural),MZN,63.3
9680,2026-01-01,Mozambique,KaMavota,MZN,63.2
9681,2026-02-01,Mozambique,KaMavota,MZN,63.83
9682,2026-03-01,Mozambique,KaMavota,MZN,63.83
9683,2026-04-01,Mozambique,KaMavota,MZN,63.3
9684,2026-01-01,Mozambique,KaNyaka,MZN,63.2
9685,2026-02-01,Mozambique,KaNyaka,MZN,63.83
9686,2026-03-01,Mozambique,KaNyaka,MZN,63.83
9687,2026-04-01,Mozambique,KaNyaka,MZN,63.3
9688,2026-01-01,Mozambique,KaTembe,MZN,63.2
9689,2026-02-01,Mozambique,KaTembe,MZN,63.83
9690,2026-03-01,Mozambique,KaTembe,MZN,63.83
9691,2026-04-01,Mozambique,KaTembe,MZN,63.3
9692,2026-01-01,Mozambique,Lago(superficie) (rural),MZN,63.2
9693,2026-02-01,Mozambique,Lago(superficie) (rural),MZN,63.83
9694,2026-03-01,Mozambique,Lago(superficie) (rural),MZN,63.83
9695,2026-04-01,Mozambique,Lago(superficie) (rural),MZN,63.3
9696,2026-01-01,Mozambique,Lichinga,MZN,63.2
9697,2026-02-01,Mozambique,Lichinga,MZN,63.83
9698,2026-03-01,Mozambique,Lichinga,MZN,63.83
9699,2026-04-01,Mozambique,Lichinga,MZN,63.3
9700,2026-01-01,Mozambique,Mabote,MZN,63.2
9701,2026-02-01,Mozambique,Mabote,MZN,63.83
9702,2026-03-01,Mozambique,Mabote,MZN,63.83
9703,2026-04-01,Mozambique,Mabote,MZN,63.3
9704,2026-01-01,Mozambique,Mabote (rural),MZN,63.2
9705,2026-02-01,Mozambique,Mabote (rural),MZN,63.83
9706,2026-03-01,Mozambique,Mabote (rural),MZN,63.83
9707,2026-04-01,Mozambique,Mabote (rural),MZN,63.3
9708,2026-01-01,Mozambique,Macanga,MZN,63.2
9709,2026-02-01,Mozambique,Macanga,MZN,63.83
9710,2026-03-01,Mozambique,Macanga,MZN,63.83
9711,2026-04-01,Mozambique,Macanga,MZN,63.3
9712,2026-01-01,Mozambique,Machanga (rural),MZN,63.2
9713,2026-02-01,Mozambique,Machanga (rural),MZN,63.83
9714,2026-03-01,Mozambique,Machanga (rural),MZN,63.83
9715,2026-04-01,Mozambique,Machanga (rural),MZN,63.3
9716,2026-01-01,Mozambique,Machaze (rural),MZN,63.2
9717,2026-02-01,Mozambique,Machaze (rural),MZN,63.83
9718,2026-03-01,Mozambique,Machaze (rural),MZN,63.83
9719,2026-04-01,Mozambique,Machaze (rural),MZN,63.3
9720,2026-01-01,Mozambique,Macossa (rural),MZN,63.2
9721,2026-02-01,Mozambique,Macossa (rural),MZN,63.83
9722,2026-03-01,Mozambique,Macossa (rural),MZN,63.83
9723,2026-04-01,Mozambique,Macossa (rural),MZN,63.29
9724,2026-01-01,Mozambique,Malema,MZN,63.2
9725,2026-02-01,Mozambique,Malema,MZN,63.83
9726,2026-03-01,Mozambique,Malema,MZN,63.83
9727,2026-04-01,Mozambique,Malema,MZN,63.3
9728,2026-01-01,Mozambique,Malema (rural),MZN,63.2
9729,2026-02-01,Mozambique,Malema (rural),MZN,63.83
9730,2026-03-01,Mozambique,Malema (rural),MZN,63.83
9731,2026-04-01,Mozambique,Malema (rural),MZN,63.3
9732,2026-01-01,Mozambique,Mandimba,MZN,63.2
9733,2026-02-01,Mozambique,Mandimba,MZN,63.83
9734,2026-03-01,Mozambique,Mandimba,MZN,63.83
9735,2026-04-01,Mozambique,Mandimba,MZN,63.3
9736,2026-01-01,Mozambique,Mandlakaze (rural),MZN,63.2
9737,2026-02-01,Mozambique,Mandlakaze (rural),MZN,63.83
9738,2026-03-01,Mozambique,Mandlakaze (rural),MZN,63.83
9739,2026-04-01,Mozambique,Mandlakaze (rural),MZN,63.3
9740,2026-01-01,Mozambique,Manhica,MZN,63.2
9741,2026-02-01,Mozambique,Manhica,MZN,63.83
9742,2026-03-01,Mozambique,Manhica,MZN,63.83
9743,2026-04-01,Mozambique,Manhica,MZN,63.3
9744,2026-01-01,Mozambique,Manica,MZN,63.2
9745,2026-02-01,Mozambique,Manica,MZN,63.83
9746,2026-03-01,Mozambique,Manica,MZN,63.83
9747,2026-04-01,Mozambique,Manica,MZN,63.3
9748,2026-01-01,Mozambique,Maputo,MZN,63.2
9749,2026-02-01,Mozambique,Maputo,MZN,63.83
9750,2026-03-01,Mozambique,Maputo,MZN,63.83
9751,2026-04-01,Mozambique,Maputo,MZN,63.3
9752,2026-01-01,Mozambique,Marara (rural),MZN,63.2
9753,2026-02-01,Mozambique,Marara (rural),MZN,63.83
9754,2026-03-01,Mozambique,Marara (rural),MZN,63.83
9755,2026-04-01,Mozambique,Marara (rural),MZN,63.3
9756,2026-01-01,Mozambique,Marracuene (rural),MZN,63.2
9757,2026-02-01,Mozambique,Marracuene (rural),MZN,63.83
9758,2026-03-01,Mozambique,Marracuene (rural),MZN,63.83
9759,2026-04-01,Mozambique,Marracuene (rural),MZN,63.3
9760,2026-01-01,Mozambique,Massangena (rural),MZN,63.2
9761,2026-02-01,Mozambique,Massangena (rural),MZN,63.83
9762,2026-03-01,Mozambique,Massangena (rural),MZN,63.83
9763,2026-04-01,Mozambique,Massangena (rural),MZN,63.3
9764,2026-01-01,Mozambique,Massinga,MZN,63.2
9765,2026-02-01,Mozambique,Massinga,MZN,63.83
9766,2026-03-01,Mozambique,Massinga,MZN,63.83
9767,2026-04-01,Mozambique,Massinga,MZN,63.3
9768,2026-01-01,Mozambique,Massingir (rural),MZN,63.2
9769,2026-02-01,Mozambique,Massingir (rural),MZN,63.83
9770,2026-03-01,Mozambique,Massingir (rural),MZN,63.83
9771,2026-04-01,Mozambique,Massingir (rural),MZN,63.3
9772,2026-01-01,Mozambique,Maxixe,MZN,63.2
9773,2026-02-01,Mozambique,Maxixe,MZN,63.83
9774,2026-03-01,Mozambique,Maxixe,MZN,63.83
9775,2026-04-01,Mozambique,Maxixe,MZN,63.3
9776,2026-01-01,Mozambique,Mecanhelas (rural),MZN,63.2
9777,2026-02-01,Mozambique,Mecanhelas (rural),MZN,63.83
9778,2026-03-01,Mozambique,Mecanhelas (rural),MZN,63.83
9779,2026-04-01,Mozambique,Mecanhelas (rural),MZN,63.3
9780,2026-01-01,Mozambique,Meconta (rural),MZN,63.2
9781,2026-02-01,Mozambique,Meconta (rural),MZN,63.83
9782,2026-03-01,Mozambique,Meconta (rural),MZN,63.83
9783,2026-04-01,Mozambique,Meconta (rural),MZN,63.3
9784,2026-01-01,Mozambique,Mecufi (rural),MZN,63.2
9785,2026-02-01,Mozambique,Mecufi (rural),MZN,63.83
9786,2026-03-01,Mozambique,Mecufi (rural),MZN,63.83
9787,2026-04-01,Mozambique,Mecufi (rural),MZN,63.3
9788,2026-01-01,Mozambique,Metuge (rural),MZN,63.2
9789,2026-02-01,Mozambique,Metuge (rural),MZN,63.83
9790,2026-03-01,Mozambique,Metuge (rural),MZN,63.83
9791,2026-04-01,Mozambique,Metuge (rural),MZN,63.3
9792,2026-01-01,Mozambique,Milange,MZN,63.2
9793,2026-02-01,Mozambique,Milange,MZN,63.83
9794,2026-03-01,Mozambique,Milange,MZN,63.83
9795,2026-04-01,Mozambique,Milange,MZN,63.3
9796,2026-01-01,Mozambique,Milange (rural),MZN,63.2
9797,2026-02-01,Mozambique,Milange (rural),MZN,63.83
9798,2026-03-01,Mozambique,Milange (rural),MZN,63.83
9799,2026-04-01,Mozambique,Milange (rural),MZN,63.3
9800,2026-01-01,Mozambique,Moamba,MZN,63.2
9801,2026-02-01,Mozambique,Moamba,MZN,63.83
9802,2026-03-01,Mozambique,Moamba,MZN,63.83
9803,2026-04-01,Mozambique,Moamba,MZN,63.3
9804,2026-01-01,Mozambique,Mocuba,MZN,63.2
9805,2026-02-01,Mozambique,Mocuba,MZN,63.83
9806,2026-03-01,Mozambique,Mocuba,MZN,63.83
9807,2026-04-01,Mozambique,Mocuba,MZN,63.3
9808,2026-01-01,Mozambique,Mocuba (rural),MZN,63.2
9809,2026-02-01,Mozambique,Mocuba (rural),MZN,63.83
9810,2026-03-01,Mozambique,Mocuba (rural),MZN,63.83
9811,2026-04-01,Mozambique,Mocuba (rural),MZN,63.3
9812,2026-01-01,Mozambique,Monapo (rural),MZN,63.2
9813,2026-02-01,Mozambique,Monapo (rural),MZN,63.83
9814,2026-03-01,Mozambique,Monapo (rural),MZN,63.83
9815,2026-04-01,Mozambique,Monapo (rural),MZN,63.3
9816,2026-01-01,Mozambique,Montepuez,MZN,63.2
9817,2026-02-01,Mozambique,Montepuez,MZN,63.83
9818,2026-03-01,Mozambique,Montepuez,MZN,63.83
9819,2026-04-01,Mozambique,Montepuez,MZN,63.3
9820,2026-01-01,Mozambique,Morrumbala (rural),MZN,63.2
9821,2026-02-01,Mozambique,Morrumbala (rural),MZN,63.83
9822,2026-03-01,Mozambique,Morrumbala (rural),MZN,63.83
9823,2026-04-01,Mozambique,Morrumbala (rural),MZN,63.3
9824,2026-01-01,Mozambique,Morrumbene,MZN,63.2
9825,2026-02-01,Mozambique,Morrumbene,MZN,63.83
9826,2026-03-01,Mozambique,Morrumbene,MZN,63.83
9827,2026-04-01,Mozambique,Morrumbene,MZN,63.3
9828,2026-01-01,Mozambique,Mossurize (rural),MZN,63.2
9829,2026-02-01,Mozambique,Mossurize (rural),MZN,63.83
9830,2026-03-01,Mozambique,Mossurize (rural),MZN,63.83
9831,2026-04-01,Mozambique,Mossurize (rural),MZN,63.3
9832,2026-01-01,Mozambique,Muecate (rural),MZN,63.2
9833,2026-02-01,Mozambique,Muecate (rural),MZN,63.83
9834,2026-03-01,Mozambique,Muecate (rural),MZN,63.83
9835,2026-04-01,Mozambique,Muecate (rural),MZN,63.3
9836,2026-01-01,Mozambique,Muembe (rural),MZN,63.2
9837,2026-02-01,Mozambique,Muembe (rural),MZN,63.83
9838,2026-03-01,Mozambique,Muembe (rural),MZN,63.83
9839,2026-04-01,Mozambique,Muembe (rural),MZN,63.3
9840,2026-01-01,Mozambique,Murrupula,MZN,63.2
9841,2026-02-01,Mozambique,Murrupula,MZN,63.83
9842,2026-03-01,Mozambique,Murrupula,MZN,63.83
9843,2026-04-01,Mozambique,Murrupula,MZN,63.3
9844,2026-01-01,Mozambique,Mutarara,MZN,63.2
9845,2026-02-01,Mozambique,Mutarara,MZN,63.83
9846,2026-03-01,Mozambique,Mutarara,MZN,63.83
9847,2026-04-01,Mozambique,Mutarara,MZN,63.3
9848,2026-01-01,Mozambique,Mutarara (rural),MZN,63.2
9849,2026-02-01,Mozambique,Mutarara (rural),MZN,63.83
9850,2026-03-01,Mozambique,Mutarara (rural),MZN,63.83
9851,2026-04-01,Mozambique,Mutarara (rural),MZN,63.3
9852,2026-01-01,Mozambique,Nacala,MZN,63.2
9853,2026-02-01,Mozambique,Nacala,MZN,63.83
9854,2026-03-01,Mozambique,Nacala,MZN,63.83
9855,2026-04-01,Mozambique,Nacala,MZN,63.3
9856,2026-01-01,Mozambique,Nacala-Velha (rural),MZN,63.2
9857,2026-02-01,Mozambique,Nacala-Velha (rural),MZN,63.83
9858,2026-03-01,Mozambique,Nacala-Velha (rural),MZN,63.83
9859,2026-04-01,Mozambique,Nacala-Velha (rural),MZN,63.3
9860,2026-01-01,Mozambique,Namaacha,MZN,63.2
9861,2026-02-01,Mozambique,Namaacha,MZN,63.83
9862,2026-03-01,Mozambique,Namaacha,MZN,63.83
9863,2026-04-01,Mozambique,Namaacha,MZN,63.3
9864,2026-01-01,Mozambique,Namaacha (rural),MZN,63.2
9865,2026-02-01,Mozambique,Namaacha (rural),MZN,63.83
9866,2026-03-01,Mozambique,Namaacha (rural),MZN,63.83
9867,2026-04-01,Mozambique,Namaacha (rural),MZN,63.3
9868,2026-01-01,Mozambique,Namacurra (rural),MZN,63.2
9869,2026-02-01,Mozambique,Namacurra (rural),MZN,63.83
9870,2026-03-01,Mozambique,Namacurra (rural),MZN,63.83
9871,2026-04-01,Mozambique,Namacurra (rural),MZN,63.3
9872,2026-01-01,Mozambique,Nampula,MZN,63.2
9873,2026-02-01,Mozambique,Nampula,MZN,63.83
9874,2026-03-01,Mozambique,Nampula,MZN,63.83
9875,2026-04-01,Mozambique,Nampula,MZN,63.3
9876,2026-01-01,Mozambique,Namuno,MZN,63.2
9877,2026-02-01,Mozambique,Namuno,MZN,63.83
9878,2026-03-01,Mozambique,Namuno,MZN,63.83
9879,2026-04-01,Mozambique,Namuno,MZN,63.3
9880,2026-01-01,Mozambique,Namuno (rural),MZN,63.2
9881,2026-02-01,Mozambique,Namuno (rural),MZN,63.83
9882,2026-03-01,Mozambique,Namuno (rural),MZN,63.83
9883,2026-04-01,Mozambique,Namuno (rural),MZN,63.3
9884,2026-01-01,Mozambique,Nhamatanda,MZN,63.2
9885,2026-02-01,Mozambique,Nhamatanda,MZN,63.83
9886,2026-03-01,Mozambique,Nhamatanda,MZN,63.83
9887,2026-04-01,Mozambique,Nhamatanda,MZN,63.3
9888,2026-01-01,Mozambique,Nicoadala (rural),MZN,63.2
9889,2026-02-01,Mozambique,Nicoadala (rural),MZN,63.83
9890,2026-03-01,Mozambique,Nicoadala (rural),MZN,63.83
9891,2026-04-01,Mozambique,Nicoadala (rural),MZN,63.3
9892,2026-01-01,Mozambique,Panda,MZN,63.2
9893,2026-02-01,Mozambique,Panda,MZN,63.83
9894,2026-03-01,Mozambique,Panda,MZN,63.83
9895,2026-04-01,Mozambique,Panda,MZN,63.3
9896,2026-01-01,Mozambique,Panda (rural),MZN,63.2
9897,2026-02-01,Mozambique,Panda (rural),MZN,63.83
9898,2026-03-01,Mozambique,Panda (rural),MZN,63.83
9899,2026-04-01,Mozambique,Panda (rural),MZN,63.3
9900,2026-01-01,Mozambique,Pemba,MZN,63.2
9901,2026-02-01,Mozambique,Pemba,MZN,63.83
9902,2026-03-01,Mozambique,Pemba,MZN,63.83
9903,2026-04-01,Mozambique,Pemba,MZN,63.3
9904,2026-01-01,Mozambique,Quelimane,MZN,63.2
9905,2026-02-01,Mozambique,Quelimane,MZN,63.83
9906,2026-03-01,Mozambique,Quelimane,MZN,63.83
9907,2026-04-01,Mozambique,Quelimane,MZN,63.3
9908,2026-01-01,Mozambique,Rapale (rural),MZN,63.2
9909,2026-02-01,Mozambique,Rapale (rural),MZN,63.83
9910,2026-03-01,Mozambique,Rapale (rural),MZN,63.83
9911,2026-04-01,Mozambique,Rapale (rural),MZN,63.3
9912,2026-01-01,Mozambique,Ribaue,MZN,63.2
9913,2026-02-01,Mozambique,Ribaue,MZN,63.83
9914,2026-03-01,Mozambique,Ribaue,MZN,63.83
9915,2026-04-01,Mozambique,Ribaue,MZN,63.3
9916,2026-01-01,Mozambique,Ribaue (rural),MZN,63.2
9917,2026-02-01,Mozambique,Ribaue (rural),MZN,63.83
9918,2026-03-01,Mozambique,Ribaue (rural),MZN,63.83
9919,2026-04-01,Mozambique,Ribaue (rural),MZN,63.3
9920,2026-01-01,Mozambique,Sanga (rural),MZN,63.2
9921,2026-02-01,Mozambique,Sanga (rural),MZN,63.83
9922,2026-03-01,Mozambique,Sanga (rural),MZN,63.83
9923,2026-04-01,Mozambique,Sanga (rural),MZN,63.3
9924,2026-01-01,Mozambique,Tete,MZN,63.2
9925,2026-02-01,Mozambique,Tete,MZN,63.83
9926,2026-03-01,Mozambique,Tete,MZN,63.83
9927,2026-04-01,Mozambique,Tete,MZN,63.3
9928,2026-01-01,Mozambique,Vilanculos,MZN,63.2
9929,2026-02-01,Mozambique,Vilanculos,MZN,63.83
9930,2026-03-01,Mozambique,Vilanculos,MZN,63.83
9931,2026-04-01,Mozambique,Vilanculos,MZN,63.3
9932,2026-01-01,Mozambique,Xai Xai,MZN,63.2
9933,2026-02-01,Mozambique,Xai Xai,MZN,63.83
9934,2026-03-01,Mozambique,Xai Xai,MZN,63.83
9935,2026-04-01,Mozambique,Xai Xai,MZN,63.3
9936,2026-01-01,Mozambique,Xai-Xai,MZN,63.2
9937,2026-02-01,Mozambique,Xai-Xai,MZN,63.83
9938,2026-03-01,Mozambique,Xai-Xai,MZN,63.83
9939,2026-04-01,Mozambique,Xai-Xai,MZN,63.3
9940,2026-01-01,Mozambique,Market Average,MZN,63.2
9941,2026-02-01,Mozambique,Market Average,MZN,63.83
9942,2026-03-01,Mozambique,Market Average,MZN,63.83
9943,2026-04-01,Mozambique,Market Average,MZN,63.3
9944,2026-01-01,Mauritania,Adel Bagrou,MRU,39.43
9945,2026-02-01,Mauritania,Adel Bagrou,MRU,39.89
9946,2026-03-01,Mauritania,Adel Bagrou,MRU,40.0
9947,2026-04-01,Mauritania,Adel Bagrou,MRU,39.81
9948,2026-01-01,Mauritania,Aioun,MRU,39.43
9949,2026-02-01,Mauritania,Aioun,MRU,39.89
9950,2026-03-01,Mauritania,Aioun,MRU,40.0
9951,2026-04-01,Mauritania,Aioun,MRU,39.81
9952,2026-01-01,Mauritania,Aleg,MRU,39.43
9953,2026-02-01,Mauritania,Aleg,MRU,39.89
9954,2026-03-01,Mauritania,Aleg,MRU,40.0
9955,2026-04-01,Mauritania,Aleg,MRU,39.81
9956,2026-01-01,Mauritania,Aoujeft,MRU,39.43
9957,2026-02-01,Mauritania,Aoujeft,MRU,39.89
9958,2026-03-01,Mauritania,Aoujeft,MRU,40.0
9959,2026-04-01,Mauritania,Aoujeft,MRU,39.81
9960,2026-01-01,Mauritania,Atar,MRU,39.43
9961,2026-02-01,Mauritania,Atar,MRU,39.89
9962,2026-03-01,Mauritania,Atar,MRU,40.0
9963,2026-04-01,Mauritania,Atar,MRU,39.81
9964,2026-01-01,Mauritania,Barkéol,MRU,39.43
9965,2026-02-01,Mauritania,Barkéol,MRU,39.89
9966,2026-03-01,Mauritania,Barkéol,MRU,40.0
9967,2026-04-01,Mauritania,Barkéol,MRU,39.81
9968,2026-01-01,Mauritania,Boghé,MRU,39.43
9969,2026-02-01,Mauritania,Boghé,MRU,39.89
9970,2026-03-01,Mauritania,Boghé,MRU,40.0
9971,2026-04-01,Mauritania,Boghé,MRU,39.81
9972,2026-01-01,Mauritania,Djougountourou,MRU,39.43
9973,2026-02-01,Mauritania,Djougountourou,MRU,39.89
9974,2026-03-01,Mauritania,Djougountourou,MRU,40.0
9975,2026-04-01,Mauritania,Djougountourou,MRU,39.81
9976,2026-01-01,Mauritania,Kaedi,MRU,39.43
9977,2026-02-01,Mauritania,Kaedi,MRU,39.89
9978,2026-03-01,Mauritania,Kaedi,MRU,40.0
9979,2026-04-01,Mauritania,Kaedi,MRU,39.81
9980,2026-01-01,Mauritania,Kankossa,MRU,39.43
9981,2026-02-01,Mauritania,Kankossa,MRU,39.89
9982,2026-03-01,Mauritania,Kankossa,MRU,40.0
9983,2026-04-01,Mauritania,Kankossa,MRU,39.81
9984,2026-01-01,Mauritania,Kiffa,MRU,39.43
9985,2026-02-01,Mauritania,Kiffa,MRU,39.89
9986,2026-03-01,Mauritania,Kiffa,MRU,40.0
9987,2026-04-01,Mauritania,Kiffa,MRU,39.81
9988,2026-01-01,Mauritania,Lexeiba1,MRU,39.43
9989,2026-02-01,Mauritania,Lexeiba1,MRU,39.89
9990,2026-03-01,Mauritania,Lexeiba1,MRU,40.0
9991,2026-04-01,Mauritania,Lexeiba1,MRU,39.81
9992,2026-01-01,Mauritania,Maghama,MRU,39.43
9993,2026-02-01,Mauritania,Maghama,MRU,39.89
9994,2026-03-01,Mauritania,Maghama,MRU,40.0
9995,2026-04-01,Mauritania,Maghama,MRU,39.81
9996,2026-01-01,Mauritania,Magta-lahjar,MRU,39.43
9997,2026-02-01,Mauritania,Magta-lahjar,MRU,39.89
9998,2026-03-01,Mauritania,Magta-lahjar,MRU,40.0
9999,2026-04-01,Mauritania,Magta-lahjar,MRU,39.81
10000,2026-01-01,Mauritania,Mbagne,MRU,39.43
10001,2026-02-01,Mauritania,Mbagne,MRU,39.89
10002,2026-03-01,Mauritania,Mbagne,MRU,40.0
10003,2026-04-01,Mauritania,Mbagne,MRU,39.81
10004,2026-01-01,Mauritania,Mbout,MRU,39.43
10005,2026-02-01,Mauritania,Mbout,MRU,39.89
10006,2026-03-01,Mauritania,Mbout,MRU,40.0
10007,2026-04-01,Mauritania,Mbout,MRU,39.81
10008,2026-01-01,Mauritania,Mederdra,MRU,39.43
10009,2026-02-01,Mauritania,Mederdra,MRU,39.89
10010,2026-03-01,Mauritania,Mederdra,MRU,40.0
10011,2026-04-01,Mauritania,Mederdra,MRU,39.81
10012,2026-01-01,Mauritania,Moudjeria,MRU,39.43
10013,2026-02-01,Mauritania,Moudjeria,MRU,39.89
10014,2026-03-01,Mauritania,Moudjeria,MRU,40.0
10015,2026-04-01,Mauritania,Moudjeria,MRU,39.81
10016,2026-01-01,Mauritania,Ndiago,MRU,39.43
10017,2026-02-01,Mauritania,Ndiago,MRU,39.89
10018,2026-03-01,Mauritania,Ndiago,MRU,40.0
10019,2026-04-01,Mauritania,Ndiago,MRU,39.81
10020,2026-01-01,Mauritania,Nema,MRU,39.43
10021,2026-02-01,Mauritania,Nema,MRU,39.89
10022,2026-03-01,Mauritania,Nema,MRU,40.0
10023,2026-04-01,Mauritania,Nema,MRU,39.81
10024,2026-01-01,Mauritania,Nouadhibou,MRU,39.43
10025,2026-02-01,Mauritania,Nouadhibou,MRU,39.89
10026,2026-03-01,Mauritania,Nouadhibou,MRU,40.0
10027,2026-04-01,Mauritania,Nouadhibou,MRU,39.81
10028,2026-01-01,Mauritania,Nouakchott,MRU,39.43
10029,2026-02-01,Mauritania,Nouakchott,MRU,39.89
10030,2026-03-01,Mauritania,Nouakchott,MRU,40.0
10031,2026-04-01,Mauritania,Nouakchott,MRU,39.81
10032,2026-01-01,Mauritania,Ouadane,MRU,39.43
10033,2026-02-01,Mauritania,Ouadane,MRU,39.89
10034,2026-03-01,Mauritania,Ouadane,MRU,40.0
10035,2026-04-01,Mauritania,Ouadane,MRU,39.81
10036,2026-01-01,Mauritania,Ould Yenge,MRU,39.43
10037,2026-02-01,Mauritania,Ould Yenge,MRU,39.89
10038,2026-03-01,Mauritania,Ould Yenge,MRU,40.0
10039,2026-04-01,Mauritania,Ould Yenge,MRU,39.81
10040,2026-01-01,Mauritania,Rosso,MRU,39.43
10041,2026-02-01,Mauritania,Rosso,MRU,39.89
10042,2026-03-01,Mauritania,Rosso,MRU,40.0
10043,2026-04-01,Mauritania,Rosso,MRU,39.81
10044,2026-01-01,Mauritania,Selibaby,MRU,39.43
10045,2026-02-01,Mauritania,Selibaby,MRU,39.89
10046,2026-03-01,Mauritania,Selibaby,MRU,40.0
10047,2026-04-01,Mauritania,Selibaby,MRU,39.81
10048,2026-01-01,Mauritania,Socogim,MRU,39.43
10049,2026-02-01,Mauritania,Socogim,MRU,39.89
10050,2026-03-01,Mauritania,Socogim,MRU,40.0
10051,2026-04-01,Mauritania,Socogim,MRU,39.81
10052,2026-01-01,Mauritania,Tidjikja,MRU,39.43
10053,2026-02-01,Mauritania,Tidjikja,MRU,39.89
10054,2026-03-01,Mauritania,Tidjikja,MRU,40.0
10055,2026-04-01,Mauritania,Tidjikja,MRU,39.81
10056,2026-01-01,Mauritania,Tintane,MRU,39.43
10057,2026-02-01,Mauritania,Tintane,MRU,39.89
10058,2026-03-01,Mauritania,Tintane,MRU,40.0
10059,2026-04-01,Mauritania,Tintane,MRU,39.81
10060,2026-01-01,Mauritania,Toufoundé-Civé,MRU,39.43
10061,2026-02-01,Mauritania,Toufoundé-Civé,MRU,39.89
10062,2026-03-01,Mauritania,Toufoundé-Civé,MRU,40.0
10063,2026-04-01,Mauritania,Toufoundé-Civé,MRU,39.81
10064,2026-01-01,Mauritania,Twil,MRU,39.43
10065,2026-02-01,Mauritania,Twil,MRU,39.89
10066,2026-03-01,Mauritania,Twil,MRU,40.0
10067,2026-04-01,Mauritania,Twil,MRU,39.81
10068,2026-01-01,Mauritania,Vassala,MRU,39.43
10069,2026-02-01,Mauritania,Vassala,MRU,39.89
10070,2026-03-01,Mauritania,Vassala,MRU,40.0
10071,2026-04-01,Mauritania,Vassala,MRU,39.81
10072,2026-01-01,Mauritania,Wompou,MRU,39.43
10073,2026-02-01,Mauritania,Wompou,MRU,39.89
10074,2026-03-01,Mauritania,Wompou,MRU,40.0
10075,2026-04-01,Mauritania,Wompou,MRU,39.81
10076,2026-01-01,Mauritania,Zoueiratt,MRU,39.43
10077,2026-02-01,Mauritania,Zoueiratt,MRU,39.89
10078,2026-03-01,Mauritania,Zoueiratt,MRU,40.0
10079,2026-04-01,Mauritania,Zoueiratt,MRU,39.81
10080,2026-01-01,Mauritania,Market Average,MRU,39.43
10081,2026-02-01,Mauritania,Market Average,MRU,39.89
10082,2026-03-01,Mauritania,Market Average,MRU,40.0
10083,2026-04-01,Mauritania,Market Average,MRU,39.81
10084,2026-01-01,Malawi,Area 23,MWK,1749.94
10085,2026-02-01,Malawi,Area 23,MWK,1750.23
10086,2026-03-01,Malawi,Area 23,MWK,1758.52
10087,2026-04-01,Malawi,Area 23,MWK,1763.46
10088,2026-01-01,Malawi,Balaka Boma,MWK,1749.94
10089,2026-02-01,Malawi,Balaka Boma,MWK,1750.23
10090,2026-03-01,Malawi,Balaka Boma,MWK,1758.52
10091,2026-04-01,Malawi,Balaka Boma,MWK,1763.46
10092,2026-01-01,Malawi,Bangula,MWK,1749.94
10093,2026-02-01,Malawi,Bangula,MWK,1750.23
10094,2026-03-01,Malawi,Bangula,MWK,1758.52
10095,2026-04-01,Malawi,Bangula,MWK,1763.46
10096,2026-01-01,Malawi,Bembeke turn off,MWK,1749.94
10097,2026-02-01,Malawi,Bembeke turn off,MWK,1750.23
10098,2026-03-01,Malawi,Bembeke turn off,MWK,1758.52
10099,2026-04-01,Malawi,Bembeke turn off,MWK,1763.46
10100,2026-01-01,Malawi,Bolero,MWK,1749.94
10101,2026-02-01,Malawi,Bolero,MWK,1750.23
10102,2026-03-01,Malawi,Bolero,MWK,1758.52
10103,2026-04-01,Malawi,Bolero,MWK,1763.46
10104,2026-01-01,Malawi,Bowe,MWK,1749.94
10105,2026-02-01,Malawi,Bowe,MWK,1750.23
10106,2026-03-01,Malawi,Bowe,MWK,1758.52
10107,2026-04-01,Malawi,Bowe,MWK,1763.46
10108,2026-01-01,Malawi,Bvumbwe,MWK,1749.94
10109,2026-02-01,Malawi,Bvumbwe,MWK,1750.23
10110,2026-03-01,Malawi,Bvumbwe,MWK,1758.52
10111,2026-04-01,Malawi,Bvumbwe,MWK,1763.46
10112,2026-01-01,Malawi,Chamama,MWK,1749.94
10113,2026-02-01,Malawi,Chamama,MWK,1750.23
10114,2026-03-01,Malawi,Chamama,MWK,1758.52
10115,2026-04-01,Malawi,Chamama,MWK,1763.46
10116,2026-01-01,Malawi,Chatoloma,MWK,1749.94
10117,2026-02-01,Malawi,Chatoloma,MWK,1750.23
10118,2026-03-01,Malawi,Chatoloma,MWK,1758.52
10119,2026-04-01,Malawi,Chatoloma,MWK,1763.46
10120,2026-01-01,Malawi,Chikhwawa,MWK,1749.94
10121,2026-02-01,Malawi,Chikhwawa,MWK,1750.23
10122,2026-03-01,Malawi,Chikhwawa,MWK,1758.52
10123,2026-04-01,Malawi,Chikhwawa,MWK,1763.46
10124,2026-01-01,Malawi,Chikuli,MWK,1749.94
10125,2026-02-01,Malawi,Chikuli,MWK,1750.23
10126,2026-03-01,Malawi,Chikuli,MWK,1758.52
10127,2026-04-01,Malawi,Chikuli,MWK,1763.46
10128,2026-01-01,Malawi,Chikweo,MWK,1749.94
10129,2026-02-01,Malawi,Chikweo,MWK,1750.23
10130,2026-03-01,Malawi,Chikweo,MWK,1758.52
10131,2026-04-01,Malawi,Chikweo,MWK,1763.46
10132,2026-01-01,Malawi,Chilinga,MWK,1749.94
10133,2026-02-01,Malawi,Chilinga,MWK,1750.23
10134,2026-03-01,Malawi,Chilinga,MWK,1758.52
10135,2026-04-01,Malawi,Chilinga,MWK,1763.46
10136,2026-01-01,Malawi,Chilumba,MWK,1749.94
10137,2026-02-01,Malawi,Chilumba,MWK,1750.23
10138,2026-03-01,Malawi,Chilumba,MWK,1758.52
10139,2026-04-01,Malawi,Chilumba,MWK,1763.46
10140,2026-01-01,Malawi,Chimbiya,MWK,1749.94
10141,2026-02-01,Malawi,Chimbiya,MWK,1750.23
10142,2026-03-01,Malawi,Chimbiya,MWK,1758.52
10143,2026-04-01,Malawi,Chimbiya,MWK,1763.46
10144,2026-01-01,Malawi,Chinakanaka,MWK,1749.94
10145,2026-02-01,Malawi,Chinakanaka,MWK,1750.23
10146,2026-03-01,Malawi,Chinakanaka,MWK,1758.52
10147,2026-04-01,Malawi,Chinakanaka,MWK,1763.46
10148,2026-01-01,Malawi,Chinamwali,MWK,1749.94
10149,2026-02-01,Malawi,Chinamwali,MWK,1750.23
10150,2026-03-01,Malawi,Chinamwali,MWK,1758.52
10151,2026-04-01,Malawi,Chinamwali,MWK,1763.46
10152,2026-01-01,Malawi,Chintheche,MWK,1749.94
10153,2026-02-01,Malawi,Chintheche,MWK,1750.23
10154,2026-03-01,Malawi,Chintheche,MWK,1758.52
10155,2026-04-01,Malawi,Chintheche,MWK,1763.46
10156,2026-01-01,Malawi,Chiponde,MWK,1749.94
10157,2026-02-01,Malawi,Chiponde,MWK,1750.23
10158,2026-03-01,Malawi,Chiponde,MWK,1758.52
10159,2026-04-01,Malawi,Chiponde,MWK,1763.46
10160,2026-01-01,Malawi,Chiradzulu Boma,MWK,1749.94
10161,2026-02-01,Malawi,Chiradzulu Boma,MWK,1750.23
10162,2026-03-01,Malawi,Chiradzulu Boma,MWK,1758.52
10163,2026-04-01,Malawi,Chiradzulu Boma,MWK,1763.46
10164,2026-01-01,Malawi,Chitakale,MWK,1749.94
10165,2026-02-01,Malawi,Chitakale,MWK,1750.23
10166,2026-03-01,Malawi,Chitakale,MWK,1758.52
10167,2026-04-01,Malawi,Chitakale,MWK,1763.46
10168,2026-01-01,Malawi,Chitipa Boma,MWK,1749.94
10169,2026-02-01,Malawi,Chitipa Boma,MWK,1750.23
10170,2026-03-01,Malawi,Chitipa Boma,MWK,1758.52
10171,2026-04-01,Malawi,Chitipa Boma,MWK,1763.46
10172,2026-01-01,Malawi,Dowa Boma,MWK,1749.94
10173,2026-02-01,Malawi,Dowa Boma,MWK,1750.23
10174,2026-03-01,Malawi,Dowa Boma,MWK,1758.52
10175,2026-04-01,Malawi,Dowa Boma,MWK,1763.46
10176,2026-01-01,Malawi,Dwangwa,MWK,1749.94
10177,2026-02-01,Malawi,Dwangwa,MWK,1750.23
10178,2026-03-01,Malawi,Dwangwa,MWK,1758.52
10179,2026-04-01,Malawi,Dwangwa,MWK,1763.46
10180,2026-01-01,Malawi,Dyelatu,MWK,1749.94
10181,2026-02-01,Malawi,Dyelatu,MWK,1750.23
10182,2026-03-01,Malawi,Dyelatu,MWK,1758.52
10183,2026-04-01,Malawi,Dyelatu,MWK,1763.46
10184,2026-01-01,Malawi,Dzaleka,MWK,1749.94
10185,2026-02-01,Malawi,Dzaleka,MWK,1750.23
10186,2026-03-01,Malawi,Dzaleka,MWK,1758.52
10187,2026-04-01,Malawi,Dzaleka,MWK,1763.46
10188,2026-01-01,Malawi,Dzaleka (inside Camp),MWK,1749.94
10189,2026-02-01,Malawi,Dzaleka (inside Camp),MWK,1750.23
10190,2026-03-01,Malawi,Dzaleka (inside Camp),MWK,1758.52
10191,2026-04-01,Malawi,Dzaleka (inside Camp),MWK,1763.46
10192,2026-01-01,Malawi,Embangweni,MWK,1749.94
10193,2026-02-01,Malawi,Embangweni,MWK,1750.23
10194,2026-03-01,Malawi,Embangweni,MWK,1758.52
10195,2026-04-01,Malawi,Embangweni,MWK,1763.46
10196,2026-01-01,Malawi,Euthini,MWK,1749.94
10197,2026-02-01,Malawi,Euthini,MWK,1750.23
10198,2026-03-01,Malawi,Euthini,MWK,1758.52
10199,2026-04-01,Malawi,Euthini,MWK,1763.46
10200,2026-01-01,Malawi,Golomoti,MWK,1749.94
10201,2026-02-01,Malawi,Golomoti,MWK,1750.23
10202,2026-03-01,Malawi,Golomoti,MWK,1758.52
10203,2026-04-01,Malawi,Golomoti,MWK,1763.46
10204,2026-01-01,Malawi,Hewe,MWK,1749.94
10205,2026-02-01,Malawi,Hewe,MWK,1750.23
10206,2026-03-01,Malawi,Hewe,MWK,1758.52
10207,2026-04-01,Malawi,Hewe,MWK,1763.46
10208,2026-01-01,Malawi,Jali,MWK,1749.94
10209,2026-02-01,Malawi,Jali,MWK,1750.23
10210,2026-03-01,Malawi,Jali,MWK,1758.52
10211,2026-04-01,Malawi,Jali,MWK,1763.46
10212,2026-01-01,Malawi,Jenda,MWK,1749.94
10213,2026-02-01,Malawi,Jenda,MWK,1750.23
10214,2026-03-01,Malawi,Jenda,MWK,1758.52
10215,2026-04-01,Malawi,Jenda,MWK,1763.46
10216,2026-01-01,Malawi,Kambilonje,MWK,1749.94
10217,2026-02-01,Malawi,Kambilonje,MWK,1750.23
10218,2026-03-01,Malawi,Kambilonje,MWK,1758.52
10219,2026-04-01,Malawi,Kambilonje,MWK,1763.46
10220,2026-01-01,Malawi,Kameme,MWK,1749.94
10221,2026-02-01,Malawi,Kameme,MWK,1750.23
10222,2026-03-01,Malawi,Kameme,MWK,1758.52
10223,2026-04-01,Malawi,Kameme,MWK,1763.46
10224,2026-01-01,Malawi,Kamsonga,MWK,1749.94
10225,2026-02-01,Malawi,Kamsonga,MWK,1750.23
10226,2026-03-01,Malawi,Kamsonga,MWK,1758.52
10227,2026-04-01,Malawi,Kamsonga,MWK,1763.46
10228,2026-01-01,Malawi,Kamuzu Road,MWK,1749.94
10229,2026-02-01,Malawi,Kamuzu Road,MWK,1750.23
10230,2026-03-01,Malawi,Kamuzu Road,MWK,1758.52
10231,2026-04-01,Malawi,Kamuzu Road,MWK,1763.46
10232,2026-01-01,Malawi,Kamwendo,MWK,1749.94
10233,2026-02-01,Malawi,Kamwendo,MWK,1750.23
10234,2026-03-01,Malawi,Kamwendo,MWK,1758.52
10235,2026-04-01,Malawi,Kamwendo,MWK,1763.46
10236,2026-01-01,Malawi,Karonga Boma,MWK,1749.94
10237,2026-02-01,Malawi,Karonga Boma,MWK,1750.23
10238,2026-03-01,Malawi,Karonga Boma,MWK,1758.52
10239,2026-04-01,Malawi,Karonga Boma,MWK,1763.46
10240,2026-01-01,Malawi,Kasiya,MWK,1749.94
10241,2026-02-01,Malawi,Kasiya,MWK,1750.23
10242,2026-03-01,Malawi,Kasiya,MWK,1758.52
10243,2026-04-01,Malawi,Kasiya,MWK,1763.46
10244,2026-01-01,Malawi,Kasungu Boma,MWK,1749.94
10245,2026-02-01,Malawi,Kasungu Boma,MWK,1750.23
10246,2026-03-01,Malawi,Kasungu Boma,MWK,1758.52
10247,2026-04-01,Malawi,Kasungu Boma,MWK,1763.46
10248,2026-01-01,Malawi,Khuwi,MWK,1749.94
10249,2026-02-01,Malawi,Khuwi,MWK,1750.23
10250,2026-03-01,Malawi,Khuwi,MWK,1758.52
10251,2026-04-01,Malawi,Khuwi,MWK,1763.46
10252,2026-01-01,Malawi,Lilongwe,MWK,1749.94
10253,2026-02-01,Malawi,Lilongwe,MWK,1750.23
10254,2026-03-01,Malawi,Lilongwe,MWK,1758.52
10255,2026-04-01,Malawi,Lilongwe,MWK,1763.46
10256,2026-01-01,Malawi,Limbe,MWK,1749.94
10257,2026-02-01,Malawi,Limbe,MWK,1750.23
10258,2026-03-01,Malawi,Limbe,MWK,1758.52
10259,2026-04-01,Malawi,Limbe,MWK,1763.46
10260,2026-01-01,Malawi,Limbuli,MWK,1749.94
10261,2026-02-01,Malawi,Limbuli,MWK,1750.23
10262,2026-03-01,Malawi,Limbuli,MWK,1758.52
10263,2026-04-01,Malawi,Limbuli,MWK,1763.46
10264,2026-01-01,Malawi,Lirangwe,MWK,1749.94
10265,2026-02-01,Malawi,Lirangwe,MWK,1750.23
10266,2026-03-01,Malawi,Lirangwe,MWK,1758.52
10267,2026-04-01,Malawi,Lirangwe,MWK,1763.46
10268,2026-01-01,Malawi,Liwonde,MWK,1749.94
10269,2026-02-01,Malawi,Liwonde,MWK,1750.23
10270,2026-03-01,Malawi,Liwonde,MWK,1758.52
10271,2026-04-01,Malawi,Liwonde,MWK,1763.46
10272,2026-01-01,Malawi,Lizulu,MWK,1749.94
10273,2026-02-01,Malawi,Lizulu,MWK,1750.23
10274,2026-03-01,Malawi,Lizulu,MWK,1758.52
10275,2026-04-01,Malawi,Lizulu,MWK,1763.46
10276,2026-01-01,Malawi,Luchenza,MWK,1749.94
10277,2026-02-01,Malawi,Luchenza,MWK,1750.23
10278,2026-03-01,Malawi,Luchenza,MWK,1758.52
10279,2026-04-01,Malawi,Luchenza,MWK,1763.46
10280,2026-01-01,Malawi,Luncheza,MWK,1749.94
10281,2026-02-01,Malawi,Luncheza,MWK,1750.23
10282,2026-03-01,Malawi,Luncheza,MWK,1758.52
10283,2026-04-01,Malawi,Luncheza,MWK,1763.46
10284,2026-01-01,Malawi,Lunzu,MWK,1749.94
10285,2026-02-01,Malawi,Lunzu,MWK,1750.23
10286,2026-03-01,Malawi,Lunzu,MWK,1758.52
10287,2026-04-01,Malawi,Lunzu,MWK,1763.46
10288,2026-01-01,Malawi,Madisi,MWK,1749.94
10289,2026-02-01,Malawi,Madisi,MWK,1750.23
10290,2026-03-01,Malawi,Madisi,MWK,1758.52
10291,2026-04-01,Malawi,Madisi,MWK,1763.46
10292,2026-01-01,Malawi,Makanjila,MWK,1749.94
10293,2026-02-01,Malawi,Makanjila,MWK,1750.23
10294,2026-03-01,Malawi,Makanjila,MWK,1758.52
10295,2026-04-01,Malawi,Makanjila,MWK,1763.46
10296,2026-01-01,Malawi,Makanjira,MWK,1749.94
10297,2026-02-01,Malawi,Makanjira,MWK,1750.23
10298,2026-03-01,Malawi,Makanjira,MWK,1758.52
10299,2026-04-01,Malawi,Makanjira,MWK,1763.46
10300,2026-01-01,Malawi,Makhanga,MWK,1749.94
10301,2026-02-01,Malawi,Makhanga,MWK,1750.23
10302,2026-03-01,Malawi,Makhanga,MWK,1758.52
10303,2026-04-01,Malawi,Makhanga,MWK,1763.46
10304,2026-01-01,Malawi,Malomo,MWK,1749.94
10305,2026-02-01,Malawi,Malomo,MWK,1750.23
10306,2026-03-01,Malawi,Malomo,MWK,1758.52
10307,2026-04-01,Malawi,Malomo,MWK,1763.46
10308,2026-01-01,Malawi,Mangamba,MWK,1749.94
10309,2026-02-01,Malawi,Mangamba,MWK,1750.23
10310,2026-03-01,Malawi,Mangamba,MWK,1758.52
10311,2026-04-01,Malawi,Mangamba,MWK,1763.46
10312,2026-01-01,Malawi,Mangochi Boma,MWK,1749.94
10313,2026-02-01,Malawi,Mangochi Boma,MWK,1750.23
10314,2026-03-01,Malawi,Mangochi Boma,MWK,1758.52
10315,2026-04-01,Malawi,Mangochi Boma,MWK,1763.46
10316,2026-01-01,Malawi,Mangochi Turn Off,MWK,1749.94
10317,2026-02-01,Malawi,Mangochi Turn Off,MWK,1750.23
10318,2026-03-01,Malawi,Mangochi Turn Off,MWK,1758.52
10319,2026-04-01,Malawi,Mangochi Turn Off,MWK,1763.46
10320,2026-01-01,Malawi,Manyamula,MWK,1749.94
10321,2026-02-01,Malawi,Manyamula,MWK,1750.23
10322,2026-03-01,Malawi,Manyamula,MWK,1758.52
10323,2026-04-01,Malawi,Manyamula,MWK,1763.46
10324,2026-01-01,Malawi,Marka,MWK,1749.94
10325,2026-02-01,Malawi,Marka,MWK,1750.23
10326,2026-03-01,Malawi,Marka,MWK,1758.52
10327,2026-04-01,Malawi,Marka,MWK,1763.46
10328,2026-01-01,Malawi,Mayaka,MWK,1749.94
10329,2026-02-01,Malawi,Mayaka,MWK,1750.23
10330,2026-03-01,Malawi,Mayaka,MWK,1758.52
10331,2026-04-01,Malawi,Mayaka,MWK,1763.46
10332,2026-01-01,Malawi,Mbela,MWK,1749.94
10333,2026-02-01,Malawi,Mbela,MWK,1750.23
10334,2026-03-01,Malawi,Mbela,MWK,1758.52
10335,2026-04-01,Malawi,Mbela,MWK,1763.46
10336,2026-01-01,Malawi,Mbonechela,MWK,1749.94
10337,2026-02-01,Malawi,Mbonechela,MWK,1750.23
10338,2026-03-01,Malawi,Mbonechela,MWK,1758.52
10339,2026-04-01,Malawi,Mbonechela,MWK,1763.46
10340,2026-01-01,Malawi,Mchinji Boma,MWK,1749.94
10341,2026-02-01,Malawi,Mchinji Boma,MWK,1750.23
10342,2026-03-01,Malawi,Mchinji Boma,MWK,1758.52
10343,2026-04-01,Malawi,Mchinji Boma,MWK,1763.46
10344,2026-01-01,Malawi,Migowi,MWK,1749.94
10345,2026-02-01,Malawi,Migowi,MWK,1750.23
10346,2026-03-01,Malawi,Migowi,MWK,1758.52
10347,2026-04-01,Malawi,Migowi,MWK,1763.46
10348,2026-01-01,Malawi,Misuku,MWK,1749.94
10349,2026-02-01,Malawi,Misuku,MWK,1750.23
10350,2026-03-01,Malawi,Misuku,MWK,1758.52
10351,2026-04-01,Malawi,Misuku,MWK,1763.46
10352,2026-01-01,Malawi,Mitundu,MWK,1749.94
10353,2026-02-01,Malawi,Mitundu,MWK,1750.23
10354,2026-03-01,Malawi,Mitundu,MWK,1758.52
10355,2026-04-01,Malawi,Mitundu,MWK,1763.46
10356,2026-01-01,Malawi,Mkanda,MWK,1749.94
10357,2026-02-01,Malawi,Mkanda,MWK,1750.23
10358,2026-03-01,Malawi,Mkanda,MWK,1758.52
10359,2026-04-01,Malawi,Mkanda,MWK,1763.46
10360,2026-01-01,Malawi,Monkey Bay,MWK,1749.94
10361,2026-02-01,Malawi,Monkey Bay,MWK,1750.23
10362,2026-03-01,Malawi,Monkey Bay,MWK,1758.52
10363,2026-04-01,Malawi,Monkey Bay,MWK,1763.46
10364,2026-01-01,Malawi,Mpamba,MWK,1749.94
10365,2026-02-01,Malawi,Mpamba,MWK,1750.23
10366,2026-03-01,Malawi,Mpamba,MWK,1758.52
10367,2026-04-01,Malawi,Mpamba,MWK,1763.46
10368,2026-01-01,Malawi,Mpita,MWK,1749.94
10369,2026-02-01,Malawi,Mpita,MWK,1750.23
10370,2026-03-01,Malawi,Mpita,MWK,1758.52
10371,2026-04-01,Malawi,Mpita,MWK,1763.46
10372,2026-01-01,Malawi,Mponela,MWK,1749.94
10373,2026-02-01,Malawi,Mponela,MWK,1750.23
10374,2026-03-01,Malawi,Mponela,MWK,1758.52
10375,2026-04-01,Malawi,Mponela,MWK,1763.46
10376,2026-01-01,Malawi,Mtakataka,MWK,1749.94
10377,2026-02-01,Malawi,Mtakataka,MWK,1750.23
10378,2026-03-01,Malawi,Mtakataka,MWK,1758.52
10379,2026-04-01,Malawi,Mtakataka,MWK,1763.46
10380,2026-01-01,Malawi,Mtowe,MWK,1749.94
10381,2026-02-01,Malawi,Mtowe,MWK,1750.23
10382,2026-03-01,Malawi,Mtowe,MWK,1758.52
10383,2026-04-01,Malawi,Mtowe,MWK,1763.46
10384,2026-01-01,Malawi,Mulanje Boma,MWK,1749.94
10385,2026-02-01,Malawi,Mulanje Boma,MWK,1750.23
10386,2026-03-01,Malawi,Mulanje Boma,MWK,1758.52
10387,2026-04-01,Malawi,Mulanje Boma,MWK,1763.46
10388,2026-01-01,Malawi,Mulomba,MWK,1749.94
10389,2026-02-01,Malawi,Mulomba,MWK,1750.23
10390,2026-03-01,Malawi,Mulomba,MWK,1758.52
10391,2026-04-01,Malawi,Mulomba,MWK,1763.46
10392,2026-01-01,Malawi,Muloza,MWK,1749.94
10393,2026-02-01,Malawi,Muloza,MWK,1750.23
10394,2026-03-01,Malawi,Muloza,MWK,1758.52
10395,2026-04-01,Malawi,Muloza,MWK,1763.46
10396,2026-01-01,Malawi,Mwansambo,MWK,1749.94
10397,2026-02-01,Malawi,Mwansambo,MWK,1750.23
10398,2026-03-01,Malawi,Mwansambo,MWK,1758.52
10399,2026-04-01,Malawi,Mwansambo,MWK,1763.46
10400,2026-01-01,Malawi,Mwanza Boma,MWK,1749.94
10401,2026-02-01,Malawi,Mwanza Boma,MWK,1750.23
10402,2026-03-01,Malawi,Mwanza Boma,MWK,1758.52
10403,2026-04-01,Malawi,Mwanza Boma,MWK,1763.46
10404,2026-01-01,Malawi,Mzimba,MWK,1749.94
10405,2026-02-01,Malawi,Mzimba,MWK,1750.23
10406,2026-03-01,Malawi,Mzimba,MWK,1758.52
10407,2026-04-01,Malawi,Mzimba,MWK,1763.46
10408,2026-01-01,Malawi,Mzuzu,MWK,1749.94
10409,2026-02-01,Malawi,Mzuzu,MWK,1750.23
10410,2026-03-01,Malawi,Mzuzu,MWK,1758.52
10411,2026-04-01,Malawi,Mzuzu,MWK,1763.46
10412,2026-01-01,Malawi,Nambuma,MWK,1749.94
10413,2026-02-01,Malawi,Nambuma,MWK,1750.23
10414,2026-03-01,Malawi,Nambuma,MWK,1758.52
10415,2026-04-01,Malawi,Nambuma,MWK,1763.46
10416,2026-01-01,Malawi,Namwera,MWK,1749.94
10417,2026-02-01,Malawi,Namwera,MWK,1750.23
10418,2026-03-01,Malawi,Namwera,MWK,1758.52
10419,2026-04-01,Malawi,Namwera,MWK,1763.46
10420,2026-01-01,Malawi,Nanjiri,MWK,1749.94
10421,2026-02-01,Malawi,Nanjiri,MWK,1750.23
10422,2026-03-01,Malawi,Nanjiri,MWK,1758.52
10423,2026-04-01,Malawi,Nanjiri,MWK,1763.46
10424,2026-01-01,Malawi,Nayuchi,MWK,1749.94
10425,2026-02-01,Malawi,Nayuchi,MWK,1750.23
10426,2026-03-01,Malawi,Nayuchi,MWK,1758.52
10427,2026-04-01,Malawi,Nayuchi,MWK,1763.46
10428,2026-01-01,Malawi,Nchalo,MWK,1749.94
10429,2026-02-01,Malawi,Nchalo,MWK,1750.23
10430,2026-03-01,Malawi,Nchalo,MWK,1758.52
10431,2026-04-01,Malawi,Nchalo,MWK,1763.46
10432,2026-01-01,Malawi,Neno Boma,MWK,1749.94
10433,2026-02-01,Malawi,Neno Boma,MWK,1750.23
10434,2026-03-01,Malawi,Neno Boma,MWK,1758.52
10435,2026-04-01,Malawi,Neno Boma,MWK,1763.46
10436,2026-01-01,Malawi,Ngabu,MWK,1749.94
10437,2026-02-01,Malawi,Ngabu,MWK,1750.23
10438,2026-03-01,Malawi,Ngabu,MWK,1758.52
10439,2026-04-01,Malawi,Ngabu,MWK,1763.46
10440,2026-01-01,Malawi,Nkhamenya,MWK,1749.94
10441,2026-02-01,Malawi,Nkhamenya,MWK,1750.23
10442,2026-03-01,Malawi,Nkhamenya,MWK,1758.52
10443,2026-04-01,Malawi,Nkhamenya,MWK,1763.46
10444,2026-01-01,Malawi,Nkhatabay Boma,MWK,1749.94
10445,2026-02-01,Malawi,Nkhatabay Boma,MWK,1750.23
10446,2026-03-01,Malawi,Nkhatabay Boma,MWK,1758.52
10447,2026-04-01,Malawi,Nkhatabay Boma,MWK,1763.46
10448,2026-01-01,Malawi,Nkhate,MWK,1749.94
10449,2026-02-01,Malawi,Nkhate,MWK,1750.23
10450,2026-03-01,Malawi,Nkhate,MWK,1758.52
10451,2026-04-01,Malawi,Nkhate,MWK,1763.46
10452,2026-01-01,Malawi,Nkhoma,MWK,1749.94
10453,2026-02-01,Malawi,Nkhoma,MWK,1750.23
10454,2026-03-01,Malawi,Nkhoma,MWK,1758.52
10455,2026-04-01,Malawi,Nkhoma,MWK,1763.46
10456,2026-01-01,Malawi,Nkhotakota Boma,MWK,1749.94
10457,2026-02-01,Malawi,Nkhotakota Boma,MWK,1750.23
10458,2026-03-01,Malawi,Nkhotakota Boma,MWK,1758.52
10459,2026-04-01,Malawi,Nkhotakota Boma,MWK,1763.46
10460,2026-01-01,Malawi,Nsanama,MWK,1749.94
10461,2026-02-01,Malawi,Nsanama,MWK,1750.23
10462,2026-03-01,Malawi,Nsanama,MWK,1758.52
10463,2026-04-01,Malawi,Nsanama,MWK,1763.46
10464,2026-01-01,Malawi,Nsanje Boma,MWK,1749.94
10465,2026-02-01,Malawi,Nsanje Boma,MWK,1750.23
10466,2026-03-01,Malawi,Nsanje Boma,MWK,1758.52
10467,2026-04-01,Malawi,Nsanje Boma,MWK,1763.46
10468,2026-01-01,Malawi,Nserema,MWK,1749.94
10469,2026-02-01,Malawi,Nserema,MWK,1750.23
10470,2026-03-01,Malawi,Nserema,MWK,1758.52
10471,2026-04-01,Malawi,Nserema,MWK,1763.46
10472,2026-01-01,Malawi,Nsikawanjala,MWK,1749.94
10473,2026-02-01,Malawi,Nsikawanjala,MWK,1750.23
10474,2026-03-01,Malawi,Nsikawanjala,MWK,1758.52
10475,2026-04-01,Malawi,Nsikawanjala,MWK,1763.46
10476,2026-01-01,Malawi,Nsundwe,MWK,1749.94
10477,2026-02-01,Malawi,Nsundwe,MWK,1750.23
10478,2026-03-01,Malawi,Nsundwe,MWK,1758.52
10479,2026-04-01,Malawi,Nsundwe,MWK,1763.46
10480,2026-01-01,Malawi,Nsungwi,MWK,1749.94
10481,2026-02-01,Malawi,Nsungwi,MWK,1750.23
10482,2026-03-01,Malawi,Nsungwi,MWK,1758.52
10483,2026-04-01,Malawi,Nsungwi,MWK,1763.46
10484,2026-01-01,Malawi,Ntaja,MWK,1749.94
10485,2026-02-01,Malawi,Ntaja,MWK,1750.23
10486,2026-03-01,Malawi,Ntaja,MWK,1758.52
10487,2026-04-01,Malawi,Ntaja,MWK,1763.46
10488,2026-01-01,Malawi,Ntakataka,MWK,1749.94
10489,2026-02-01,Malawi,Ntakataka,MWK,1750.23
10490,2026-03-01,Malawi,Ntakataka,MWK,1758.52
10491,2026-04-01,Malawi,Ntakataka,MWK,1763.46
10492,2026-01-01,Malawi,Ntcheu Boma,MWK,1749.94
10493,2026-02-01,Malawi,Ntcheu Boma,MWK,1750.23
10494,2026-03-01,Malawi,Ntcheu Boma,MWK,1758.52
10495,2026-04-01,Malawi,Ntcheu Boma,MWK,1763.46
10496,2026-01-01,Malawi,Ntchisi Boma,MWK,1749.94
10497,2026-02-01,Malawi,Ntchisi Boma,MWK,1750.23
10498,2026-03-01,Malawi,Ntchisi Boma,MWK,1758.52
10499,2026-04-01,Malawi,Ntchisi Boma,MWK,1763.46
10500,2026-01-01,Malawi,Nthalire,MWK,1749.94
10501,2026-02-01,Malawi,Nthalire,MWK,1750.23
10502,2026-03-01,Malawi,Nthalire,MWK,1758.52
10503,2026-04-01,Malawi,Nthalire,MWK,1763.46
10504,2026-01-01,Malawi,Ntonda,MWK,1749.94
10505,2026-02-01,Malawi,Ntonda,MWK,1750.23
10506,2026-03-01,Malawi,Ntonda,MWK,1758.52
10507,2026-04-01,Malawi,Ntonda,MWK,1763.46
10508,2026-01-01,Malawi,Ntowe,MWK,1749.94
10509,2026-02-01,Malawi,Ntowe,MWK,1750.23
10510,2026-03-01,Malawi,Ntowe,MWK,1758.52
10511,2026-04-01,Malawi,Ntowe,MWK,1763.46
10512,2026-01-01,Malawi,Phalombe Boma,MWK,1749.94
10513,2026-02-01,Malawi,Phalombe Boma,MWK,1750.23
10514,2026-03-01,Malawi,Phalombe Boma,MWK,1758.52
10515,2026-04-01,Malawi,Phalombe Boma,MWK,1763.46
10516,2026-01-01,Malawi,Phaloni,MWK,1749.94
10517,2026-02-01,Malawi,Phaloni,MWK,1750.23
10518,2026-03-01,Malawi,Phaloni,MWK,1758.52
10519,2026-04-01,Malawi,Phaloni,MWK,1763.46
10520,2026-01-01,Malawi,Phalula,MWK,1749.94
10521,2026-02-01,Malawi,Phalula,MWK,1750.23
10522,2026-03-01,Malawi,Phalula,MWK,1758.52
10523,2026-04-01,Malawi,Phalula,MWK,1763.46
10524,2026-01-01,Malawi,Rumphi Boma,MWK,1749.94
10525,2026-02-01,Malawi,Rumphi Boma,MWK,1750.23
10526,2026-03-01,Malawi,Rumphi Boma,MWK,1758.52
10527,2026-04-01,Malawi,Rumphi Boma,MWK,1763.46
10528,2026-01-01,Malawi,Salima,MWK,1749.94
10529,2026-02-01,Malawi,Salima,MWK,1750.23
10530,2026-03-01,Malawi,Salima,MWK,1758.52
10531,2026-04-01,Malawi,Salima,MWK,1763.46
10532,2026-01-01,Malawi,Santhe,MWK,1749.94
10533,2026-02-01,Malawi,Santhe,MWK,1750.23
10534,2026-03-01,Malawi,Santhe,MWK,1758.52
10535,2026-04-01,Malawi,Santhe,MWK,1763.46
10536,2026-01-01,Malawi,Sharpevaley,MWK,1749.94
10537,2026-02-01,Malawi,Sharpevaley,MWK,1750.23
10538,2026-03-01,Malawi,Sharpevaley,MWK,1758.52
10539,2026-04-01,Malawi,Sharpevaley,MWK,1763.46
10540,2026-01-01,Malawi,Songani,MWK,1749.94
10541,2026-02-01,Malawi,Songani,MWK,1750.23
10542,2026-03-01,Malawi,Songani,MWK,1758.52
10543,2026-04-01,Malawi,Songani,MWK,1763.46
10544,2026-01-01,Malawi,Songwe,MWK,1749.94
10545,2026-02-01,Malawi,Songwe,MWK,1750.23
10546,2026-03-01,Malawi,Songwe,MWK,1758.52
10547,2026-04-01,Malawi,Songwe,MWK,1763.46
10548,2026-01-01,Malawi,Sorgin,MWK,1749.94
10549,2026-02-01,Malawi,Sorgin,MWK,1750.23
10550,2026-03-01,Malawi,Sorgin,MWK,1758.52
10551,2026-04-01,Malawi,Sorgin,MWK,1763.46
10552,2026-01-01,Malawi,Thavite,MWK,1749.94
10553,2026-02-01,Malawi,Thavite,MWK,1750.23
10554,2026-03-01,Malawi,Thavite,MWK,1758.52
10555,2026-04-01,Malawi,Thavite,MWK,1763.46
10556,2026-01-01,Malawi,Thekerani,MWK,1749.94
10557,2026-02-01,Malawi,Thekerani,MWK,1750.23
10558,2026-03-01,Malawi,Thekerani,MWK,1758.52
10559,2026-04-01,Malawi,Thekerani,MWK,1763.46
10560,2026-01-01,Malawi,Thete,MWK,1749.94
10561,2026-02-01,Malawi,Thete,MWK,1750.23
10562,2026-03-01,Malawi,Thete,MWK,1758.52
10563,2026-04-01,Malawi,Thete,MWK,1763.46
10564,2026-01-01,Malawi,Thondwe,MWK,1749.94
10565,2026-02-01,Malawi,Thondwe,MWK,1750.23
10566,2026-03-01,Malawi,Thondwe,MWK,1758.52
10567,2026-04-01,Malawi,Thondwe,MWK,1763.46
10568,2026-01-01,Malawi,Thyolo Boma,MWK,1749.94
10569,2026-02-01,Malawi,Thyolo Boma,MWK,1750.23
10570,2026-03-01,Malawi,Thyolo Boma,MWK,1758.52
10571,2026-04-01,Malawi,Thyolo Boma,MWK,1763.46
10572,2026-01-01,Malawi,Tomali,MWK,1749.94
10573,2026-02-01,Malawi,Tomali,MWK,1750.23
10574,2026-03-01,Malawi,Tomali,MWK,1758.52
10575,2026-04-01,Malawi,Tomali,MWK,1763.46
10576,2026-01-01,Malawi,Tsangano turnoff,MWK,1749.94
10577,2026-02-01,Malawi,Tsangano turnoff,MWK,1750.23
10578,2026-03-01,Malawi,Tsangano turnoff,MWK,1758.52
10579,2026-04-01,Malawi,Tsangano turnoff,MWK,1763.46
10580,2026-01-01,Malawi,Uliwa,MWK,1749.94
10581,2026-02-01,Malawi,Uliwa,MWK,1750.23
10582,2026-03-01,Malawi,Uliwa,MWK,1758.52
10583,2026-04-01,Malawi,Uliwa,MWK,1763.46
10584,2026-01-01,Malawi,Ulongwe,MWK,1749.94
10585,2026-02-01,Malawi,Ulongwe,MWK,1750.23
10586,2026-03-01,Malawi,Ulongwe,MWK,1758.52
10587,2026-04-01,Malawi,Ulongwe,MWK,1763.46
10588,2026-01-01,Malawi,Vigwagwa,MWK,1749.94
10589,2026-02-01,Malawi,Vigwagwa,MWK,1750.23
10590,2026-03-01,Malawi,Vigwagwa,MWK,1758.52
10591,2026-04-01,Malawi,Vigwagwa,MWK,1763.46
10592,2026-01-01,Malawi,Waliranji,MWK,1749.94
10593,2026-02-01,Malawi,Waliranji,MWK,1750.23
10594,2026-03-01,Malawi,Waliranji,MWK,1758.52
10595,2026-04-01,Malawi,Waliranji,MWK,1763.46
10596,2026-01-01,Malawi,Zomba Boma,MWK,1749.94
10597,2026-02-01,Malawi,Zomba Boma,MWK,1750.23
10598,2026-03-01,Malawi,Zomba Boma,MWK,1758.52
10599,2026-04-01,Malawi,Zomba Boma,MWK,1763.46
10600,2026-01-01,Malawi,Market Average,MWK,1749.94
10601,2026-02-01,Malawi,Market Average,MWK,1750.23
10602,2026-03-01,Malawi,Market Average,MWK,1758.52
10603,2026-04-01,Malawi,Market Average,MWK,1763.46
10604,2026-01-01,Niger,Abala,XOF,558.82
10605,2026-02-01,Niger,Abala,XOF,554.77
10606,2026-03-01,Niger,Abala,XOF,567.41
10607,2026-04-01,Niger,Abala,XOF,570.98
10608,2026-01-01,Niger,Abalak,XOF,558.82
10609,2026-02-01,Niger,Abalak,XOF,554.77
10610,2026-03-01,Niger,Abalak,XOF,567.41
10611,2026-04-01,Niger,Abalak,XOF,570.98
10612,2026-01-01,Niger,Aderbissinat,XOF,558.82
10613,2026-02-01,Niger,Aderbissinat,XOF,554.77
10614,2026-03-01,Niger,Aderbissinat,XOF,567.41
10615,2026-04-01,Niger,Aderbissinat,XOF,570.98
10616,2026-01-01,Niger,Agadez Commune,XOF,558.82
10617,2026-02-01,Niger,Agadez Commune,XOF,554.77
10618,2026-03-01,Niger,Agadez Commune,XOF,567.41
10619,2026-04-01,Niger,Agadez Commune,XOF,570.98
10620,2026-01-01,Niger,Arlit,XOF,558.82
10621,2026-02-01,Niger,Arlit,XOF,554.77
10622,2026-03-01,Niger,Arlit,XOF,567.41
10623,2026-04-01,Niger,Arlit,XOF,570.98
10624,2026-01-01,Niger,Ayorou,XOF,558.82
10625,2026-02-01,Niger,Ayorou,XOF,554.77
10626,2026-03-01,Niger,Ayorou,XOF,567.41
10627,2026-04-01,Niger,Ayorou,XOF,570.98
10628,2026-01-01,Niger,Badaguichiri,XOF,558.82
10629,2026-02-01,Niger,Badaguichiri,XOF,554.77
10630,2026-03-01,Niger,Badaguichiri,XOF,567.41
10631,2026-04-01,Niger,Badaguichiri,XOF,570.98
10632,2026-01-01,Niger,Bakin Birgi,XOF,558.82
10633,2026-02-01,Niger,Bakin Birgi,XOF,554.77
10634,2026-03-01,Niger,Bakin Birgi,XOF,567.41
10635,2026-04-01,Niger,Bakin Birgi,XOF,570.98
10636,2026-01-01,Niger,Balayara,XOF,558.82
10637,2026-02-01,Niger,Balayara,XOF,554.77
10638,2026-03-01,Niger,Balayara,XOF,567.41
10639,2026-04-01,Niger,Balayara,XOF,570.98
10640,2026-01-01,Niger,Bankilare,XOF,558.82
10641,2026-02-01,Niger,Bankilare,XOF,554.77
10642,2026-03-01,Niger,Bankilare,XOF,567.41
10643,2026-04-01,Niger,Bankilare,XOF,570.98
10644,2026-01-01,Niger,Birnin Gaoure,XOF,558.82
10645,2026-02-01,Niger,Birnin Gaoure,XOF,554.77
10646,2026-03-01,Niger,Birnin Gaoure,XOF,567.41
10647,2026-04-01,Niger,Birnin Gaoure,XOF,570.98
10648,2026-01-01,Niger,Bonfeba,XOF,558.82
10649,2026-02-01,Niger,Bonfeba,XOF,554.77
10650,2026-03-01,Niger,Bonfeba,XOF,567.41
10651,2026-04-01,Niger,Bonfeba,XOF,570.98
10652,2026-01-01,Niger,Bonkaney,XOF,558.82
10653,2026-02-01,Niger,Bonkaney,XOF,554.77
10654,2026-03-01,Niger,Bonkaney,XOF,567.41
10655,2026-04-01,Niger,Bonkaney,XOF,570.98
10656,2026-01-01,Niger,Bouza,XOF,558.82
10657,2026-02-01,Niger,Bouza,XOF,554.77
10658,2026-03-01,Niger,Bouza,XOF,567.41
10659,2026-04-01,Niger,Bouza,XOF,570.98
10660,2026-01-01,Niger,Chadakori,XOF,558.82
10661,2026-02-01,Niger,Chadakori,XOF,554.77
10662,2026-03-01,Niger,Chadakori,XOF,567.41
10663,2026-04-01,Niger,Chadakori,XOF,570.98
10664,2026-01-01,Niger,Chetimari,XOF,558.82
10665,2026-02-01,Niger,Chetimari,XOF,554.77
10666,2026-03-01,Niger,Chetimari,XOF,567.41
10667,2026-04-01,Niger,Chetimari,XOF,570.98
10668,2026-01-01,Niger,Dakoro,XOF,558.82
10669,2026-02-01,Niger,Dakoro,XOF,554.77
10670,2026-03-01,Niger,Dakoro,XOF,567.41
10671,2026-04-01,Niger,Dakoro,XOF,570.98
10672,2026-01-01,Niger,Dan Issa,XOF,558.82
10673,2026-02-01,Niger,Dan Issa,XOF,554.77
10674,2026-03-01,Niger,Dan Issa,XOF,567.41
10675,2026-04-01,Niger,Dan Issa,XOF,570.98
10676,2026-01-01,Niger,Dan-Goulbi,XOF,558.82
10677,2026-02-01,Niger,Dan-Goulbi,XOF,554.77
10678,2026-03-01,Niger,Dan-Goulbi,XOF,567.41
10679,2026-04-01,Niger,Dan-Goulbi,XOF,570.98
10680,2026-01-01,Niger,Diffa Commune,XOF,558.82
10681,2026-02-01,Niger,Diffa Commune,XOF,554.77
10682,2026-03-01,Niger,Diffa Commune,XOF,567.41
10683,2026-04-01,Niger,Diffa Commune,XOF,570.98
10684,2026-01-01,Niger,Dogon Kiria,XOF,558.82
10685,2026-02-01,Niger,Dogon Kiria,XOF,554.77
10686,2026-03-01,Niger,Dogon Kiria,XOF,567.41
10687,2026-04-01,Niger,Dogon Kiria,XOF,570.98
10688,2026-01-01,Niger,Dogondoutchi,XOF,558.82
10689,2026-02-01,Niger,Dogondoutchi,XOF,554.77
10690,2026-03-01,Niger,Dogondoutchi,XOF,567.41
10691,2026-04-01,Niger,Dogondoutchi,XOF,570.98
10692,2026-01-01,Niger,Dole,XOF,558.82
10693,2026-02-01,Niger,Dole,XOF,554.77
10694,2026-03-01,Niger,Dole,XOF,567.41
10695,2026-04-01,Niger,Dole,XOF,570.98
10696,2026-01-01,Niger,Dosso Commune,XOF,558.82
10697,2026-02-01,Niger,Dosso Commune,XOF,554.77
10698,2026-03-01,Niger,Dosso Commune,XOF,567.41
10699,2026-04-01,Niger,Dosso Commune,XOF,570.98
10700,2026-01-01,Niger,Dungass,XOF,558.82
10701,2026-02-01,Niger,Dungass,XOF,554.77
10702,2026-03-01,Niger,Dungass,XOF,567.41
10703,2026-04-01,Niger,Dungass,XOF,570.98
10704,2026-01-01,Niger,Falwel,XOF,558.82
10705,2026-02-01,Niger,Falwel,XOF,554.77
10706,2026-03-01,Niger,Falwel,XOF,567.41
10707,2026-04-01,Niger,Falwel,XOF,570.98
10708,2026-01-01,Niger,Filingue,XOF,558.82
10709,2026-02-01,Niger,Filingue,XOF,554.77
10710,2026-03-01,Niger,Filingue,XOF,567.41
10711,2026-04-01,Niger,Filingue,XOF,570.98
10712,2026-01-01,Niger,Galmi,XOF,558.82
10713,2026-02-01,Niger,Galmi,XOF,554.77
10714,2026-03-01,Niger,Galmi,XOF,567.41
10715,2026-04-01,Niger,Galmi,XOF,570.98
10716,2026-01-01,Niger,Garare,XOF,558.82
10717,2026-02-01,Niger,Garare,XOF,554.77
10718,2026-03-01,Niger,Garare,XOF,567.41
10719,2026-04-01,Niger,Garare,XOF,570.98
10720,2026-01-01,Niger,Garhanga,XOF,558.82
10721,2026-02-01,Niger,Garhanga,XOF,554.77
10722,2026-03-01,Niger,Garhanga,XOF,567.41
10723,2026-04-01,Niger,Garhanga,XOF,570.98
10724,2026-01-01,Niger,Gaya,XOF,558.82
10725,2026-02-01,Niger,Gaya,XOF,554.77
10726,2026-03-01,Niger,Gaya,XOF,567.41
10727,2026-04-01,Niger,Gaya,XOF,570.98
10728,2026-01-01,Niger,Gotheye,XOF,558.82
10729,2026-02-01,Niger,Gotheye,XOF,554.77
10730,2026-03-01,Niger,Gotheye,XOF,567.41
10731,2026-04-01,Niger,Gotheye,XOF,570.98
10732,2026-01-01,Niger,Goudoumaria,XOF,558.82
10733,2026-02-01,Niger,Goudoumaria,XOF,554.77
10734,2026-03-01,Niger,Goudoumaria,XOF,567.41
10735,2026-04-01,Niger,Goudoumaria,XOF,570.98
10736,2026-01-01,Niger,Goure,XOF,558.82
10737,2026-02-01,Niger,Goure,XOF,554.77
10738,2026-03-01,Niger,Goure,XOF,567.41
10739,2026-04-01,Niger,Goure,XOF,570.98
10740,2026-01-01,Niger,Guidan Roumdji,XOF,558.82
10741,2026-02-01,Niger,Guidan Roumdji,XOF,554.77
10742,2026-03-01,Niger,Guidan Roumdji,XOF,567.41
10743,2026-04-01,Niger,Guidan Roumdji,XOF,570.98
10744,2026-01-01,Niger,Guidiguir,XOF,558.82
10745,2026-02-01,Niger,Guidiguir,XOF,554.77
10746,2026-03-01,Niger,Guidiguir,XOF,567.41
10747,2026-04-01,Niger,Guidiguir,XOF,570.98
10748,2026-01-01,Niger,Guidimouni,XOF,558.82
10749,2026-02-01,Niger,Guidimouni,XOF,554.77
10750,2026-03-01,Niger,Guidimouni,XOF,567.41
10751,2026-04-01,Niger,Guidimouni,XOF,570.98
10752,2026-01-01,Niger,Harobanda,XOF,558.82
10753,2026-02-01,Niger,Harobanda,XOF,554.77
10754,2026-03-01,Niger,Harobanda,XOF,567.41
10755,2026-04-01,Niger,Harobanda,XOF,570.98
10756,2026-01-01,Niger,Ingall,XOF,558.82
10757,2026-02-01,Niger,Ingall,XOF,554.77
10758,2026-03-01,Niger,Ingall,XOF,567.41
10759,2026-04-01,Niger,Ingall,XOF,570.98
10760,2026-01-01,Niger,Jataka,XOF,558.82
10761,2026-02-01,Niger,Jataka,XOF,554.77
10762,2026-03-01,Niger,Jataka,XOF,567.41
10763,2026-04-01,Niger,Jataka,XOF,570.98
10764,2026-01-01,Niger,Kanembakache,XOF,558.82
10765,2026-02-01,Niger,Kanembakache,XOF,554.77
10766,2026-03-01,Niger,Kanembakache,XOF,567.41
10767,2026-04-01,Niger,Kanembakache,XOF,570.98
10768,2026-01-01,Niger,Kaou,XOF,558.82
10769,2026-02-01,Niger,Kaou,XOF,554.77
10770,2026-03-01,Niger,Kaou,XOF,567.41
10771,2026-04-01,Niger,Kaou,XOF,570.98
10772,2026-01-01,Niger,Karofane,XOF,558.82
10773,2026-02-01,Niger,Karofane,XOF,554.77
10774,2026-03-01,Niger,Karofane,XOF,567.41
10775,2026-04-01,Niger,Karofane,XOF,570.98
10776,2026-01-01,Niger,Katako,XOF,558.82
10777,2026-02-01,Niger,Katako,XOF,554.77
10778,2026-03-01,Niger,Katako,XOF,567.41
10779,2026-04-01,Niger,Katako,XOF,570.98
10780,2026-01-01,Niger,Kazoe,XOF,558.82
10781,2026-02-01,Niger,Kazoe,XOF,554.77
10782,2026-03-01,Niger,Kazoe,XOF,567.41
10783,2026-04-01,Niger,Kazoe,XOF,570.98
10784,2026-01-01,Niger,Keita,XOF,558.82
10785,2026-02-01,Niger,Keita,XOF,554.77
10786,2026-03-01,Niger,Keita,XOF,567.41
10787,2026-04-01,Niger,Keita,XOF,570.98
10788,2026-01-01,Niger,Kirtachi,XOF,558.82
10789,2026-02-01,Niger,Kirtachi,XOF,554.77
10790,2026-03-01,Niger,Kirtachi,XOF,567.41
10791,2026-04-01,Niger,Kirtachi,XOF,570.98
10792,2026-01-01,Niger,Konni,XOF,558.82
10793,2026-02-01,Niger,Konni,XOF,554.77
10794,2026-03-01,Niger,Konni,XOF,567.41
10795,2026-04-01,Niger,Konni,XOF,570.98
10796,2026-01-01,Niger,Kornaka,XOF,558.82
10797,2026-02-01,Niger,Kornaka,XOF,554.77
10798,2026-03-01,Niger,Kornaka,XOF,567.41
10799,2026-04-01,Niger,Kornaka,XOF,570.98
10800,2026-01-01,Niger,Koundoumaoua,XOF,558.82
10801,2026-02-01,Niger,Koundoumaoua,XOF,554.77
10802,2026-03-01,Niger,Koundoumaoua,XOF,567.41
10803,2026-04-01,Niger,Koundoumaoua,XOF,570.98
10804,2026-01-01,Niger,Loga,XOF,558.82
10805,2026-02-01,Niger,Loga,XOF,554.77
10806,2026-03-01,Niger,Loga,XOF,567.41
10807,2026-04-01,Niger,Loga,XOF,570.98
10808,2026-01-01,Niger,Magaria,XOF,558.82
10809,2026-02-01,Niger,Magaria,XOF,554.77
10810,2026-03-01,Niger,Magaria,XOF,567.41
10811,2026-04-01,Niger,Magaria,XOF,570.98
10812,2026-01-01,Niger,Maidjirgui,XOF,558.82
10813,2026-02-01,Niger,Maidjirgui,XOF,554.77
10814,2026-03-01,Niger,Maidjirgui,XOF,567.41
10815,2026-04-01,Niger,Maidjirgui,XOF,570.98
10816,2026-01-01,Niger,Maine Soroa,XOF,558.82
10817,2026-02-01,Niger,Maine Soroa,XOF,554.77
10818,2026-03-01,Niger,Maine Soroa,XOF,567.41
10819,2026-04-01,Niger,Maine Soroa,XOF,570.98
10820,2026-01-01,Niger,Mangaize,XOF,558.82
10821,2026-02-01,Niger,Mangaize,XOF,554.77
10822,2026-03-01,Niger,Mangaize,XOF,567.41
10823,2026-04-01,Niger,Mangaize,XOF,570.98
10824,2026-01-01,Niger,Maradi Commune,XOF,558.82
10825,2026-02-01,Niger,Maradi Commune,XOF,554.77
10826,2026-03-01,Niger,Maradi Commune,XOF,567.41
10827,2026-04-01,Niger,Maradi Commune,XOF,570.98
10828,2026-01-01,Niger,Matameye,XOF,558.82
10829,2026-02-01,Niger,Matameye,XOF,554.77
10830,2026-03-01,Niger,Matameye,XOF,567.41
10831,2026-04-01,Niger,Matameye,XOF,570.98
10832,2026-01-01,Niger,Mayahi,XOF,558.82
10833,2026-02-01,Niger,Mayahi,XOF,554.77
10834,2026-03-01,Niger,Mayahi,XOF,567.41
10835,2026-04-01,Niger,Mayahi,XOF,570.98
10836,2026-01-01,Niger,Mokko,XOF,558.82
10837,2026-02-01,Niger,Mokko,XOF,554.77
10838,2026-03-01,Niger,Mokko,XOF,567.41
10839,2026-04-01,Niger,Mokko,XOF,570.98
10840,2026-01-01,Niger,Nguel Kolo,XOF,558.82
10841,2026-02-01,Niger,Nguel Kolo,XOF,554.77
10842,2026-03-01,Niger,Nguel Kolo,XOF,567.41
10843,2026-04-01,Niger,Nguel Kolo,XOF,570.98
10844,2026-01-01,Niger,Nguigmi,XOF,558.82
10845,2026-02-01,Niger,Nguigmi,XOF,554.77
10846,2026-03-01,Niger,Nguigmi,XOF,567.41
10847,2026-04-01,Niger,Nguigmi,XOF,570.98
10848,2026-01-01,Niger,Ouallam,XOF,558.82
10849,2026-02-01,Niger,Ouallam,XOF,554.77
10850,2026-03-01,Niger,Ouallam,XOF,567.41
10851,2026-04-01,Niger,Ouallam,XOF,570.98
10852,2026-01-01,Niger,Ourno,XOF,558.82
10853,2026-02-01,Niger,Ourno,XOF,554.77
10854,2026-03-01,Niger,Ourno,XOF,567.41
10855,2026-04-01,Niger,Ourno,XOF,570.98
10856,2026-01-01,Niger,Petit Marche,XOF,558.82
10857,2026-02-01,Niger,Petit Marche,XOF,554.77
10858,2026-03-01,Niger,Petit Marche,XOF,567.41
10859,2026-04-01,Niger,Petit Marche,XOF,570.98
10860,2026-01-01,Niger,Sabon Machi,XOF,558.82
10861,2026-02-01,Niger,Sabon Machi,XOF,554.77
10862,2026-03-01,Niger,Sabon Machi,XOF,567.41
10863,2026-04-01,Niger,Sabon Machi,XOF,570.98
10864,2026-01-01,Niger,Sassoumbroum,XOF,558.82
10865,2026-02-01,Niger,Sassoumbroum,XOF,554.77
10866,2026-03-01,Niger,Sassoumbroum,XOF,567.41
10867,2026-04-01,Niger,Sassoumbroum,XOF,570.98
10868,2026-01-01,Niger,Soubdou,XOF,558.82
10869,2026-02-01,Niger,Soubdou,XOF,554.77
10870,2026-03-01,Niger,Soubdou,XOF,567.41
10871,2026-04-01,Niger,Soubdou,XOF,570.98
10872,2026-01-01,Niger,Tahoua Commune,XOF,558.82
10873,2026-02-01,Niger,Tahoua Commune,XOF,554.77
10874,2026-03-01,Niger,Tahoua Commune,XOF,567.41
10875,2026-04-01,Niger,Tahoua Commune,XOF,570.98
10876,2026-01-01,Niger,Tanout,XOF,558.82
10877,2026-02-01,Niger,Tanout,XOF,554.77
10878,2026-03-01,Niger,Tanout,XOF,567.41
10879,2026-04-01,Niger,Tanout,XOF,570.98
10880,2026-01-01,Niger,Tchadoua,XOF,558.82
10881,2026-02-01,Niger,Tchadoua,XOF,554.77
10882,2026-03-01,Niger,Tchadoua,XOF,567.41
10883,2026-04-01,Niger,Tchadoua,XOF,570.98
10884,2026-01-01,Niger,Tchintabaraden,XOF,558.82
10885,2026-02-01,Niger,Tchintabaraden,XOF,554.77
10886,2026-03-01,Niger,Tchintabaraden,XOF,567.41
10887,2026-04-01,Niger,Tchintabaraden,XOF,570.98
10888,2026-01-01,Niger,Tera,XOF,558.82
10889,2026-02-01,Niger,Tera,XOF,554.77
10890,2026-03-01,Niger,Tera,XOF,567.41
10891,2026-04-01,Niger,Tera,XOF,570.98
10892,2026-01-01,Niger,Tessaoua,XOF,558.82
10893,2026-02-01,Niger,Tessaoua,XOF,554.77
10894,2026-03-01,Niger,Tessaoua,XOF,567.41
10895,2026-04-01,Niger,Tessaoua,XOF,570.98
10896,2026-01-01,Niger,Tillaberi,XOF,558.82
10897,2026-02-01,Niger,Tillaberi,XOF,554.77
10898,2026-03-01,Niger,Tillaberi,XOF,567.41
10899,2026-04-01,Niger,Tillaberi,XOF,570.98
10900,2026-01-01,Niger,Tillaberi Commune,XOF,558.82
10901,2026-02-01,Niger,Tillaberi Commune,XOF,554.77
10902,2026-03-01,Niger,Tillaberi Commune,XOF,567.41
10903,2026-04-01,Niger,Tillaberi Commune,XOF,570.98
10904,2026-01-01,Niger,Torodi,XOF,558.82
10905,2026-02-01,Niger,Torodi,XOF,554.77
10906,2026-03-01,Niger,Torodi,XOF,567.41
10907,2026-04-01,Niger,Torodi,XOF,570.98
10908,2026-01-01,Niger,Tounfafi,XOF,558.82
10909,2026-02-01,Niger,Tounfafi,XOF,554.77
10910,2026-03-01,Niger,Tounfafi,XOF,567.41
10911,2026-04-01,Niger,Tounfafi,XOF,570.98
10912,2026-01-01,Niger,Wadata,XOF,558.82
10913,2026-02-01,Niger,Wadata,XOF,554.77
10914,2026-03-01,Niger,Wadata,XOF,567.41
10915,2026-04-01,Niger,Wadata,XOF,570.98
10916,2026-01-01,Niger,Zinder Commune,XOF,558.82
10917,2026-02-01,Niger,Zinder Commune,XOF,554.77
10918,2026-03-01,Niger,Zinder Commune,XOF,567.41
10919,2026-04-01,Niger,Zinder Commune,XOF,570.98
10920,2026-01-01,Niger,Market Average,XOF,558.82
10921,2026-02-01,Niger,Market Average,XOF,554.77
10922,2026-03-01,Niger,Market Average,XOF,567.41
10923,2026-04-01,Niger,Market Average,XOF,570.98
10924,2026-01-01,Nigeria,Aba,NGN,1416.02
10925,2026-02-01,Nigeria,Aba,NGN,1355.03
10926,2026-03-01,Nigeria,Aba,NGN,1378.82
10927,2026-04-01,Nigeria,Aba,NGN,1386.66
10928,2026-01-01,Nigeria,Abba Gamaram,NGN,1416.02
10929,2026-02-01,Nigeria,Abba Gamaram,NGN,1355.03
10930,2026-03-01,Nigeria,Abba Gamaram,NGN,1378.82
10931,2026-04-01,Nigeria,Abba Gamaram,NGN,1386.66
10932,2026-01-01,Nigeria,Abuja,NGN,1416.02
10933,2026-02-01,Nigeria,Abuja,NGN,1355.03
10934,2026-03-01,Nigeria,Abuja,NGN,1378.82
10935,2026-04-01,Nigeria,Abuja,NGN,1386.66
10936,2026-01-01,Nigeria,Bade (Gashua),NGN,1416.02
10937,2026-02-01,Nigeria,Bade (Gashua),NGN,1355.03
10938,2026-03-01,Nigeria,Bade (Gashua),NGN,1378.82
10939,2026-04-01,Nigeria,Bade (Gashua),NGN,1386.66
10940,2026-01-01,Nigeria,Baga Road,NGN,1416.02
10941,2026-02-01,Nigeria,Baga Road,NGN,1355.03
10942,2026-03-01,Nigeria,Baga Road,NGN,1378.82
10943,2026-04-01,Nigeria,Baga Road,NGN,1386.66
10944,2026-01-01,Nigeria,Bama,NGN,1416.02
10945,2026-02-01,Nigeria,Bama,NGN,1355.03
10946,2026-03-01,Nigeria,Bama,NGN,1378.82
10947,2026-04-01,Nigeria,Bama,NGN,1386.66
10948,2026-01-01,Nigeria,Banki,NGN,1416.02
10949,2026-02-01,Nigeria,Banki,NGN,1355.03
10950,2026-03-01,Nigeria,Banki,NGN,1378.82
10951,2026-04-01,Nigeria,Banki,NGN,1386.66
10952,2026-01-01,Nigeria,Bayantasha,NGN,1416.02
10953,2026-02-01,Nigeria,Bayantasha,NGN,1355.03
10954,2026-03-01,Nigeria,Bayantasha,NGN,1378.82
10955,2026-04-01,Nigeria,Bayantasha,NGN,1386.66
10956,2026-01-01,Nigeria,Biriri,NGN,1416.02
10957,2026-02-01,Nigeria,Biriri,NGN,1355.03
10958,2026-03-01,Nigeria,Biriri,NGN,1378.82
10959,2026-04-01,Nigeria,Biriri,NGN,1386.66
10960,2026-01-01,Nigeria,Biu,NGN,1416.02
10961,2026-02-01,Nigeria,Biu,NGN,1355.03
10962,2026-03-01,Nigeria,Biu,NGN,1378.82
10963,2026-04-01,Nigeria,Biu,NGN,1386.66
10964,2026-01-01,Nigeria,Bolori Stores,NGN,1416.02
10965,2026-02-01,Nigeria,Bolori Stores,NGN,1355.03
10966,2026-03-01,Nigeria,Bolori Stores,NGN,1378.82
10967,2026-04-01,Nigeria,Bolori Stores,NGN,1386.66
10968,2026-01-01,Nigeria,Budum,NGN,1416.02
10969,2026-02-01,Nigeria,Budum,NGN,1355.03
10970,2026-03-01,Nigeria,Budum,NGN,1378.82
10971,2026-04-01,Nigeria,Budum,NGN,1386.66
10972,2026-01-01,Nigeria,Bullunkutu,NGN,1416.02
10973,2026-02-01,Nigeria,Bullunkutu,NGN,1355.03
10974,2026-03-01,Nigeria,Bullunkutu,NGN,1378.82
10975,2026-04-01,Nigeria,Bullunkutu,NGN,1386.66
10976,2026-01-01,Nigeria,Bursari,NGN,1416.02
10977,2026-02-01,Nigeria,Bursari,NGN,1355.03
10978,2026-03-01,Nigeria,Bursari,NGN,1378.82
10979,2026-04-01,Nigeria,Bursari,NGN,1386.66
10980,2026-01-01,Nigeria,Custom,NGN,1416.02
10981,2026-02-01,Nigeria,Custom,NGN,1355.03
10982,2026-03-01,Nigeria,Custom,NGN,1378.82
10983,2026-04-01,Nigeria,Custom,NGN,1386.66
10984,2026-01-01,Nigeria,Damagum,NGN,1416.02
10985,2026-02-01,Nigeria,Damagum,NGN,1355.03
10986,2026-03-01,Nigeria,Damagum,NGN,1378.82
10987,2026-04-01,Nigeria,Damagum,NGN,1386.66
10988,2026-01-01,Nigeria,Damassack (CBM),NGN,1416.02
10989,2026-02-01,Nigeria,Damassack (CBM),NGN,1355.03
10990,2026-03-01,Nigeria,Damassack (CBM),NGN,1378.82
10991,2026-04-01,Nigeria,Damassack (CBM),NGN,1386.66
10992,2026-01-01,Nigeria,Damaturu,NGN,1416.02
10993,2026-02-01,Nigeria,Damaturu,NGN,1355.03
10994,2026-03-01,Nigeria,Damaturu,NGN,1378.82
10995,2026-04-01,Nigeria,Damaturu,NGN,1386.66
10996,2026-01-01,Nigeria,Damaturu (Sunday Market),NGN,1416.02
10997,2026-02-01,Nigeria,Damaturu (Sunday Market),NGN,1355.03
10998,2026-03-01,Nigeria,Damaturu (Sunday Market),NGN,1378.82
10999,2026-04-01,Nigeria,Damaturu (Sunday Market),NGN,1386.66
11000,2026-01-01,Nigeria,Damboa,NGN,1416.02
11001,2026-02-01,Nigeria,Damboa,NGN,1355.03
11002,2026-03-01,Nigeria,Damboa,NGN,1378.82
11003,2026-04-01,Nigeria,Damboa,NGN,1386.66
11004,2026-01-01,Nigeria,Dandume,NGN,1416.02
11005,2026-02-01,Nigeria,Dandume,NGN,1355.03
11006,2026-03-01,Nigeria,Dandume,NGN,1378.82
11007,2026-04-01,Nigeria,Dandume,NGN,1386.66
11008,2026-01-01,Nigeria,Dawanau,NGN,1416.02
11009,2026-02-01,Nigeria,Dawanau,NGN,1355.03
11010,2026-03-01,Nigeria,Dawanau,NGN,1378.82
11011,2026-04-01,Nigeria,Dawanau,NGN,1386.66
11012,2026-01-01,Nigeria,Dikwa Central,NGN,1416.02
11013,2026-02-01,Nigeria,Dikwa Central,NGN,1355.03
11014,2026-03-01,Nigeria,Dikwa Central,NGN,1378.82
11015,2026-04-01,Nigeria,Dikwa Central,NGN,1386.66
11016,2026-01-01,Nigeria,Gajiram,NGN,1416.02
11017,2026-02-01,Nigeria,Gajiram,NGN,1355.03
11018,2026-03-01,Nigeria,Gajiram,NGN,1378.82
11019,2026-04-01,Nigeria,Gajiram,NGN,1386.66
11020,2026-01-01,Nigeria,Gamboru,NGN,1416.02
11021,2026-02-01,Nigeria,Gamboru,NGN,1355.03
11022,2026-03-01,Nigeria,Gamboru,NGN,1378.82
11023,2026-04-01,Nigeria,Gamboru,NGN,1386.66
11024,2026-01-01,Nigeria,Geidam,NGN,1416.02
11025,2026-02-01,Nigeria,Geidam,NGN,1355.03
11026,2026-03-01,Nigeria,Geidam,NGN,1378.82
11027,2026-04-01,Nigeria,Geidam,NGN,1386.66
11028,2026-01-01,Nigeria,Giwa,NGN,1416.02
11029,2026-02-01,Nigeria,Giwa,NGN,1355.03
11030,2026-03-01,Nigeria,Giwa,NGN,1378.82
11031,2026-04-01,Nigeria,Giwa,NGN,1386.66
11032,2026-01-01,Nigeria,Gombe,NGN,1416.02
11033,2026-02-01,Nigeria,Gombe,NGN,1355.03
11034,2026-03-01,Nigeria,Gombe,NGN,1378.82
11035,2026-04-01,Nigeria,Gombe,NGN,1386.66
11036,2026-01-01,Nigeria,Gombi,NGN,1416.02
11037,2026-02-01,Nigeria,Gombi,NGN,1355.03
11038,2026-03-01,Nigeria,Gombi,NGN,1378.82
11039,2026-04-01,Nigeria,Gombi,NGN,1386.66
11040,2026-01-01,Nigeria,Gujba (Buni Yadi),NGN,1416.02
11041,2026-02-01,Nigeria,Gujba (Buni Yadi),NGN,1355.03
11042,2026-03-01,Nigeria,Gujba (Buni Yadi),NGN,1378.82
11043,2026-04-01,Nigeria,Gujba (Buni Yadi),NGN,1386.66
11044,2026-01-01,Nigeria,Gujungu,NGN,1416.02
11045,2026-02-01,Nigeria,Gujungu,NGN,1355.03
11046,2026-03-01,Nigeria,Gujungu,NGN,1378.82
11047,2026-04-01,Nigeria,Gujungu,NGN,1386.66
11048,2026-01-01,Nigeria,Gulani (Tettaba),NGN,1416.02
11049,2026-02-01,Nigeria,Gulani (Tettaba),NGN,1355.03
11050,2026-03-01,Nigeria,Gulani (Tettaba),NGN,1378.82
11051,2026-04-01,Nigeria,Gulani (Tettaba),NGN,1386.66
11052,2026-01-01,Nigeria,Gwandu,NGN,1416.02
11053,2026-02-01,Nigeria,Gwandu,NGN,1355.03
11054,2026-03-01,Nigeria,Gwandu,NGN,1378.82
11055,2026-04-01,Nigeria,Gwandu,NGN,1386.66
11056,2026-01-01,Nigeria,Gwoza Central,NGN,1416.02
11057,2026-02-01,Nigeria,Gwoza Central,NGN,1355.03
11058,2026-03-01,Nigeria,Gwoza Central,NGN,1378.82
11059,2026-04-01,Nigeria,Gwoza Central,NGN,1386.66
11060,2026-01-01,Nigeria,Ibadan,NGN,1416.02
11061,2026-02-01,Nigeria,Ibadan,NGN,1355.03
11062,2026-03-01,Nigeria,Ibadan,NGN,1378.82
11063,2026-04-01,Nigeria,Ibadan,NGN,1386.66
11064,2026-01-01,Nigeria,Illela (CBM),NGN,1416.02
11065,2026-02-01,Nigeria,Illela (CBM),NGN,1355.03
11066,2026-03-01,Nigeria,Illela (CBM),NGN,1378.82
11067,2026-04-01,Nigeria,Illela (CBM),NGN,1386.66
11068,2026-01-01,Nigeria,Jakusko,NGN,1416.02
11069,2026-02-01,Nigeria,Jakusko,NGN,1355.03
11070,2026-03-01,Nigeria,Jakusko,NGN,1378.82
11071,2026-04-01,Nigeria,Jakusko,NGN,1386.66
11072,2026-01-01,Nigeria,Jimeta Grain,NGN,1416.02
11073,2026-02-01,Nigeria,Jimeta Grain,NGN,1355.03
11074,2026-03-01,Nigeria,Jimeta Grain,NGN,1378.82
11075,2026-04-01,Nigeria,Jimeta Grain,NGN,1386.66
11076,2026-01-01,Nigeria,Kano,NGN,1416.02
11077,2026-02-01,Nigeria,Kano,NGN,1355.03
11078,2026-03-01,Nigeria,Kano,NGN,1378.82
11079,2026-04-01,Nigeria,Kano,NGN,1386.66
11080,2026-01-01,Nigeria,Kashuwan Shanu,NGN,1416.02
11081,2026-02-01,Nigeria,Kashuwan Shanu,NGN,1355.03
11082,2026-03-01,Nigeria,Kashuwan Shanu,NGN,1378.82
11083,2026-04-01,Nigeria,Kashuwan Shanu,NGN,1386.66
11084,2026-01-01,Nigeria,Kaura Namoda,NGN,1416.02
11085,2026-02-01,Nigeria,Kaura Namoda,NGN,1355.03
11086,2026-03-01,Nigeria,Kaura Namoda,NGN,1378.82
11087,2026-04-01,Nigeria,Kaura Namoda,NGN,1386.66
11088,2026-01-01,Nigeria,Konduga,NGN,1416.02
11089,2026-02-01,Nigeria,Konduga,NGN,1355.03
11090,2026-03-01,Nigeria,Konduga,NGN,1378.82
11091,2026-04-01,Nigeria,Konduga,NGN,1386.66
11092,2026-01-01,Nigeria,Kusawam Shanu,NGN,1416.02
11093,2026-02-01,Nigeria,Kusawam Shanu,NGN,1355.03
11094,2026-03-01,Nigeria,Kusawam Shanu,NGN,1378.82
11095,2026-04-01,Nigeria,Kusawam Shanu,NGN,1386.66
11096,2026-01-01,Nigeria,Lagos,NGN,1416.02
11097,2026-02-01,Nigeria,Lagos,NGN,1355.03
11098,2026-03-01,Nigeria,Lagos,NGN,1378.82
11099,2026-04-01,Nigeria,Lagos,NGN,1386.66
11100,2026-01-01,Nigeria,Machina Central,NGN,1416.02
11101,2026-02-01,Nigeria,Machina Central,NGN,1355.03
11102,2026-03-01,Nigeria,Machina Central,NGN,1378.82
11103,2026-04-01,Nigeria,Machina Central,NGN,1386.66
11104,2026-01-01,Nigeria,Madagali,NGN,1416.02
11105,2026-02-01,Nigeria,Madagali,NGN,1355.03
11106,2026-03-01,Nigeria,Madagali,NGN,1378.82
11107,2026-04-01,Nigeria,Madagali,NGN,1386.66
11108,2026-01-01,Nigeria,Mafa,NGN,1416.02
11109,2026-02-01,Nigeria,Mafa,NGN,1355.03
11110,2026-03-01,Nigeria,Mafa,NGN,1378.82
11111,2026-04-01,Nigeria,Mafa,NGN,1386.66
11112,2026-01-01,Nigeria,Magumeri Central,NGN,1416.02
11113,2026-02-01,Nigeria,Magumeri Central,NGN,1355.03
11114,2026-03-01,Nigeria,Magumeri Central,NGN,1378.82
11115,2026-04-01,Nigeria,Magumeri Central,NGN,1386.66
11116,2026-01-01,Nigeria,Mai Adoua (CBM),NGN,1416.02
11117,2026-02-01,Nigeria,Mai Adoua (CBM),NGN,1355.03
11118,2026-03-01,Nigeria,Mai Adoua (CBM),NGN,1378.82
11119,2026-04-01,Nigeria,Mai Adoua (CBM),NGN,1386.66
11120,2026-01-01,Nigeria,Maiduguri,NGN,1416.02
11121,2026-02-01,Nigeria,Maiduguri,NGN,1355.03
11122,2026-03-01,Nigeria,Maiduguri,NGN,1378.82
11123,2026-04-01,Nigeria,Maiduguri,NGN,1386.66
11124,2026-01-01,Nigeria,Michika,NGN,1416.02
11125,2026-02-01,Nigeria,Michika,NGN,1355.03
11126,2026-03-01,Nigeria,Michika,NGN,1378.82
11127,2026-04-01,Nigeria,Michika,NGN,1386.66
11128,2026-01-01,Nigeria,Monday,NGN,1416.02
11129,2026-02-01,Nigeria,Monday,NGN,1355.03
11130,2026-03-01,Nigeria,Monday,NGN,1378.82
11131,2026-04-01,Nigeria,Monday,NGN,1386.66
11132,2026-01-01,Nigeria,Monguno,NGN,1416.02
11133,2026-02-01,Nigeria,Monguno,NGN,1355.03
11134,2026-03-01,Nigeria,Monguno,NGN,1378.82
11135,2026-04-01,Nigeria,Monguno,NGN,1386.66
11136,2026-01-01,Nigeria,Mubi,NGN,1416.02
11137,2026-02-01,Nigeria,Mubi,NGN,1355.03
11138,2026-03-01,Nigeria,Mubi,NGN,1378.82
11139,2026-04-01,Nigeria,Mubi,NGN,1386.66
11140,2026-01-01,Nigeria,Mubi North,NGN,1416.02
11141,2026-02-01,Nigeria,Mubi North,NGN,1355.03
11142,2026-03-01,Nigeria,Mubi North,NGN,1378.82
11143,2026-04-01,Nigeria,Mubi North,NGN,1386.66
11144,2026-01-01,Nigeria,Nangere,NGN,1416.02
11145,2026-02-01,Nigeria,Nangere,NGN,1355.03
11146,2026-03-01,Nigeria,Nangere,NGN,1378.82
11147,2026-04-01,Nigeria,Nangere,NGN,1386.66
11148,2026-01-01,Nigeria,Ngala,NGN,1416.02
11149,2026-02-01,Nigeria,Ngala,NGN,1355.03
11150,2026-03-01,Nigeria,Ngala,NGN,1378.82
11151,2026-04-01,Nigeria,Ngala,NGN,1386.66
11152,2026-01-01,Nigeria,Ngalang,NGN,1416.02
11153,2026-02-01,Nigeria,Ngalang,NGN,1355.03
11154,2026-03-01,Nigeria,Ngalang,NGN,1378.82
11155,2026-04-01,Nigeria,Ngalang,NGN,1386.66
11156,2026-01-01,Nigeria,Ngelzarma,NGN,1416.02
11157,2026-02-01,Nigeria,Ngelzarma,NGN,1355.03
11158,2026-03-01,Nigeria,Ngelzarma,NGN,1378.82
11159,2026-04-01,Nigeria,Ngelzarma,NGN,1386.66
11160,2026-01-01,Nigeria,Nguru,NGN,1416.02
11161,2026-02-01,Nigeria,Nguru,NGN,1355.03
11162,2026-03-01,Nigeria,Nguru,NGN,1378.82
11163,2026-04-01,Nigeria,Nguru,NGN,1386.66
11164,2026-01-01,Nigeria,North Central,NGN,1416.02
11165,2026-02-01,Nigeria,North Central,NGN,1355.03
11166,2026-03-01,Nigeria,North Central,NGN,1378.82
11167,2026-04-01,Nigeria,North Central,NGN,1386.66
11168,2026-01-01,Nigeria,North West,NGN,1416.02
11169,2026-02-01,Nigeria,North West,NGN,1355.03
11170,2026-03-01,Nigeria,North West,NGN,1378.82
11171,2026-04-01,Nigeria,North West,NGN,1386.66
11172,2026-01-01,Nigeria,Potiskum,NGN,1416.02
11173,2026-02-01,Nigeria,Potiskum,NGN,1355.03
11174,2026-03-01,Nigeria,Potiskum,NGN,1378.82
11175,2026-04-01,Nigeria,Potiskum,NGN,1386.66
11176,2026-01-01,Nigeria,Pulka,NGN,1416.02
11177,2026-02-01,Nigeria,Pulka,NGN,1355.03
11178,2026-03-01,Nigeria,Pulka,NGN,1378.82
11179,2026-04-01,Nigeria,Pulka,NGN,1386.66
11180,2026-01-01,Nigeria,Rann,NGN,1416.02
11181,2026-02-01,Nigeria,Rann,NGN,1355.03
11182,2026-03-01,Nigeria,Rann,NGN,1378.82
11183,2026-04-01,Nigeria,Rann,NGN,1386.66
11184,2026-01-01,Nigeria,Saminaka,NGN,1416.02
11185,2026-02-01,Nigeria,Saminaka,NGN,1355.03
11186,2026-03-01,Nigeria,Saminaka,NGN,1378.82
11187,2026-04-01,Nigeria,Saminaka,NGN,1386.66
11188,2026-01-01,Nigeria,Shani Main Market,NGN,1416.02
11189,2026-02-01,Nigeria,Shani Main Market,NGN,1355.03
11190,2026-03-01,Nigeria,Shani Main Market,NGN,1378.82
11191,2026-04-01,Nigeria,Shani Main Market,NGN,1386.66
11192,2026-01-01,Nigeria,South East,NGN,1416.02
11193,2026-02-01,Nigeria,South East,NGN,1355.03
11194,2026-03-01,Nigeria,South East,NGN,1378.82
11195,2026-04-01,Nigeria,South East,NGN,1386.66
11196,2026-01-01,Nigeria,South South,NGN,1416.02
11197,2026-02-01,Nigeria,South South,NGN,1355.03
11198,2026-03-01,Nigeria,South South,NGN,1378.82
11199,2026-04-01,Nigeria,South South,NGN,1386.66
11200,2026-01-01,Nigeria,South West,NGN,1416.02
11201,2026-02-01,Nigeria,South West,NGN,1355.03
11202,2026-03-01,Nigeria,South West,NGN,1378.82
11203,2026-04-01,Nigeria,South West,NGN,1386.66
11204,2026-01-01,Nigeria,Tashan Bama,NGN,1416.02
11205,2026-02-01,Nigeria,Tashan Bama,NGN,1355.03
11206,2026-03-01,Nigeria,Tashan Bama,NGN,1378.82
11207,2026-04-01,Nigeria,Tashan Bama,NGN,1386.66
11208,2026-01-01,Nigeria,Yunusari,NGN,1416.02
11209,2026-02-01,Nigeria,Yunusari,NGN,1355.03
11210,2026-03-01,Nigeria,Yunusari,NGN,1378.82
11211,2026-04-01,Nigeria,Yunusari,NGN,1386.66
11212,2026-01-01,Nigeria,Yusufari,NGN,1416.02
11213,2026-02-01,Nigeria,Yusufari,NGN,1355.03
11214,2026-03-01,Nigeria,Yusufari,NGN,1378.82
11215,2026-04-01,Nigeria,Yusufari,NGN,1386.66
11216,2026-01-01,Nigeria,Market Average,NGN,1416.02
11217,2026-02-01,Nigeria,Market Average,NGN,1355.03
11218,2026-03-01,Nigeria,Market Average,NGN,1378.82
11219,2026-04-01,Nigeria,Market Average,NGN,1386.66
11220,2026-01-01,Sudan,Al Fashir,SDG,597.91
11221,2026-02-01,Sudan,Al Fashir,SDG,601.5
11222,2026-03-01,Sudan,Al Fashir,SDG,601.13
11223,2026-04-01,Sudan,Al Fashir,SDG,602.92
11224,2026-01-01,Sudan,Damazin,SDG,597.91
11225,2026-02-01,Sudan,Damazin,SDG,601.5
11226,2026-03-01,Sudan,Damazin,SDG,601.13
11227,2026-04-01,Sudan,Damazin,SDG,602.92
11228,2026-01-01,Sudan,Dongola,SDG,597.91
11229,2026-02-01,Sudan,Dongola,SDG,601.5
11230,2026-03-01,Sudan,Dongola,SDG,601.13
11231,2026-04-01,Sudan,Dongola,SDG,602.92
11232,2026-01-01,Sudan,Ed Damer,SDG,597.91
11233,2026-02-01,Sudan,Ed Damer,SDG,601.5
11234,2026-03-01,Sudan,Ed Damer,SDG,601.13
11235,2026-04-01,Sudan,Ed Damer,SDG,602.92
11236,2026-01-01,Sudan,Eddein,SDG,597.91
11237,2026-02-01,Sudan,Eddein,SDG,601.5
11238,2026-03-01,Sudan,Eddein,SDG,601.13
11239,2026-04-01,Sudan,Eddein,SDG,602.92
11240,2026-01-01,Sudan,El Fula,SDG,597.91
11241,2026-02-01,Sudan,El Fula,SDG,601.5
11242,2026-03-01,Sudan,El Fula,SDG,601.13
11243,2026-04-01,Sudan,El Fula,SDG,602.92
11244,2026-01-01,Sudan,El Gedarif,SDG,597.91
11245,2026-02-01,Sudan,El Gedarif,SDG,601.5
11246,2026-03-01,Sudan,El Gedarif,SDG,601.13
11247,2026-04-01,Sudan,El Gedarif,SDG,602.92
11248,2026-01-01,Sudan,El Geneina,SDG,597.91
11249,2026-02-01,Sudan,El Geneina,SDG,601.5
11250,2026-03-01,Sudan,El Geneina,SDG,601.13
11251,2026-04-01,Sudan,El Geneina,SDG,602.92
11252,2026-01-01,Sudan,El Obeid,SDG,597.91
11253,2026-02-01,Sudan,El Obeid,SDG,601.5
11254,2026-03-01,Sudan,El Obeid,SDG,601.13
11255,2026-04-01,Sudan,El Obeid,SDG,602.92
11256,2026-01-01,Sudan,Kadugli,SDG,597.91
11257,2026-02-01,Sudan,Kadugli,SDG,601.5
11258,2026-03-01,Sudan,Kadugli,SDG,601.13
11259,2026-04-01,Sudan,Kadugli,SDG,602.92
11260,2026-01-01,Sudan,Kassala,SDG,597.91
11261,2026-02-01,Sudan,Kassala,SDG,601.5
11262,2026-03-01,Sudan,Kassala,SDG,601.13
11263,2026-04-01,Sudan,Kassala,SDG,602.92
11264,2026-01-01,Sudan,Khartoum,SDG,597.91
11265,2026-02-01,Sudan,Khartoum,SDG,601.5
11266,2026-03-01,Sudan,Khartoum,SDG,601.13
11267,2026-04-01,Sudan,Khartoum,SDG,602.92
11268,2026-01-01,Sudan,Kosti,SDG,597.91
11269,2026-02-01,Sudan,Kosti,SDG,601.5
11270,2026-03-01,Sudan,Kosti,SDG,601.13
11271,2026-04-01,Sudan,Kosti,SDG,602.92
11272,2026-01-01,Sudan,Nyala,SDG,597.91
11273,2026-02-01,Sudan,Nyala,SDG,601.5
11274,2026-03-01,Sudan,Nyala,SDG,601.13
11275,2026-04-01,Sudan,Nyala,SDG,602.92
11276,2026-01-01,Sudan,Port Sudan,SDG,597.91
11277,2026-02-01,Sudan,Port Sudan,SDG,601.5
11278,2026-03-01,Sudan,Port Sudan,SDG,601.13
11279,2026-04-01,Sudan,Port Sudan,SDG,602.92
11280,2026-01-01,Sudan,Singa,SDG,597.91
11281,2026-02-01,Sudan,Singa,SDG,601.5
11282,2026-03-01,Sudan,Singa,SDG,601.13
11283,2026-04-01,Sudan,Singa,SDG,602.92
11284,2026-01-01,Sudan,Tawila,SDG,597.91
11285,2026-02-01,Sudan,Tawila,SDG,601.5
11286,2026-03-01,Sudan,Tawila,SDG,601.13
11287,2026-04-01,Sudan,Tawila,SDG,602.92
11288,2026-01-01,Sudan,Wad Medani,SDG,597.91
11289,2026-02-01,Sudan,Wad Medani,SDG,601.5
11290,2026-03-01,Sudan,Wad Medani,SDG,601.13
11291,2026-04-01,Sudan,Wad Medani,SDG,602.92
11292,2026-01-01,Sudan,Zalingi,SDG,597.91
11293,2026-02-01,Sudan,Zalingi,SDG,601.5
11294,2026-03-01,Sudan,Zalingi,SDG,601.13
11295,2026-04-01,Sudan,Zalingi,SDG,602.92
11296,2026-01-01,Sudan,Market Average,SDG,597.91
11297,2026-02-01,Sudan,Market Average,SDG,601.5
11298,2026-03-01,Sudan,Market Average,SDG,601.13
11299,2026-04-01,Sudan,Market Average,SDG,602.92
11300,2026-01-01,Senegal,Bakel,XOF,558.82
11301,2026-02-01,Senegal,Bakel,XOF,554.77
11302,2026-03-01,Senegal,Bakel,XOF,567.41
11303,2026-04-01,Senegal,Bakel,XOF,571.01
11304,2026-01-01,Senegal,Bambey,XOF,558.82
11305,2026-02-01,Senegal,Bambey,XOF,554.77
11306,2026-03-01,Senegal,Bambey,XOF,567.41
11307,2026-04-01,Senegal,Bambey,XOF,571.01
11308,2026-01-01,Senegal,Bignona,XOF,558.82
11309,2026-02-01,Senegal,Bignona,XOF,554.77
11310,2026-03-01,Senegal,Bignona,XOF,567.41
11311,2026-04-01,Senegal,Bignona,XOF,571.01
11312,2026-01-01,Senegal,Birkelane,XOF,558.82
11313,2026-02-01,Senegal,Birkelane,XOF,554.77
11314,2026-03-01,Senegal,Birkelane,XOF,567.41
11315,2026-04-01,Senegal,Birkelane,XOF,571.01
11316,2026-01-01,Senegal,Castors,XOF,558.82
11317,2026-02-01,Senegal,Castors,XOF,554.77
11318,2026-03-01,Senegal,Castors,XOF,567.41
11319,2026-04-01,Senegal,Castors,XOF,571.01
11320,2026-01-01,Senegal,Dagana,XOF,558.82
11321,2026-02-01,Senegal,Dagana,XOF,554.77
11322,2026-03-01,Senegal,Dagana,XOF,567.41
11323,2026-04-01,Senegal,Dagana,XOF,571.01
11324,2026-01-01,Senegal,Dakar,XOF,558.82
11325,2026-02-01,Senegal,Dakar,XOF,554.77
11326,2026-03-01,Senegal,Dakar,XOF,567.41
11327,2026-04-01,Senegal,Dakar,XOF,571.01
11328,2026-01-01,Senegal,Diakhao,XOF,558.82
11329,2026-02-01,Senegal,Diakhao,XOF,554.77
11330,2026-03-01,Senegal,Diakhao,XOF,567.41
11331,2026-04-01,Senegal,Diakhao,XOF,571.01
11332,2026-01-01,Senegal,Diama Gadio,XOF,558.82
11333,2026-02-01,Senegal,Diama Gadio,XOF,554.77
11334,2026-03-01,Senegal,Diama Gadio,XOF,567.41
11335,2026-04-01,Senegal,Diama Gadio,XOF,571.01
11336,2026-01-01,Senegal,Diaobe,XOF,558.82
11337,2026-02-01,Senegal,Diaobe,XOF,554.77
11338,2026-03-01,Senegal,Diaobe,XOF,567.41
11339,2026-04-01,Senegal,Diaobe,XOF,571.01
11340,2026-01-01,Senegal,Dioli Mandakh,XOF,558.82
11341,2026-02-01,Senegal,Dioli Mandakh,XOF,554.77
11342,2026-03-01,Senegal,Dioli Mandakh,XOF,567.41
11343,2026-04-01,Senegal,Dioli Mandakh,XOF,571.01
11344,2026-01-01,Senegal,Diourbel,XOF,558.82
11345,2026-02-01,Senegal,Diourbel,XOF,554.77
11346,2026-03-01,Senegal,Diourbel,XOF,567.41
11347,2026-04-01,Senegal,Diourbel,XOF,571.01
11348,2026-01-01,Senegal,Dodel,XOF,558.82
11349,2026-02-01,Senegal,Dodel,XOF,554.77
11350,2026-03-01,Senegal,Dodel,XOF,567.41
11351,2026-04-01,Senegal,Dodel,XOF,571.01
11352,2026-01-01,Senegal,Fatick,XOF,558.82
11353,2026-02-01,Senegal,Fatick,XOF,554.77
11354,2026-03-01,Senegal,Fatick,XOF,567.41
11355,2026-04-01,Senegal,Fatick,XOF,571.01
11356,2026-01-01,Senegal,Galoya,XOF,558.82
11357,2026-02-01,Senegal,Galoya,XOF,554.77
11358,2026-03-01,Senegal,Galoya,XOF,567.41
11359,2026-04-01,Senegal,Galoya,XOF,571.01
11360,2026-01-01,Senegal,Gossas,XOF,558.82
11361,2026-02-01,Senegal,Gossas,XOF,554.77
11362,2026-03-01,Senegal,Gossas,XOF,567.41
11363,2026-04-01,Senegal,Gossas,XOF,571.01
11364,2026-01-01,Senegal,Gouille Mbeuth,XOF,558.82
11365,2026-02-01,Senegal,Gouille Mbeuth,XOF,554.77
11366,2026-03-01,Senegal,Gouille Mbeuth,XOF,567.41
11367,2026-04-01,Senegal,Gouille Mbeuth,XOF,571.01
11368,2026-01-01,Senegal,Gueule Tapee,XOF,558.82
11369,2026-02-01,Senegal,Gueule Tapee,XOF,554.77
11370,2026-03-01,Senegal,Gueule Tapee,XOF,567.41
11371,2026-04-01,Senegal,Gueule Tapee,XOF,571.01
11372,2026-01-01,Senegal,Kaffrine,XOF,558.82
11373,2026-02-01,Senegal,Kaffrine,XOF,554.77
11374,2026-03-01,Senegal,Kaffrine,XOF,567.41
11375,2026-04-01,Senegal,Kaffrine,XOF,571.01
11376,2026-01-01,Senegal,Kaolack,XOF,558.82
11377,2026-02-01,Senegal,Kaolack,XOF,554.77
11378,2026-03-01,Senegal,Kaolack,XOF,567.41
11379,2026-04-01,Senegal,Kaolack,XOF,571.01
11380,2026-01-01,Senegal,Kedougou,XOF,558.82
11381,2026-02-01,Senegal,Kedougou,XOF,554.77
11382,2026-03-01,Senegal,Kedougou,XOF,567.41
11383,2026-04-01,Senegal,Kedougou,XOF,571.01
11384,2026-01-01,Senegal,Keur I. Yacine,XOF,558.82
11385,2026-02-01,Senegal,Keur I. Yacine,XOF,554.77
11386,2026-03-01,Senegal,Keur I. Yacine,XOF,567.41
11387,2026-04-01,Senegal,Keur I. Yacine,XOF,571.01
11388,2026-01-01,Senegal,Kolda,XOF,558.82
11389,2026-02-01,Senegal,Kolda,XOF,554.77
11390,2026-03-01,Senegal,Kolda,XOF,567.41
11391,2026-04-01,Senegal,Kolda,XOF,571.01
11392,2026-01-01,Senegal,Koungueul,XOF,558.82
11393,2026-02-01,Senegal,Koungueul,XOF,554.77
11394,2026-03-01,Senegal,Koungueul,XOF,567.41
11395,2026-04-01,Senegal,Koungueul,XOF,571.01
11396,2026-01-01,Senegal,Kouthiaba,XOF,558.82
11397,2026-02-01,Senegal,Kouthiaba,XOF,554.77
11398,2026-03-01,Senegal,Kouthiaba,XOF,567.41
11399,2026-04-01,Senegal,Kouthiaba,XOF,571.01
11400,2026-01-01,Senegal,Louga,XOF,558.82
11401,2026-02-01,Senegal,Louga,XOF,554.77
11402,2026-03-01,Senegal,Louga,XOF,567.41
11403,2026-04-01,Senegal,Louga,XOF,571.01
11404,2026-01-01,Senegal,Mabo,XOF,558.82
11405,2026-02-01,Senegal,Mabo,XOF,554.77
11406,2026-03-01,Senegal,Mabo,XOF,567.41
11407,2026-04-01,Senegal,Mabo,XOF,571.01
11408,2026-01-01,Senegal,Mako,XOF,558.82
11409,2026-02-01,Senegal,Mako,XOF,554.77
11410,2026-03-01,Senegal,Mako,XOF,567.41
11411,2026-04-01,Senegal,Mako,XOF,571.01
11412,2026-01-01,Senegal,Matam,XOF,558.82
11413,2026-02-01,Senegal,Matam,XOF,554.77
11414,2026-03-01,Senegal,Matam,XOF,567.41
11415,2026-04-01,Senegal,Matam,XOF,571.01
11416,2026-01-01,Senegal,Mbafaye,XOF,558.82
11417,2026-02-01,Senegal,Mbafaye,XOF,554.77
11418,2026-03-01,Senegal,Mbafaye,XOF,567.41
11419,2026-04-01,Senegal,Mbafaye,XOF,571.01
11420,2026-01-01,Senegal,Mbar,XOF,558.82
11421,2026-02-01,Senegal,Mbar,XOF,554.77
11422,2026-03-01,Senegal,Mbar,XOF,567.41
11423,2026-04-01,Senegal,Mbar,XOF,571.01
11424,2026-01-01,Senegal,Mereto,XOF,558.82
11425,2026-02-01,Senegal,Mereto,XOF,554.77
11426,2026-03-01,Senegal,Mereto,XOF,567.41
11427,2026-04-01,Senegal,Mereto,XOF,571.01
11428,2026-01-01,Senegal,Missirah,XOF,558.82
11429,2026-02-01,Senegal,Missirah,XOF,554.77
11430,2026-03-01,Senegal,Missirah,XOF,567.41
11431,2026-04-01,Senegal,Missirah,XOF,571.01
11432,2026-01-01,Senegal,Mpal,XOF,558.82
11433,2026-02-01,Senegal,Mpal,XOF,554.77
11434,2026-03-01,Senegal,Mpal,XOF,567.41
11435,2026-04-01,Senegal,Mpal,XOF,571.01
11436,2026-01-01,Senegal,N'Doffane,XOF,558.82
11437,2026-02-01,Senegal,N'Doffane,XOF,554.77
11438,2026-03-01,Senegal,N'Doffane,XOF,567.41
11439,2026-04-01,Senegal,N'Doffane,XOF,571.01
11440,2026-01-01,Senegal,Ndiagne,XOF,558.82
11441,2026-02-01,Senegal,Ndiagne,XOF,554.77
11442,2026-03-01,Senegal,Ndiagne,XOF,567.41
11443,2026-04-01,Senegal,Ndiagne,XOF,571.01
11444,2026-01-01,Senegal,Ndindy,XOF,558.82
11445,2026-02-01,Senegal,Ndindy,XOF,554.77
11446,2026-03-01,Senegal,Ndindy,XOF,567.41
11447,2026-04-01,Senegal,Ndindy,XOF,571.01
11448,2026-01-01,Senegal,Ndrame Escale,XOF,558.82
11449,2026-02-01,Senegal,Ndrame Escale,XOF,554.77
11450,2026-03-01,Senegal,Ndrame Escale,XOF,567.41
11451,2026-04-01,Senegal,Ndrame Escale,XOF,571.01
11452,2026-01-01,Senegal,Orkodiere,XOF,558.82
11453,2026-02-01,Senegal,Orkodiere,XOF,554.77
11454,2026-03-01,Senegal,Orkodiere,XOF,567.41
11455,2026-04-01,Senegal,Orkodiere,XOF,571.01
11456,2026-01-01,Senegal,Ourossogui,XOF,558.82
11457,2026-02-01,Senegal,Ourossogui,XOF,554.77
11458,2026-03-01,Senegal,Ourossogui,XOF,567.41
11459,2026-04-01,Senegal,Ourossogui,XOF,571.01
11460,2026-01-01,Senegal,Oussouye,XOF,558.82
11461,2026-02-01,Senegal,Oussouye,XOF,554.77
11462,2026-03-01,Senegal,Oussouye,XOF,567.41
11463,2026-04-01,Senegal,Oussouye,XOF,571.01
11464,2026-01-01,Senegal,Passy,XOF,558.82
11465,2026-02-01,Senegal,Passy,XOF,554.77
11466,2026-03-01,Senegal,Passy,XOF,567.41
11467,2026-04-01,Senegal,Passy,XOF,571.01
11468,2026-01-01,Senegal,Porokhane,XOF,558.82
11469,2026-02-01,Senegal,Porokhane,XOF,554.77
11470,2026-03-01,Senegal,Porokhane,XOF,567.41
11471,2026-04-01,Senegal,Porokhane,XOF,571.01
11472,2026-01-01,Senegal,Ross Béthio,XOF,558.82
11473,2026-02-01,Senegal,Ross Béthio,XOF,554.77
11474,2026-03-01,Senegal,Ross Béthio,XOF,567.41
11475,2026-04-01,Senegal,Ross Béthio,XOF,571.01
11476,2026-01-01,Senegal,Rosso,XOF,558.82
11477,2026-02-01,Senegal,Rosso,XOF,554.77
11478,2026-03-01,Senegal,Rosso,XOF,567.41
11479,2026-04-01,Senegal,Rosso,XOF,571.01
11480,2026-01-01,Senegal,Sagatta,XOF,558.82
11481,2026-02-01,Senegal,Sagatta,XOF,554.77
11482,2026-03-01,Senegal,Sagatta,XOF,567.41
11483,2026-04-01,Senegal,Sagatta,XOF,571.01
11484,2026-01-01,Senegal,Saint-Louis,XOF,558.82
11485,2026-02-01,Senegal,Saint-Louis,XOF,554.77
11486,2026-03-01,Senegal,Saint-Louis,XOF,567.41
11487,2026-04-01,Senegal,Saint-Louis,XOF,571.01
11488,2026-01-01,Senegal,Saint-Maur,XOF,558.82
11489,2026-02-01,Senegal,Saint-Maur,XOF,554.77
11490,2026-03-01,Senegal,Saint-Maur,XOF,567.41
11491,2026-04-01,Senegal,Saint-Maur,XOF,571.01
11492,2026-01-01,Senegal,Salémata,XOF,558.82
11493,2026-02-01,Senegal,Salémata,XOF,554.77
11494,2026-03-01,Senegal,Salémata,XOF,567.41
11495,2026-04-01,Senegal,Salémata,XOF,571.01
11496,2026-01-01,Senegal,Sandjara,XOF,558.82
11497,2026-02-01,Senegal,Sandjara,XOF,554.77
11498,2026-03-01,Senegal,Sandjara,XOF,567.41
11499,2026-04-01,Senegal,Sandjara,XOF,571.01
11500,2026-01-01,Senegal,Sare Yoba,XOF,558.82
11501,2026-02-01,Senegal,Sare Yoba,XOF,554.77
11502,2026-03-01,Senegal,Sare Yoba,XOF,567.41
11503,2026-04-01,Senegal,Sare Yoba,XOF,571.01
11504,2026-01-01,Senegal,Sedhiou,XOF,558.82
11505,2026-02-01,Senegal,Sedhiou,XOF,554.77
11506,2026-03-01,Senegal,Sedhiou,XOF,567.41
11507,2026-04-01,Senegal,Sedhiou,XOF,571.01
11508,2026-01-01,Senegal,Tambacounda,XOF,558.82
11509,2026-02-01,Senegal,Tambacounda,XOF,554.77
11510,2026-03-01,Senegal,Tambacounda,XOF,567.41
11511,2026-04-01,Senegal,Tambacounda,XOF,571.01
11512,2026-01-01,Senegal,Thiaroye,XOF,558.82
11513,2026-02-01,Senegal,Thiaroye,XOF,554.77
11514,2026-03-01,Senegal,Thiaroye,XOF,567.41
11515,2026-04-01,Senegal,Thiaroye,XOF,571.01
11516,2026-01-01,Senegal,Thies,XOF,558.82
11517,2026-02-01,Senegal,Thies,XOF,554.77
11518,2026-03-01,Senegal,Thies,XOF,567.41
11519,2026-04-01,Senegal,Thies,XOF,571.01
11520,2026-01-01,Senegal,Thille Boubacar,XOF,558.82
11521,2026-02-01,Senegal,Thille Boubacar,XOF,554.77
11522,2026-03-01,Senegal,Thille Boubacar,XOF,567.41
11523,2026-04-01,Senegal,Thille Boubacar,XOF,571.01
11524,2026-01-01,Senegal,Thilmakha,XOF,558.82
11525,2026-02-01,Senegal,Thilmakha,XOF,554.77
11526,2026-03-01,Senegal,Thilmakha,XOF,567.41
11527,2026-04-01,Senegal,Thilmakha,XOF,571.01
11528,2026-01-01,Senegal,Thiodaye,XOF,558.82
11529,2026-02-01,Senegal,Thiodaye,XOF,554.77
11530,2026-03-01,Senegal,Thiodaye,XOF,567.41
11531,2026-04-01,Senegal,Thiodaye,XOF,571.01
11532,2026-01-01,Senegal,Tilene,XOF,558.82
11533,2026-02-01,Senegal,Tilene,XOF,554.77
11534,2026-03-01,Senegal,Tilene,XOF,567.41
11535,2026-04-01,Senegal,Tilene,XOF,571.01
11536,2026-01-01,Senegal,Touba,XOF,558.82
11537,2026-02-01,Senegal,Touba,XOF,554.77
11538,2026-03-01,Senegal,Touba,XOF,567.41
11539,2026-04-01,Senegal,Touba,XOF,571.01
11540,2026-01-01,Senegal,Touba Mourid,XOF,558.82
11541,2026-02-01,Senegal,Touba Mourid,XOF,554.77
11542,2026-03-01,Senegal,Touba Mourid,XOF,567.41
11543,2026-04-01,Senegal,Touba Mourid,XOF,571.01
11544,2026-01-01,Senegal,Touba Toul,XOF,558.82
11545,2026-02-01,Senegal,Touba Toul,XOF,554.77
11546,2026-03-01,Senegal,Touba Toul,XOF,567.41
11547,2026-04-01,Senegal,Touba Toul,XOF,571.01
11548,2026-01-01,Senegal,Velingara,XOF,558.82
11549,2026-02-01,Senegal,Velingara,XOF,554.77
11550,2026-03-01,Senegal,Velingara,XOF,567.41
11551,2026-04-01,Senegal,Velingara,XOF,571.01
11552,2026-01-01,Senegal,Zigiunchor,XOF,558.82
11553,2026-02-01,Senegal,Zigiunchor,XOF,554.77
11554,2026-03-01,Senegal,Zigiunchor,XOF,567.41
11555,2026-04-01,Senegal,Zigiunchor,XOF,571.01
11556,2026-01-01,Senegal,Market Average,XOF,558.82
11557,2026-02-01,Senegal,Market Average,XOF,554.77
11558,2026-03-01,Senegal,Market Average,XOF,567.41
11559,2026-04-01,Senegal,Market Average,XOF,571.01
11560,2026-01-01,Somalia,Afgooye,SOS,31812.27
11561,2026-02-01,Somalia,Afgooye,SOS,32066.2
11562,2026-03-01,Somalia,Afgooye,SOS,32215.08
11563,2026-04-01,Somalia,Afgooye,SOS,32445.28
11564,2026-01-01,Somalia,Afmadow,SOS,31812.27
11565,2026-02-01,Somalia,Afmadow,SOS,32066.2
11566,2026-03-01,Somalia,Afmadow,SOS,32215.08
11567,2026-04-01,Somalia,Afmadow,SOS,32445.28
11568,2026-01-01,Somalia,Baidoa,SOS,31812.27
11569,2026-02-01,Somalia,Baidoa,SOS,32066.2
11570,2026-03-01,Somalia,Baidoa,SOS,32215.08
11571,2026-04-01,Somalia,Baidoa,SOS,32445.28
11572,2026-01-01,Somalia,Bakaara,SOS,31812.27
11573,2026-02-01,Somalia,Bakaara,SOS,32066.2
11574,2026-03-01,Somalia,Bakaara,SOS,32215.08
11575,2026-04-01,Somalia,Bakaara,SOS,32445.28
11576,2026-01-01,Somalia,Balcad,SOS,31812.27
11577,2026-02-01,Somalia,Balcad,SOS,32066.2
11578,2026-03-01,Somalia,Balcad,SOS,32215.08
11579,2026-04-01,Somalia,Balcad,SOS,32445.28
11580,2026-01-01,Somalia,Belet Xaawo,SOS,31812.27
11581,2026-02-01,Somalia,Belet Xaawo,SOS,32066.2
11582,2026-03-01,Somalia,Belet Xaawo,SOS,32215.08
11583,2026-04-01,Somalia,Belet Xaawo,SOS,32445.28
11584,2026-01-01,Somalia,Beletweyne,SOS,31812.27
11585,2026-02-01,Somalia,Beletweyne,SOS,32066.2
11586,2026-03-01,Somalia,Beletweyne,SOS,32215.08
11587,2026-04-01,Somalia,Beletweyne,SOS,32445.28
11588,2026-01-01,Somalia,Berbera,SOS,31812.27
11589,2026-02-01,Somalia,Berbera,SOS,32066.2
11590,2026-03-01,Somalia,Berbera,SOS,32215.08
11591,2026-04-01,Somalia,Berbera,SOS,32445.28
11592,2026-01-01,Somalia,Borama,SOS,31812.27
11593,2026-02-01,Somalia,Borama,SOS,32066.2
11594,2026-03-01,Somalia,Borama,SOS,32215.08
11595,2026-04-01,Somalia,Borama,SOS,32445.28
11596,2026-01-01,Somalia,Bossaso,SOS,31812.27
11597,2026-02-01,Somalia,Bossaso,SOS,32066.2
11598,2026-03-01,Somalia,Bossaso,SOS,32215.08
11599,2026-04-01,Somalia,Bossaso,SOS,32445.28
11600,2026-01-01,Somalia,Buale,SOS,31812.27
11601,2026-02-01,Somalia,Buale,SOS,32066.2
11602,2026-03-01,Somalia,Buale,SOS,32215.08
11603,2026-04-01,Somalia,Buale,SOS,32445.28
11604,2026-01-01,Somalia,Buloburto,SOS,31812.27
11605,2026-02-01,Somalia,Buloburto,SOS,32066.2
11606,2026-03-01,Somalia,Buloburto,SOS,32215.08
11607,2026-04-01,Somalia,Buloburto,SOS,32445.28
11608,2026-01-01,Somalia,Burco,SOS,31812.27
11609,2026-02-01,Somalia,Burco,SOS,32066.2
11610,2026-03-01,Somalia,Burco,SOS,32215.08
11611,2026-04-01,Somalia,Burco,SOS,32445.28
11612,2026-01-01,Somalia,Burtinle,SOS,31812.27
11613,2026-02-01,Somalia,Burtinle,SOS,32066.2
11614,2026-03-01,Somalia,Burtinle,SOS,32215.08
11615,2026-04-01,Somalia,Burtinle,SOS,32445.28
11616,2026-01-01,Somalia,Cabudwaaq,SOS,31812.27
11617,2026-02-01,Somalia,Cabudwaaq,SOS,32066.2
11618,2026-03-01,Somalia,Cabudwaaq,SOS,32215.08
11619,2026-04-01,Somalia,Cabudwaaq,SOS,32445.28
11620,2026-01-01,Somalia,Cadaado,SOS,31812.27
11621,2026-02-01,Somalia,Cadaado,SOS,32066.2
11622,2026-03-01,Somalia,Cadaado,SOS,32215.08
11623,2026-04-01,Somalia,Cadaado,SOS,32445.28
11624,2026-01-01,Somalia,Cadale,SOS,31812.27
11625,2026-02-01,Somalia,Cadale,SOS,32066.2
11626,2026-03-01,Somalia,Cadale,SOS,32215.08
11627,2026-04-01,Somalia,Cadale,SOS,32445.28
11628,2026-01-01,Somalia,Ceel Barde,SOS,31812.27
11629,2026-02-01,Somalia,Ceel Barde,SOS,32066.2
11630,2026-03-01,Somalia,Ceel Barde,SOS,32215.08
11631,2026-04-01,Somalia,Ceel Barde,SOS,32445.28
11632,2026-01-01,Somalia,Ceel Waaq,SOS,31812.27
11633,2026-02-01,Somalia,Ceel Waaq,SOS,32066.2
11634,2026-03-01,Somalia,Ceel Waaq,SOS,32215.08
11635,2026-04-01,Somalia,Ceel Waaq,SOS,32445.28
11636,2026-01-01,Somalia,Ceerigaabo,SOS,31812.27
11637,2026-02-01,Somalia,Ceerigaabo,SOS,32066.2
11638,2026-03-01,Somalia,Ceerigaabo,SOS,32215.08
11639,2026-04-01,Somalia,Ceerigaabo,SOS,32445.28
11640,2026-01-01,Somalia,Dhuusamarreeb,SOS,31812.27
11641,2026-02-01,Somalia,Dhuusamarreeb,SOS,32066.2
11642,2026-03-01,Somalia,Dhuusamarreeb,SOS,32215.08
11643,2026-04-01,Somalia,Dhuusamarreeb,SOS,32445.28
11644,2026-01-01,Somalia,Dinsoor,SOS,31812.27
11645,2026-02-01,Somalia,Dinsoor,SOS,32066.2
11646,2026-03-01,Somalia,Dinsoor,SOS,32215.08
11647,2026-04-01,Somalia,Dinsoor,SOS,32445.28
11648,2026-01-01,Somalia,Doolow,SOS,31812.27
11649,2026-02-01,Somalia,Doolow,SOS,32066.2
11650,2026-03-01,Somalia,Doolow,SOS,32215.08
11651,2026-04-01,Somalia,Doolow,SOS,32445.28
11652,2026-01-01,Somalia,Eyl,SOS,31812.27
11653,2026-02-01,Somalia,Eyl,SOS,32066.2
11654,2026-03-01,Somalia,Eyl,SOS,32215.08
11655,2026-04-01,Somalia,Eyl,SOS,32445.28
11656,2026-01-01,Somalia,Gaalkacyo,SOS,31812.27
11657,2026-02-01,Somalia,Gaalkacyo,SOS,32066.2
11658,2026-03-01,Somalia,Gaalkacyo,SOS,32215.08
11659,2026-04-01,Somalia,Gaalkacyo,SOS,32445.28
11660,2026-01-01,Somalia,Garowe,SOS,31812.27
11661,2026-02-01,Somalia,Garowe,SOS,32066.2
11662,2026-03-01,Somalia,Garowe,SOS,32215.08
11663,2026-04-01,Somalia,Garowe,SOS,32445.28
11664,2026-01-01,Somalia,Hargeysa,SOS,31812.27
11665,2026-02-01,Somalia,Hargeysa,SOS,32066.2
11666,2026-03-01,Somalia,Hargeysa,SOS,32215.08
11667,2026-04-01,Somalia,Hargeysa,SOS,32445.28
11668,2026-01-01,Somalia,Hobyo,SOS,31812.27
11669,2026-02-01,Somalia,Hobyo,SOS,32066.2
11670,2026-03-01,Somalia,Hobyo,SOS,32215.08
11671,2026-04-01,Somalia,Hobyo,SOS,32445.28
11672,2026-01-01,Somalia,Jalalaqsi,SOS,31812.27
11673,2026-02-01,Somalia,Jalalaqsi,SOS,32066.2
11674,2026-03-01,Somalia,Jalalaqsi,SOS,32215.08
11675,2026-04-01,Somalia,Jalalaqsi,SOS,32445.28
11676,2026-01-01,Somalia,Jariiban,SOS,31812.27
11677,2026-02-01,Somalia,Jariiban,SOS,32066.2
11678,2026-03-01,Somalia,Jariiban,SOS,32215.08
11679,2026-04-01,Somalia,Jariiban,SOS,32445.28
11680,2026-01-01,Somalia,Jowhar,SOS,31812.27
11681,2026-02-01,Somalia,Jowhar,SOS,32066.2
11682,2026-03-01,Somalia,Jowhar,SOS,32215.08
11683,2026-04-01,Somalia,Jowhar,SOS,32445.28
11684,2026-01-01,Somalia,Karaan,SOS,31812.27
11685,2026-02-01,Somalia,Karaan,SOS,32066.2
11686,2026-03-01,Somalia,Karaan,SOS,32215.08
11687,2026-04-01,Somalia,Karaan,SOS,32445.28
11688,2026-01-01,Somalia,Kismayo,SOS,31812.27
11689,2026-02-01,Somalia,Kismayo,SOS,32066.2
11690,2026-03-01,Somalia,Kismayo,SOS,32215.08
11691,2026-04-01,Somalia,Kismayo,SOS,32445.28
11692,2026-01-01,Somalia,Laas Caanood,SOS,31812.27
11693,2026-02-01,Somalia,Laas Caanood,SOS,32066.2
11694,2026-03-01,Somalia,Laas Caanood,SOS,32215.08
11695,2026-04-01,Somalia,Laas Caanood,SOS,32445.28
11696,2026-01-01,Somalia,Luuq,SOS,31812.27
11697,2026-02-01,Somalia,Luuq,SOS,32066.2
11698,2026-03-01,Somalia,Luuq,SOS,32215.08
11699,2026-04-01,Somalia,Luuq,SOS,32445.28
11700,2026-01-01,Somalia,Marka (Shabelle Hoose),SOS,31812.27
11701,2026-02-01,Somalia,Marka (Shabelle Hoose),SOS,32066.2
11702,2026-03-01,Somalia,Marka (Shabelle Hoose),SOS,32215.08
11703,2026-04-01,Somalia,Marka (Shabelle Hoose),SOS,32445.28
11704,2026-01-01,Somalia,Qansax Dheere,SOS,31812.27
11705,2026-02-01,Somalia,Qansax Dheere,SOS,32066.2
11706,2026-03-01,Somalia,Qansax Dheere,SOS,32215.08
11707,2026-04-01,Somalia,Qansax Dheere,SOS,32445.28
11708,2026-01-01,Somalia,Qardho,SOS,31812.27
11709,2026-02-01,Somalia,Qardho,SOS,32066.2
11710,2026-03-01,Somalia,Qardho,SOS,32215.08
11711,2026-04-01,Somalia,Qardho,SOS,32445.28
11712,2026-01-01,Somalia,Qorioley,SOS,31812.27
11713,2026-02-01,Somalia,Qorioley,SOS,32066.2
11714,2026-03-01,Somalia,Qorioley,SOS,32215.08
11715,2026-04-01,Somalia,Qorioley,SOS,32445.28
11716,2026-01-01,Somalia,Rab Dhuure,SOS,31812.27
11717,2026-02-01,Somalia,Rab Dhuure,SOS,32066.2
11718,2026-03-01,Somalia,Rab Dhuure,SOS,32215.08
11719,2026-04-01,Somalia,Rab Dhuure,SOS,32445.28
11720,2026-01-01,Somalia,Taleex,SOS,31812.27
11721,2026-02-01,Somalia,Taleex,SOS,32066.2
11722,2026-03-01,Somalia,Taleex,SOS,32215.08
11723,2026-04-01,Somalia,Taleex,SOS,32445.28
11724,2026-01-01,Somalia,Waajid,SOS,31812.27
11725,2026-02-01,Somalia,Waajid,SOS,32066.2
11726,2026-03-01,Somalia,Waajid,SOS,32215.08
11727,2026-04-01,Somalia,Waajid,SOS,32445.28
11728,2026-01-01,Somalia,Wadajir,SOS,31812.27
11729,2026-02-01,Somalia,Wadajir,SOS,32066.2
11730,2026-03-01,Somalia,Wadajir,SOS,32215.08
11731,2026-04-01,Somalia,Wadajir,SOS,32445.28
11732,2026-01-01,Somalia,Xudun,SOS,31812.27
11733,2026-02-01,Somalia,Xudun,SOS,32066.2
11734,2026-03-01,Somalia,Xudun,SOS,32215.08
11735,2026-04-01,Somalia,Xudun,SOS,32445.28
11736,2026-01-01,Somalia,Xudur,SOS,31812.27
11737,2026-02-01,Somalia,Xudur,SOS,32066.2
11738,2026-03-01,Somalia,Xudur,SOS,32215.08
11739,2026-04-01,Somalia,Xudur,SOS,32445.28
11740,2026-01-01,Somalia,Market Average,SOS,31812.27
11741,2026-02-01,Somalia,Market Average,SOS,32066.2
11742,2026-03-01,Somalia,Market Average,SOS,32215.08
11743,2026-04-01,Somalia,Market Average,SOS,32445.28
11744,2026-01-01,South Sudan,Abyei,SSP,5604.64
11745,2026-02-01,South Sudan,Abyei,SSP,5685.51
11746,2026-03-01,South Sudan,Abyei,SSP,5771.15
11747,2026-04-01,South Sudan,Abyei,SSP,5865.8
11748,2026-01-01,South Sudan,Ajoung Thok,SSP,5604.64
11749,2026-02-01,South Sudan,Ajoung Thok,SSP,5685.51
11750,2026-03-01,South Sudan,Ajoung Thok,SSP,5771.15
11751,2026-04-01,South Sudan,Ajoung Thok,SSP,5865.8
11752,2026-01-01,South Sudan,Akobo,SSP,5604.64
11753,2026-02-01,South Sudan,Akobo,SSP,5685.51
11754,2026-03-01,South Sudan,Akobo,SSP,5771.15
11755,2026-04-01,South Sudan,Akobo,SSP,5865.8
11756,2026-01-01,South Sudan,Aniet,SSP,5604.64
11757,2026-02-01,South Sudan,Aniet,SSP,5685.51
11758,2026-03-01,South Sudan,Aniet,SSP,5771.15
11759,2026-04-01,South Sudan,Aniet,SSP,5865.8
11760,2026-01-01,South Sudan,Aweil Town,SSP,5604.64
11761,2026-02-01,South Sudan,Aweil Town,SSP,5685.51
11762,2026-03-01,South Sudan,Aweil Town,SSP,5771.15
11763,2026-04-01,South Sudan,Aweil Town,SSP,5865.8
11764,2026-01-01,South Sudan,Bentiu,SSP,5604.64
11765,2026-02-01,South Sudan,Bentiu,SSP,5685.51
11766,2026-03-01,South Sudan,Bentiu,SSP,5771.15
11767,2026-04-01,South Sudan,Bentiu,SSP,5865.8
11768,2026-01-01,South Sudan,Bor,SSP,5604.64
11769,2026-02-01,South Sudan,Bor,SSP,5685.51
11770,2026-03-01,South Sudan,Bor,SSP,5771.15
11771,2026-04-01,South Sudan,Bor,SSP,5865.8
11772,2026-01-01,South Sudan,Bunj,SSP,5604.64
11773,2026-02-01,South Sudan,Bunj,SSP,5685.51
11774,2026-03-01,South Sudan,Bunj,SSP,5771.15
11775,2026-04-01,South Sudan,Bunj,SSP,5865.8
11776,2026-01-01,South Sudan,Chukudum,SSP,5604.64
11777,2026-02-01,South Sudan,Chukudum,SSP,5685.51
11778,2026-03-01,South Sudan,Chukudum,SSP,5771.15
11779,2026-04-01,South Sudan,Chukudum,SSP,5865.8
11780,2026-01-01,South Sudan,Gokmachar,SSP,5604.64
11781,2026-02-01,South Sudan,Gokmachar,SSP,5685.51
11782,2026-03-01,South Sudan,Gokmachar,SSP,5771.15
11783,2026-04-01,South Sudan,Gokmachar,SSP,5865.8
11784,2026-01-01,South Sudan,Gorom,SSP,5604.64
11785,2026-02-01,South Sudan,Gorom,SSP,5685.51
11786,2026-03-01,South Sudan,Gorom,SSP,5771.15
11787,2026-04-01,South Sudan,Gorom,SSP,5865.8
11788,2026-01-01,South Sudan,Jau,SSP,5604.64
11789,2026-02-01,South Sudan,Jau,SSP,5685.51
11790,2026-03-01,South Sudan,Jau,SSP,5771.15
11791,2026-04-01,South Sudan,Jau,SSP,5865.8
11792,2026-01-01,South Sudan,Kapoeta South,SSP,5604.64
11793,2026-02-01,South Sudan,Kapoeta South,SSP,5685.51
11794,2026-03-01,South Sudan,Kapoeta South,SSP,5771.15
11795,2026-04-01,South Sudan,Kapoeta South,SSP,5865.8
11796,2026-01-01,South Sudan,Kodok,SSP,5604.64
11797,2026-02-01,South Sudan,Kodok,SSP,5685.51
11798,2026-03-01,South Sudan,Kodok,SSP,5771.15
11799,2026-04-01,South Sudan,Kodok,SSP,5865.8
11800,2026-01-01,South Sudan,Konyokonyo,SSP,5604.64
11801,2026-02-01,South Sudan,Konyokonyo,SSP,5685.51
11802,2026-03-01,South Sudan,Konyokonyo,SSP,5771.15
11803,2026-04-01,South Sudan,Konyokonyo,SSP,5865.8
11804,2026-01-01,South Sudan,Kuajok,SSP,5604.64
11805,2026-02-01,South Sudan,Kuajok,SSP,5685.51
11806,2026-03-01,South Sudan,Kuajok,SSP,5771.15
11807,2026-04-01,South Sudan,Kuajok,SSP,5865.8
11808,2026-01-01,South Sudan,Makpandu,SSP,5604.64
11809,2026-02-01,South Sudan,Makpandu,SSP,5685.51
11810,2026-03-01,South Sudan,Makpandu,SSP,5771.15
11811,2026-04-01,South Sudan,Makpandu,SSP,5865.8
11812,2026-01-01,South Sudan,Malakal,SSP,5604.64
11813,2026-02-01,South Sudan,Malakal,SSP,5685.51
11814,2026-03-01,South Sudan,Malakal,SSP,5771.15
11815,2026-04-01,South Sudan,Malakal,SSP,5865.8
11816,2026-01-01,South Sudan,Malek Alel,SSP,5604.64
11817,2026-02-01,South Sudan,Malek Alel,SSP,5685.51
11818,2026-03-01,South Sudan,Malek Alel,SSP,5771.15
11819,2026-04-01,South Sudan,Malek Alel,SSP,5865.8
11820,2026-01-01,South Sudan,Melut,SSP,5604.64
11821,2026-02-01,South Sudan,Melut,SSP,5685.51
11822,2026-03-01,South Sudan,Melut,SSP,5771.15
11823,2026-04-01,South Sudan,Melut,SSP,5865.8
11824,2026-01-01,South Sudan,Minkaman,SSP,5604.64
11825,2026-02-01,South Sudan,Minkaman,SSP,5685.51
11826,2026-03-01,South Sudan,Minkaman,SSP,5771.15
11827,2026-04-01,South Sudan,Minkaman,SSP,5865.8
11828,2026-01-01,South Sudan,Nyamlel,SSP,5604.64
11829,2026-02-01,South Sudan,Nyamlel,SSP,5685.51
11830,2026-03-01,South Sudan,Nyamlel,SSP,5771.15
11831,2026-04-01,South Sudan,Nyamlel,SSP,5865.8
11832,2026-01-01,South Sudan,Old Fangak,SSP,5604.64
11833,2026-02-01,South Sudan,Old Fangak,SSP,5685.51
11834,2026-03-01,South Sudan,Old Fangak,SSP,5771.15
11835,2026-04-01,South Sudan,Old Fangak,SSP,5865.8
11836,2026-01-01,South Sudan,Padiet,SSP,5604.64
11837,2026-02-01,South Sudan,Padiet,SSP,5685.51
11838,2026-03-01,South Sudan,Padiet,SSP,5771.15
11839,2026-04-01,South Sudan,Padiet,SSP,5865.8
11840,2026-01-01,South Sudan,Pamir,SSP,5604.64
11841,2026-02-01,South Sudan,Pamir,SSP,5685.51
11842,2026-03-01,South Sudan,Pamir,SSP,5771.15
11843,2026-04-01,South Sudan,Pamir,SSP,5865.8
11844,2026-01-01,South Sudan,Pariang,SSP,5604.64
11845,2026-02-01,South Sudan,Pariang,SSP,5685.51
11846,2026-03-01,South Sudan,Pariang,SSP,5771.15
11847,2026-04-01,South Sudan,Pariang,SSP,5865.8
11848,2026-01-01,South Sudan,Pibor,SSP,5604.64
11849,2026-02-01,South Sudan,Pibor,SSP,5685.51
11850,2026-03-01,South Sudan,Pibor,SSP,5771.15
11851,2026-04-01,South Sudan,Pibor,SSP,5865.8
11852,2026-01-01,South Sudan,Rubkona,SSP,5604.64
11853,2026-02-01,South Sudan,Rubkona,SSP,5685.51
11854,2026-03-01,South Sudan,Rubkona,SSP,5771.15
11855,2026-04-01,South Sudan,Rubkona,SSP,5865.8
11856,2026-01-01,South Sudan,Rumbek,SSP,5604.64
11857,2026-02-01,South Sudan,Rumbek,SSP,5685.51
11858,2026-03-01,South Sudan,Rumbek,SSP,5771.15
11859,2026-04-01,South Sudan,Rumbek,SSP,5865.8
11860,2026-01-01,South Sudan,Suk Shabi,SSP,5604.64
11861,2026-02-01,South Sudan,Suk Shabi,SSP,5685.51
11862,2026-03-01,South Sudan,Suk Shabi,SSP,5771.15
11863,2026-04-01,South Sudan,Suk Shabi,SSP,5865.8
11864,2026-01-01,South Sudan,Tonj,SSP,5604.64
11865,2026-02-01,South Sudan,Tonj,SSP,5685.51
11866,2026-03-01,South Sudan,Tonj,SSP,5771.15
11867,2026-04-01,South Sudan,Tonj,SSP,5865.8
11868,2026-01-01,South Sudan,Torit,SSP,5604.64
11869,2026-02-01,South Sudan,Torit,SSP,5685.51
11870,2026-03-01,South Sudan,Torit,SSP,5771.15
11871,2026-04-01,South Sudan,Torit,SSP,5865.8
11872,2026-01-01,South Sudan,Wanjok,SSP,5604.64
11873,2026-02-01,South Sudan,Wanjok,SSP,5685.51
11874,2026-03-01,South Sudan,Wanjok,SSP,5771.15
11875,2026-04-01,South Sudan,Wanjok,SSP,5865.8
11876,2026-01-01,South Sudan,Warrap,SSP,5604.64
11877,2026-02-01,South Sudan,Warrap,SSP,5685.51
11878,2026-03-01,South Sudan,Warrap,SSP,5771.15
11879,2026-04-01,South Sudan,Warrap,SSP,5865.8
11880,2026-01-01,South Sudan,Wunrok,SSP,5604.64
11881,2026-02-01,South Sudan,Wunrok,SSP,5685.51
11882,2026-03-01,South Sudan,Wunrok,SSP,5771.15
11883,2026-04-01,South Sudan,Wunrok,SSP,5865.8
11884,2026-01-01,South Sudan,Yambio,SSP,5604.64
11885,2026-02-01,South Sudan,Yambio,SSP,5685.51
11886,2026-03-01,South Sudan,Yambio,SSP,5771.15
11887,2026-04-01,South Sudan,Yambio,SSP,5865.8
11888,2026-01-01,South Sudan,Yida,SSP,5604.64
11889,2026-02-01,South Sudan,Yida,SSP,5685.51
11890,2026-03-01,South Sudan,Yida,SSP,5771.15
11891,2026-04-01,South Sudan,Yida,SSP,5865.8
11892,2026-01-01,South Sudan,Yuai,SSP,5604.64
11893,2026-02-01,South Sudan,Yuai,SSP,5685.51
11894,2026-03-01,South Sudan,Yuai,SSP,5771.15
11895,2026-04-01,South Sudan,Yuai,SSP,5865.8
11896,2026-01-01,South Sudan,Market Average,SSP,5604.64
11897,2026-02-01,South Sudan,Market Average,SSP,5685.51
11898,2026-03-01,South Sudan,Market Average,SSP,5771.15
11899,2026-04-01,South Sudan,Market Average,SSP,5865.8
11900,2026-01-01,Chad,Abdi,XAF,558.82
11901,2026-02-01,Chad,Abdi,XAF,554.77
11902,2026-03-01,Chad,Abdi,XAF,567.41
11903,2026-04-01,Chad,Abdi,XAF,571.14
11904,2026-01-01,Chad,Abeche,XAF,558.82
11905,2026-02-01,Chad,Abeche,XAF,554.77
11906,2026-03-01,Chad,Abeche,XAF,567.41
11907,2026-04-01,Chad,Abeche,XAF,571.14
11908,2026-01-01,Chad,Aboudeia,XAF,558.82
11909,2026-02-01,Chad,Aboudeia,XAF,554.77
11910,2026-03-01,Chad,Aboudeia,XAF,567.41
11911,2026-04-01,Chad,Aboudeia,XAF,571.14
11912,2026-01-01,Chad,Adre,XAF,558.82
11913,2026-02-01,Chad,Adre,XAF,554.77
11914,2026-03-01,Chad,Adre,XAF,567.41
11915,2026-04-01,Chad,Adre,XAF,571.14
11916,2026-01-01,Chad,Am Timan,XAF,558.82
11917,2026-02-01,Chad,Am Timan,XAF,554.77
11918,2026-03-01,Chad,Am Timan,XAF,567.41
11919,2026-04-01,Chad,Am Timan,XAF,571.14
11920,2026-01-01,Chad,Am-Zoer,XAF,558.82
11921,2026-02-01,Chad,Am-Zoer,XAF,554.77
11922,2026-03-01,Chad,Am-Zoer,XAF,567.41
11923,2026-04-01,Chad,Am-Zoer,XAF,571.14
11924,2026-01-01,Chad,Amdam,XAF,558.82
11925,2026-02-01,Chad,Amdam,XAF,554.77
11926,2026-03-01,Chad,Amdam,XAF,567.41
11927,2026-04-01,Chad,Amdam,XAF,571.14
11928,2026-01-01,Chad,Amdjarass,XAF,558.82
11929,2026-02-01,Chad,Amdjarass,XAF,554.77
11930,2026-03-01,Chad,Amdjarass,XAF,567.41
11931,2026-04-01,Chad,Amdjarass,XAF,571.14
11932,2026-01-01,Chad,Ati,XAF,558.82
11933,2026-02-01,Chad,Ati,XAF,554.77
11934,2026-03-01,Chad,Ati,XAF,567.41
11935,2026-04-01,Chad,Ati,XAF,571.14
11936,2026-01-01,Chad,Bagassola,XAF,558.82
11937,2026-02-01,Chad,Bagassola,XAF,554.77
11938,2026-03-01,Chad,Bagassola,XAF,567.41
11939,2026-04-01,Chad,Bagassola,XAF,571.14
11940,2026-01-01,Chad,Bardai,XAF,558.82
11941,2026-02-01,Chad,Bardai,XAF,554.77
11942,2026-03-01,Chad,Bardai,XAF,567.41
11943,2026-04-01,Chad,Bardai,XAF,571.14
11944,2026-01-01,Chad,Bebedja,XAF,558.82
11945,2026-02-01,Chad,Bebedja,XAF,554.77
11946,2026-03-01,Chad,Bebedja,XAF,567.41
11947,2026-04-01,Chad,Bebedja,XAF,571.14
11948,2026-01-01,Chad,Beboto,XAF,558.82
11949,2026-02-01,Chad,Beboto,XAF,554.77
11950,2026-03-01,Chad,Beboto,XAF,567.41
11951,2026-04-01,Chad,Beboto,XAF,571.14
11952,2026-01-01,Chad,Bedjondo,XAF,558.82
11953,2026-02-01,Chad,Bedjondo,XAF,554.77
11954,2026-03-01,Chad,Bedjondo,XAF,567.41
11955,2026-04-01,Chad,Bedjondo,XAF,571.14
11956,2026-01-01,Chad,Benoye,XAF,558.82
11957,2026-02-01,Chad,Benoye,XAF,554.77
11958,2026-03-01,Chad,Benoye,XAF,567.41
11959,2026-04-01,Chad,Benoye,XAF,571.14
11960,2026-01-01,Chad,Bere,XAF,558.82
11961,2026-02-01,Chad,Bere,XAF,554.77
11962,2026-03-01,Chad,Bere,XAF,567.41
11963,2026-04-01,Chad,Bere,XAF,571.14
11964,2026-01-01,Chad,Biltine,XAF,558.82
11965,2026-02-01,Chad,Biltine,XAF,554.77
11966,2026-03-01,Chad,Biltine,XAF,567.41
11967,2026-04-01,Chad,Biltine,XAF,571.14
11968,2026-01-01,Chad,Binder,XAF,558.82
11969,2026-02-01,Chad,Binder,XAF,554.77
11970,2026-03-01,Chad,Binder,XAF,567.41
11971,2026-04-01,Chad,Binder,XAF,571.14
11972,2026-01-01,Chad,Bitkine,XAF,558.82
11973,2026-02-01,Chad,Bitkine,XAF,554.77
11974,2026-03-01,Chad,Bitkine,XAF,567.41
11975,2026-04-01,Chad,Bitkine,XAF,571.14
11976,2026-01-01,Chad,Bodo,XAF,558.82
11977,2026-02-01,Chad,Bodo,XAF,554.77
11978,2026-03-01,Chad,Bodo,XAF,567.41
11979,2026-04-01,Chad,Bodo,XAF,571.14
11980,2026-01-01,Chad,Bokoro,XAF,558.82
11981,2026-02-01,Chad,Bokoro,XAF,554.77
11982,2026-03-01,Chad,Bokoro,XAF,567.41
11983,2026-04-01,Chad,Bokoro,XAF,571.14
11984,2026-01-01,Chad,Bol,XAF,558.82
11985,2026-02-01,Chad,Bol,XAF,554.77
11986,2026-03-01,Chad,Bol,XAF,567.41
11987,2026-04-01,Chad,Bol,XAF,571.14
11988,2026-01-01,Chad,Bongor,XAF,558.82
11989,2026-02-01,Chad,Bongor,XAF,554.77
11990,2026-03-01,Chad,Bongor,XAF,567.41
11991,2026-04-01,Chad,Bongor,XAF,571.14
11992,2026-01-01,Chad,Bousso,XAF,558.82
11993,2026-02-01,Chad,Bousso,XAF,554.77
11994,2026-03-01,Chad,Bousso,XAF,567.41
11995,2026-04-01,Chad,Bousso,XAF,571.14
11996,2026-01-01,Chad,Danamadji,XAF,558.82
11997,2026-02-01,Chad,Danamadji,XAF,554.77
11998,2026-03-01,Chad,Danamadji,XAF,567.41
11999,2026-04-01,Chad,Danamadji,XAF,571.14
12000,2026-01-01,Chad,Dembe,XAF,558.82
12001,2026-02-01,Chad,Dembe,XAF,554.77
12002,2026-03-01,Chad,Dembe,XAF,567.41
12003,2026-04-01,Chad,Dembe,XAF,571.14
12004,2026-01-01,Chad,Doba,XAF,558.82
12005,2026-02-01,Chad,Doba,XAF,554.77
12006,2026-03-01,Chad,Doba,XAF,567.41
12007,2026-04-01,Chad,Doba,XAF,571.14
12008,2026-01-01,Chad,Dourbali,XAF,558.82
12009,2026-02-01,Chad,Dourbali,XAF,554.77
12010,2026-03-01,Chad,Dourbali,XAF,567.41
12011,2026-04-01,Chad,Dourbali,XAF,571.14
12012,2026-01-01,Chad,Fada,XAF,558.82
12013,2026-02-01,Chad,Fada,XAF,554.77
12014,2026-03-01,Chad,Fada,XAF,567.41
12015,2026-04-01,Chad,Fada,XAF,571.14
12016,2026-01-01,Chad,Faya,XAF,558.82
12017,2026-02-01,Chad,Faya,XAF,554.77
12018,2026-03-01,Chad,Faya,XAF,567.41
12019,2026-04-01,Chad,Faya,XAF,571.14
12020,2026-01-01,Chad,Fianga,XAF,558.82
12021,2026-02-01,Chad,Fianga,XAF,554.77
12022,2026-03-01,Chad,Fianga,XAF,567.41
12023,2026-04-01,Chad,Fianga,XAF,571.14
12024,2026-01-01,Chad,Gore,XAF,558.82
12025,2026-02-01,Chad,Gore,XAF,554.77
12026,2026-03-01,Chad,Gore,XAF,567.41
12027,2026-04-01,Chad,Gore,XAF,571.14
12028,2026-01-01,Chad,Goz Beida,XAF,558.82
12029,2026-02-01,Chad,Goz Beida,XAF,554.77
12030,2026-03-01,Chad,Goz Beida,XAF,567.41
12031,2026-04-01,Chad,Goz Beida,XAF,571.14
12032,2026-01-01,Chad,Gueledeng,XAF,558.82
12033,2026-02-01,Chad,Gueledeng,XAF,554.77
12034,2026-03-01,Chad,Gueledeng,XAF,567.41
12035,2026-04-01,Chad,Gueledeng,XAF,571.14
12036,2026-01-01,Chad,Guereda,XAF,558.82
12037,2026-02-01,Chad,Guereda,XAF,554.77
12038,2026-03-01,Chad,Guereda,XAF,567.41
12039,2026-04-01,Chad,Guereda,XAF,571.14
12040,2026-01-01,Chad,Haraze Mangueigne,XAF,558.82
12041,2026-02-01,Chad,Haraze Mangueigne,XAF,554.77
12042,2026-03-01,Chad,Haraze Mangueigne,XAF,567.41
12043,2026-04-01,Chad,Haraze Mangueigne,XAF,571.14
12044,2026-01-01,Chad,Iriba,XAF,558.82
12045,2026-02-01,Chad,Iriba,XAF,554.77
12046,2026-03-01,Chad,Iriba,XAF,567.41
12047,2026-04-01,Chad,Iriba,XAF,571.14
12048,2026-01-01,Chad,Kalait,XAF,558.82
12049,2026-02-01,Chad,Kalait,XAF,554.77
12050,2026-03-01,Chad,Kalait,XAF,567.41
12051,2026-04-01,Chad,Kalait,XAF,571.14
12052,2026-01-01,Chad,Kélo,XAF,558.82
12053,2026-02-01,Chad,Kélo,XAF,554.77
12054,2026-03-01,Chad,Kélo,XAF,567.41
12055,2026-04-01,Chad,Kélo,XAF,571.14
12056,2026-01-01,Chad,Koumra,XAF,558.82
12057,2026-02-01,Chad,Koumra,XAF,554.77
12058,2026-03-01,Chad,Koumra,XAF,567.41
12059,2026-04-01,Chad,Koumra,XAF,571.14
12060,2026-01-01,Chad,Krim Krim,XAF,558.82
12061,2026-02-01,Chad,Krim Krim,XAF,554.77
12062,2026-03-01,Chad,Krim Krim,XAF,567.41
12063,2026-04-01,Chad,Krim Krim,XAF,571.14
12064,2026-01-01,Chad,Kyabe,XAF,558.82
12065,2026-02-01,Chad,Kyabe,XAF,554.77
12066,2026-03-01,Chad,Kyabe,XAF,567.41
12067,2026-04-01,Chad,Kyabe,XAF,571.14
12068,2026-01-01,Chad,Laï,XAF,558.82
12069,2026-02-01,Chad,Laï,XAF,554.77
12070,2026-03-01,Chad,Laï,XAF,567.41
12071,2026-04-01,Chad,Laï,XAF,571.14
12072,2026-01-01,Chad,Lere,XAF,558.82
12073,2026-02-01,Chad,Lere,XAF,554.77
12074,2026-03-01,Chad,Lere,XAF,567.41
12075,2026-04-01,Chad,Lere,XAF,571.14
12076,2026-01-01,Chad,Mandelia,XAF,558.82
12077,2026-02-01,Chad,Mandelia,XAF,554.77
12078,2026-03-01,Chad,Mandelia,XAF,567.41
12079,2026-04-01,Chad,Mandelia,XAF,571.14
12080,2026-01-01,Chad,Mangalme,XAF,558.82
12081,2026-02-01,Chad,Mangalme,XAF,554.77
12082,2026-03-01,Chad,Mangalme,XAF,567.41
12083,2026-04-01,Chad,Mangalme,XAF,571.14
12084,2026-01-01,Chad,Mao,XAF,558.82
12085,2026-02-01,Chad,Mao,XAF,554.77
12086,2026-03-01,Chad,Mao,XAF,567.41
12087,2026-04-01,Chad,Mao,XAF,571.14
12088,2026-01-01,Chad,Maro,XAF,558.82
12089,2026-02-01,Chad,Maro,XAF,554.77
12090,2026-03-01,Chad,Maro,XAF,567.41
12091,2026-04-01,Chad,Maro,XAF,571.14
12092,2026-01-01,Chad,Massaguet,XAF,558.82
12093,2026-02-01,Chad,Massaguet,XAF,554.77
12094,2026-03-01,Chad,Massaguet,XAF,567.41
12095,2026-04-01,Chad,Massaguet,XAF,571.14
12096,2026-01-01,Chad,Massakory,XAF,558.82
12097,2026-02-01,Chad,Massakory,XAF,554.77
12098,2026-03-01,Chad,Massakory,XAF,567.41
12099,2026-04-01,Chad,Massakory,XAF,571.14
12100,2026-01-01,Chad,Massenya,XAF,558.82
12101,2026-02-01,Chad,Massenya,XAF,554.77
12102,2026-03-01,Chad,Massenya,XAF,567.41
12103,2026-04-01,Chad,Massenya,XAF,571.14
12104,2026-01-01,Chad,Mbaïbokoum,XAF,558.82
12105,2026-02-01,Chad,Mbaïbokoum,XAF,554.77
12106,2026-03-01,Chad,Mbaïbokoum,XAF,567.41
12107,2026-04-01,Chad,Mbaïbokoum,XAF,571.14
12108,2026-01-01,Chad,Mbaïnamar,XAF,558.82
12109,2026-02-01,Chad,Mbaïnamar,XAF,554.77
12110,2026-03-01,Chad,Mbaïnamar,XAF,567.41
12111,2026-04-01,Chad,Mbaïnamar,XAF,571.14
12112,2026-01-01,Chad,Melfi,XAF,558.82
12113,2026-02-01,Chad,Melfi,XAF,554.77
12114,2026-03-01,Chad,Melfi,XAF,567.41
12115,2026-04-01,Chad,Melfi,XAF,571.14
12116,2026-01-01,Chad,Moissala,XAF,558.82
12117,2026-02-01,Chad,Moissala,XAF,554.77
12118,2026-03-01,Chad,Moissala,XAF,567.41
12119,2026-04-01,Chad,Moissala,XAF,571.14
12120,2026-01-01,Chad,Mondo,XAF,558.82
12121,2026-02-01,Chad,Mondo,XAF,554.77
12122,2026-03-01,Chad,Mondo,XAF,567.41
12123,2026-04-01,Chad,Mondo,XAF,571.14
12124,2026-01-01,Chad,Mongo,XAF,558.82
12125,2026-02-01,Chad,Mongo,XAF,554.77
12126,2026-03-01,Chad,Mongo,XAF,567.41
12127,2026-04-01,Chad,Mongo,XAF,571.14
12128,2026-01-01,Chad,Moundou,XAF,558.82
12129,2026-02-01,Chad,Moundou,XAF,554.77
12130,2026-03-01,Chad,Moundou,XAF,567.41
12131,2026-04-01,Chad,Moundou,XAF,571.14
12132,2026-01-01,Chad,Moussoro,XAF,558.82
12133,2026-02-01,Chad,Moussoro,XAF,554.77
12134,2026-03-01,Chad,Moussoro,XAF,567.41
12135,2026-04-01,Chad,Moussoro,XAF,571.14
12136,2026-01-01,Chad,N'djamena (Atrone),XAF,558.82
12137,2026-02-01,Chad,N'djamena (Atrone),XAF,554.77
12138,2026-03-01,Chad,N'djamena (Atrone),XAF,567.41
12139,2026-04-01,Chad,N'djamena (Atrone),XAF,571.14
12140,2026-01-01,Chad,Ndjamena,XAF,558.82
12141,2026-02-01,Chad,Ndjamena,XAF,554.77
12142,2026-03-01,Chad,Ndjamena,XAF,567.41
12143,2026-04-01,Chad,Ndjamena,XAF,571.14
12144,2026-01-01,Chad,Ndjamena (Marche A Mil),XAF,558.82
12145,2026-02-01,Chad,Ndjamena (Marche A Mil),XAF,554.77
12146,2026-03-01,Chad,Ndjamena (Marche A Mil),XAF,567.41
12147,2026-04-01,Chad,Ndjamena (Marche A Mil),XAF,571.14
12148,2026-01-01,Chad,Ngouri,XAF,558.82
12149,2026-02-01,Chad,Ngouri,XAF,554.77
12150,2026-03-01,Chad,Ngouri,XAF,567.41
12151,2026-04-01,Chad,Ngouri,XAF,571.14
12152,2026-01-01,Chad,Nokou,XAF,558.82
12153,2026-02-01,Chad,Nokou,XAF,554.77
12154,2026-03-01,Chad,Nokou,XAF,567.41
12155,2026-04-01,Chad,Nokou,XAF,571.14
12156,2026-01-01,Chad,Oum Hadjer,XAF,558.82
12157,2026-02-01,Chad,Oum Hadjer,XAF,554.77
12158,2026-03-01,Chad,Oum Hadjer,XAF,567.41
12159,2026-04-01,Chad,Oum Hadjer,XAF,571.14
12160,2026-01-01,Chad,Oumhadjer,XAF,558.82
12161,2026-02-01,Chad,Oumhadjer,XAF,554.77
12162,2026-03-01,Chad,Oumhadjer,XAF,567.41
12163,2026-04-01,Chad,Oumhadjer,XAF,571.14
12164,2026-01-01,Chad,Pala,XAF,558.82
12165,2026-02-01,Chad,Pala,XAF,554.77
12166,2026-03-01,Chad,Pala,XAF,567.41
12167,2026-04-01,Chad,Pala,XAF,571.14
12168,2026-01-01,Chad,Peni,XAF,558.82
12169,2026-02-01,Chad,Peni,XAF,554.77
12170,2026-03-01,Chad,Peni,XAF,567.41
12171,2026-04-01,Chad,Peni,XAF,571.14
12172,2026-01-01,Chad,Pont Karol,XAF,558.82
12173,2026-02-01,Chad,Pont Karol,XAF,554.77
12174,2026-03-01,Chad,Pont Karol,XAF,567.41
12175,2026-04-01,Chad,Pont Karol,XAF,571.14
12176,2026-01-01,Chad,Sarh,XAF,558.82
12177,2026-02-01,Chad,Sarh,XAF,554.77
12178,2026-03-01,Chad,Sarh,XAF,567.41
12179,2026-04-01,Chad,Sarh,XAF,571.14
12180,2026-01-01,Chad,Sido,XAF,558.82
12181,2026-02-01,Chad,Sido,XAF,554.77
12182,2026-03-01,Chad,Sido,XAF,567.41
12183,2026-04-01,Chad,Sido,XAF,571.14
12184,2026-01-01,Chad,Yao,XAF,558.82
12185,2026-02-01,Chad,Yao,XAF,554.77
12186,2026-03-01,Chad,Yao,XAF,567.41
12187,2026-04-01,Chad,Yao,XAF,571.14
12188,2026-01-01,Chad,Zouar,XAF,558.82
12189,2026-02-01,Chad,Zouar,XAF,554.77
12190,2026-03-01,Chad,Zouar,XAF,567.41
12191,2026-04-01,Chad,Zouar,XAF,571.14
12192,2026-01-01,Chad,Market Average,XAF,558.82
12193,2026-02-01,Chad,Market Average,XAF,554.77
12194,2026-03-01,Chad,Market Average,XAF,567.41
12195,2026-04-01,Chad,Market Average,XAF,571.14
12196,2026-01-01,Uganda,Adjumani (refugee settlement),UGX,3562.14
12197,2026-02-01,Uganda,Adjumani (refugee settlement),UGX,3568.23
12198,2026-03-01,Uganda,Adjumani (refugee settlement),UGX,3728.7
12199,2026-04-01,Uganda,Adjumani (refugee settlement),UGX,3792.79
12200,2026-01-01,Uganda,Arua,UGX,3562.14
12201,2026-02-01,Uganda,Arua,UGX,3568.23
12202,2026-03-01,Uganda,Arua,UGX,3728.7
12203,2026-04-01,Uganda,Arua,UGX,3792.79
12204,2026-01-01,Uganda,Bidibidi (refugee settlement),UGX,3562.14
12205,2026-02-01,Uganda,Bidibidi (refugee settlement),UGX,3568.23
12206,2026-03-01,Uganda,Bidibidi (refugee settlement),UGX,3728.7
12207,2026-04-01,Uganda,Bidibidi (refugee settlement),UGX,3792.79
12208,2026-01-01,Uganda,Busia,UGX,3562.14
12209,2026-02-01,Uganda,Busia,UGX,3568.23
12210,2026-03-01,Uganda,Busia,UGX,3728.7
12211,2026-04-01,Uganda,Busia,UGX,3792.79
12212,2026-01-01,Uganda,Fort Portal,UGX,3562.14
12213,2026-02-01,Uganda,Fort Portal,UGX,3568.23
12214,2026-03-01,Uganda,Fort Portal,UGX,3728.7
12215,2026-04-01,Uganda,Fort Portal,UGX,3792.79
12216,2026-01-01,Uganda,Gulu,UGX,3562.14
12217,2026-02-01,Uganda,Gulu,UGX,3568.23
12218,2026-03-01,Uganda,Gulu,UGX,3728.7
12219,2026-04-01,Uganda,Gulu,UGX,3792.79
12220,2026-01-01,Uganda,Hoima,UGX,3562.14
12221,2026-02-01,Uganda,Hoima,UGX,3568.23
12222,2026-03-01,Uganda,Hoima,UGX,3728.7
12223,2026-04-01,Uganda,Hoima,UGX,3792.79
12224,2026-01-01,Uganda,Iganga,UGX,3562.14
12225,2026-02-01,Uganda,Iganga,UGX,3568.23
12226,2026-03-01,Uganda,Iganga,UGX,3728.7
12227,2026-04-01,Uganda,Iganga,UGX,3792.79
12228,2026-01-01,Uganda,Imvepi (refugee settlement),UGX,3562.14
12229,2026-02-01,Uganda,Imvepi (refugee settlement),UGX,3568.23
12230,2026-03-01,Uganda,Imvepi (refugee settlement),UGX,3728.7
12231,2026-04-01,Uganda,Imvepi (refugee settlement),UGX,3792.79
12232,2026-01-01,Uganda,Jinja,UGX,3562.14
12233,2026-02-01,Uganda,Jinja,UGX,3568.23
12234,2026-03-01,Uganda,Jinja,UGX,3728.7
12235,2026-04-01,Uganda,Jinja,UGX,3792.79
12236,2026-01-01,Uganda,Kaabong,UGX,3562.14
12237,2026-02-01,Uganda,Kaabong,UGX,3568.23
12238,2026-03-01,Uganda,Kaabong,UGX,3728.7
12239,2026-04-01,Uganda,Kaabong,UGX,3792.79
12240,2026-01-01,Uganda,Kabale,UGX,3562.14
12241,2026-02-01,Uganda,Kabale,UGX,3568.23
12242,2026-03-01,Uganda,Kabale,UGX,3728.7
12243,2026-04-01,Uganda,Kabale,UGX,3792.79
12244,2026-01-01,Uganda,Kapchorwa,UGX,3562.14
12245,2026-02-01,Uganda,Kapchorwa,UGX,3568.23
12246,2026-03-01,Uganda,Kapchorwa,UGX,3728.7
12247,2026-04-01,Uganda,Kapchorwa,UGX,3792.79
12248,2026-01-01,Uganda,Karenga,UGX,3562.14
12249,2026-02-01,Uganda,Karenga,UGX,3568.23
12250,2026-03-01,Uganda,Karenga,UGX,3728.7
12251,2026-04-01,Uganda,Karenga,UGX,3792.79
12252,2026-01-01,Uganda,Karita,UGX,3562.14
12253,2026-02-01,Uganda,Karita,UGX,3568.23
12254,2026-03-01,Uganda,Karita,UGX,3728.7
12255,2026-04-01,Uganda,Karita,UGX,3792.79
12256,2026-01-01,Uganda,Kasese,UGX,3562.14
12257,2026-02-01,Uganda,Kasese,UGX,3568.23
12258,2026-03-01,Uganda,Kasese,UGX,3728.7
12259,2026-04-01,Uganda,Kasese,UGX,3792.79
12260,2026-01-01,Uganda,Kiboga,UGX,3562.14
12261,2026-02-01,Uganda,Kiboga,UGX,3568.23
12262,2026-03-01,Uganda,Kiboga,UGX,3728.7
12263,2026-04-01,Uganda,Kiboga,UGX,3792.79
12264,2026-01-01,Uganda,Kiryandongo (refugee settlement),UGX,3562.14
12265,2026-02-01,Uganda,Kiryandongo (refugee settlement),UGX,3568.23
12266,2026-03-01,Uganda,Kiryandongo (refugee settlement),UGX,3728.7
12267,2026-04-01,Uganda,Kiryandongo (refugee settlement),UGX,3792.79
12268,2026-01-01,Uganda,Kotido,UGX,3562.14
12269,2026-02-01,Uganda,Kotido,UGX,3568.23
12270,2026-03-01,Uganda,Kotido,UGX,3728.7
12271,2026-04-01,Uganda,Kotido,UGX,3792.79
12272,2026-01-01,Uganda,Kyaka II (refugee settlement),UGX,3562.14
12273,2026-02-01,Uganda,Kyaka II (refugee settlement),UGX,3568.23
12274,2026-03-01,Uganda,Kyaka II (refugee settlement),UGX,3728.7
12275,2026-04-01,Uganda,Kyaka II (refugee settlement),UGX,3792.79
12276,2026-01-01,Uganda,Kyangwali (refugee settlement),UGX,3562.14
12277,2026-02-01,Uganda,Kyangwali (refugee settlement),UGX,3568.23
12278,2026-03-01,Uganda,Kyangwali (refugee settlement),UGX,3728.7
12279,2026-04-01,Uganda,Kyangwali (refugee settlement),UGX,3792.79
12280,2026-01-01,Uganda,Lira,UGX,3562.14
12281,2026-02-01,Uganda,Lira,UGX,3568.23
12282,2026-03-01,Uganda,Lira,UGX,3728.7
12283,2026-04-01,Uganda,Lira,UGX,3792.79
12284,2026-01-01,Uganda,Lobule (refugee settlement),UGX,3562.14
12285,2026-02-01,Uganda,Lobule (refugee settlement),UGX,3568.23
12286,2026-03-01,Uganda,Lobule (refugee settlement),UGX,3728.7
12287,2026-04-01,Uganda,Lobule (refugee settlement),UGX,3792.79
12288,2026-01-01,Uganda,Makaratin,UGX,3562.14
12289,2026-02-01,Uganda,Makaratin,UGX,3568.23
12290,2026-03-01,Uganda,Makaratin,UGX,3728.7
12291,2026-04-01,Uganda,Makaratin,UGX,3792.79
12292,2026-01-01,Uganda,Masaka,UGX,3562.14
12293,2026-02-01,Uganda,Masaka,UGX,3568.23
12294,2026-03-01,Uganda,Masaka,UGX,3728.7
12295,2026-04-01,Uganda,Masaka,UGX,3792.79
12296,2026-01-01,Uganda,Masindi,UGX,3562.14
12297,2026-02-01,Uganda,Masindi,UGX,3568.23
12298,2026-03-01,Uganda,Masindi,UGX,3728.7
12299,2026-04-01,Uganda,Masindi,UGX,3792.79
12300,2026-01-01,Uganda,Mbale,UGX,3562.14
12301,2026-02-01,Uganda,Mbale,UGX,3568.23
12302,2026-03-01,Uganda,Mbale,UGX,3728.7
12303,2026-04-01,Uganda,Mbale,UGX,3792.79
12304,2026-01-01,Uganda,Mbarara,UGX,3562.14
12305,2026-02-01,Uganda,Mbarara,UGX,3568.23
12306,2026-03-01,Uganda,Mbarara,UGX,3728.7
12307,2026-04-01,Uganda,Mbarara,UGX,3792.79
12308,2026-01-01,Uganda,Moroto,UGX,3562.14
12309,2026-02-01,Uganda,Moroto,UGX,3568.23
12310,2026-03-01,Uganda,Moroto,UGX,3728.7
12311,2026-04-01,Uganda,Moroto,UGX,3792.79
12312,2026-01-01,Uganda,Mukono,UGX,3562.14
12313,2026-02-01,Uganda,Mukono,UGX,3568.23
12314,2026-03-01,Uganda,Mukono,UGX,3728.7
12315,2026-04-01,Uganda,Mukono,UGX,3792.79
12316,2026-01-01,Uganda,Nabilatuk,UGX,3562.14
12317,2026-02-01,Uganda,Nabilatuk,UGX,3568.23
12318,2026-03-01,Uganda,Nabilatuk,UGX,3728.7
12319,2026-04-01,Uganda,Nabilatuk,UGX,3792.79
12320,2026-01-01,Uganda,Nakivale (refugee settlement),UGX,3562.14
12321,2026-02-01,Uganda,Nakivale (refugee settlement),UGX,3568.23
12322,2026-03-01,Uganda,Nakivale (refugee settlement),UGX,3728.7
12323,2026-04-01,Uganda,Nakivale (refugee settlement),UGX,3792.79
12324,2026-01-01,Uganda,Namalu,UGX,3562.14
12325,2026-02-01,Uganda,Namalu,UGX,3568.23
12326,2026-03-01,Uganda,Namalu,UGX,3728.7
12327,2026-04-01,Uganda,Namalu,UGX,3792.79
12328,2026-01-01,Uganda,Napak,UGX,3562.14
12329,2026-02-01,Uganda,Napak,UGX,3568.23
12330,2026-03-01,Uganda,Napak,UGX,3728.7
12331,2026-04-01,Uganda,Napak,UGX,3792.79
12332,2026-01-01,Uganda,Oruchinga (refugee settlement),UGX,3562.14
12333,2026-02-01,Uganda,Oruchinga (refugee settlement),UGX,3568.23
12334,2026-03-01,Uganda,Oruchinga (refugee settlement),UGX,3728.7
12335,2026-04-01,Uganda,Oruchinga (refugee settlement),UGX,3792.79
12336,2026-01-01,Uganda,Owino,UGX,3562.14
12337,2026-02-01,Uganda,Owino,UGX,3568.23
12338,2026-03-01,Uganda,Owino,UGX,3728.7
12339,2026-04-01,Uganda,Owino,UGX,3792.79
12340,2026-01-01,Uganda,Palabek (refugee settlement),UGX,3562.14
12341,2026-02-01,Uganda,Palabek (refugee settlement),UGX,3568.23
12342,2026-03-01,Uganda,Palabek (refugee settlement),UGX,3728.7
12343,2026-04-01,Uganda,Palabek (refugee settlement),UGX,3792.79
12344,2026-01-01,Uganda,Palorinya (refugee settlement),UGX,3562.14
12345,2026-02-01,Uganda,Palorinya (refugee settlement),UGX,3568.23
12346,2026-03-01,Uganda,Palorinya (refugee settlement),UGX,3728.7
12347,2026-04-01,Uganda,Palorinya (refugee settlement),UGX,3792.79
12348,2026-01-01,Uganda,Rhino Camp (refugee settlement),UGX,3562.14
12349,2026-02-01,Uganda,Rhino Camp (refugee settlement),UGX,3568.23
12350,2026-03-01,Uganda,Rhino Camp (refugee settlement),UGX,3728.7
12351,2026-04-01,Uganda,Rhino Camp (refugee settlement),UGX,3792.79
12352,2026-01-01,Uganda,Rwamwanja (refugee settlement),UGX,3562.14
12353,2026-02-01,Uganda,Rwamwanja (refugee settlement),UGX,3568.23
12354,2026-03-01,Uganda,Rwamwanja (refugee settlement),UGX,3728.7
12355,2026-04-01,Uganda,Rwamwanja (refugee settlement),UGX,3792.79
12356,2026-01-01,Uganda,Soroti,UGX,3562.14
12357,2026-02-01,Uganda,Soroti,UGX,3568.23
12358,2026-03-01,Uganda,Soroti,UGX,3728.7
12359,2026-04-01,Uganda,Soroti,UGX,3792.79
12360,2026-01-01,Uganda,Tororo,UGX,3562.14
12361,2026-02-01,Uganda,Tororo,UGX,3568.23
12362,2026-03-01,Uganda,Tororo,UGX,3728.7
12363,2026-04-01,Uganda,Tororo,UGX,3792.79
12364,2026-01-01,Uganda,Wakiso,UGX,3562.14
12365,2026-02-01,Uganda,Wakiso,UGX,3568.23
12366,2026-03-01,Uganda,Wakiso,UGX,3728.7
12367,2026-04-01,Uganda,Wakiso,UGX,3792.79
12368,2026-01-01,Uganda,Market Average,UGX,3562.14
12369,2026-02-01,Uganda,Market Average,UGX,3568.23
12370,2026-03-01,Uganda,Market Average,UGX,3728.7
12371,2026-04-01,Uganda,Market Average,UGX,3792.79
12382,2026-02-01,"Yemen, Rep.",Al Ghaidha,YER,1558.0
12403,2026-02-01,"Yemen, Rep.",Central Ataq - Al Nasib neighbour - Darhim,YER,1558.0
12421,2026-02-01,"Yemen, Rep.",Marib City - Al mujmaa,YER,1561.0
12436,2026-02-01,"Yemen, Rep.",Soqatra (Hudaibo),YER,1559.0
12439,2026-02-01,"Yemen, Rep.",Taiz City,YER,1548.75
